--------- beginning of system
10-04 02:20:26.625  1928  3226 I ActivityManager: Killing 2959:com.android.contacts/u0a97 (adj 985): empty #17
--------- beginning of main
10-04 02:20:26.644  3227  3227 I Choreographer: Skipped 1531 frames!  The application may be doing too much work on its main thread.
10-04 02:20:27.341  1686  1686 I Zygote  : Process 2959 exited due to signal 9 (Killed)
10-04 02:20:27.371  3227  3238 I ndroid.systemu: Background young concurrent copying GC freed 10691(1302KB) AllocSpace objects, 27(540KB) LOS objects, 30% free, 4595KB/6570KB, paused 87us total 322.242ms
10-04 02:20:27.380  1928  1956 I libprocessgroup: Successfully killed process cgroup uid 10097 pid 2959 in 702ms
10-04 02:20:27.657  3227  3227 D StatusBar: disable<e i a s b h r c s > disable2<q i n >
10-04 02:20:28.069  3227  3285 I OpenGLRenderer: Davey! duration=26952ms; Flags=0, IntendedVsync=345577035318, Vsync=371093700964, OldestInputEvent=9223372036854775807, NewestInputEvent=0, HandleInputStart=371107783854, AnimationStart=371107830338, PerformTraversalsStart=371158152908, DrawStart=371975224912, SyncQueued=372008483422, SyncStart=372011412188, IssueDrawCommandsStart=372026796041, SwapBuffers=372525384349, FrameCompleted=372532644570, DequeueBufferDuration=576000, QueueBufferDuration=2625000, 
10-04 02:20:28.444  3227  3227 D KeyguardClockSwitch: Updating clock: 220
10-04 02:20:28.464  3227  3227 I Choreographer: Skipped 106 frames!  The application may be doing too much work on its main thread.
10-04 02:20:28.552  3227  3285 I OpenGLRenderer: Davey! duration=1853ms; Flags=0, IntendedVsync=371160204278, Vsync=372926870874, OldestInputEvent=9223372036854775807, NewestInputEvent=0, HandleInputStart=372928091347, AnimationStart=372928168694, PerformTraversalsStart=372937348909, DrawStart=372999529242, SyncQueued=373001954273, SyncStart=373003456858, IssueDrawCommandsStart=373004908124, SwapBuffers=373012887640, FrameCompleted=373015692794, DequeueBufferDuration=733000, QueueBufferDuration=1408000, 
10-04 02:20:28.581  1568  1568 I hwservicemanager: getTransport: Cannot find entry android.hardware.graphics.allocator@3.0::IAllocator/default in either framework or device manifest.
10-04 02:20:28.582  3227  3227 W Gralloc3: allocator 3.x is not supported
10-04 02:20:28.591  1709  1763 D gralloc_ranchu: gralloc_alloc: Creating ashmem region of size 4096
10-04 02:20:28.599  3227  3365 D HostConnection: HostConnection::get() New Host Connection established 0x7c94ce6502c0, tid 3365
10-04 02:20:28.605  3227  3365 D HostConnection: HostComposition ext ANDROID_EMU_CHECKSUM_HELPER_v1 ANDROID_EMU_native_sync_v2 ANDROID_EMU_dma_v1 ANDROID_EMU_direct_mem ANDROID_EMU_host_composition_v1 ANDROID_EMU_host_composition_v2 ANDROID_EMU_sync_buffer_data ANDROID_EMU_hwc_color_transform GL_OES_EGL_image_external_essl3 GL_OES_vertex_array_object GL_KHR_texture_compression_astc_ldr ANDROID_EMU_host_side_tracing ANDROID_EMU_gles_max_version_3_0 
10-04 02:20:28.617  3227  3365 D EGL_emulation: eglCreateContext: 0x7c94ce650360: maj 3 min 0 rcv 3
10-04 02:20:28.619  3227  3365 D EGL_emulation: eglMakeCurrent: 0x7c94ce650360: ver 3 0 (tinfo 0x7c94ce4cf120)
10-04 02:20:28.629  3227  3227 D HostConnection: HostConnection::get() New Host Connection established 0x7c94ce6500e0, tid 3227
10-04 02:20:28.630  3227  3227 D HostConnection: HostComposition ext ANDROID_EMU_CHECKSUM_HELPER_v1 ANDROID_EMU_native_sync_v2 ANDROID_EMU_dma_v1 ANDROID_EMU_direct_mem ANDROID_EMU_host_composition_v1 ANDROID_EMU_host_composition_v2 ANDROID_EMU_sync_buffer_data ANDROID_EMU_hwc_color_transform GL_OES_EGL_image_external_essl3 GL_OES_vertex_array_object GL_KHR_texture_compression_astc_ldr ANDROID_EMU_host_side_tracing ANDROID_EMU_gles_max_version_3_0 
10-04 02:20:28.642  1709  1763 D gralloc_ranchu: gralloc_alloc: Creating ashmem region of size 4096
10-04 02:20:28.673  1709  1763 I chatty  : uid=1000(system) HwBinder:1709_2 identical 3 lines
10-04 02:20:28.677  1709  1763 D gralloc_ranchu: gralloc_alloc: Creating ashmem region of size 4096
10-04 02:20:28.681  3227  3285 D EGL_emulation: eglMakeCurrent: 0x7c951ac52de0: ver 3 0 (tinfo 0x7c94ce350220)
10-04 02:20:29.114  3227  3227 I Choreographer: Skipped 38 frames!  The application may be doing too much work on its main thread.
10-04 02:20:29.232  3227  3238 I ndroid.systemu: NativeAlloc concurrent copying GC freed 12447(780KB) AllocSpace objects, 0(0B) LOS objects, 49% free, 4760KB/9520KB, paused 90us total 575.905ms
10-04 02:20:29.279  3227  3285 D EGL_emulation: eglMakeCurrent: 0x7c951ac52de0: ver 3 0 (tinfo 0x7c94ce350220)
10-04 02:20:29.293  3227  3285 I OpenGLRenderer: Davey! duration=809ms; Flags=0, IntendedVsync=372943610072, Vsync=373576943380, OldestInputEvent=9223372036854775807, NewestInputEvent=0, HandleInputStart=373578116712, AnimationStart=373578239938, PerformTraversalsStart=373595512956, DrawStart=373719911128, SyncQueued=373740871944, SyncStart=373744782293, IssueDrawCommandsStart=373745781908, SwapBuffers=373753953152, FrameCompleted=373756595597, DequeueBufferDuration=655000, QueueBufferDuration=1334000, 
10-04 02:20:29.314  3227  3285 D EGL_emulation: eglMakeCurrent: 0x7c951ac52de0: ver 3 0 (tinfo 0x7c94ce350220)
10-04 02:20:29.428  3227  3285 D EGL_emulation: eglMakeCurrent: 0x7c951ac52de0: ver 3 0 (tinfo 0x7c94ce350220)
10-04 02:20:31.360  3368  3368 D AndroidRuntime: >>>>>> START com.android.internal.os.RuntimeInit uid 2000 <<<<<<
10-04 02:20:31.380  3368  3368 W app_process: type=1400 audit(0.0:36): avc: denied { read } for name="u:object_r:device_config_runtime_native_boot_prop:s0" dev="tmpfs" ino=6676 scontext=u:r:shell:s0 tcontext=u:object_r:device_config_runtime_native_boot_prop:s0 tclass=file permissive=0
10-04 02:20:31.393  3368  3368 E libc    : Access denied finding property "persist.device_config.runtime_native_boot.enable_apex_image"
10-04 02:20:31.394  3368  3368 I AndroidRuntime: Using default boot image
10-04 02:20:31.380  3368  3368 W app_process: type=1400 audit(0.0:37): avc: denied { read } for name="u:object_r:device_config_runtime_native_boot_prop:s0" dev="tmpfs" ino=6676 scontext=u:r:shell:s0 tcontext=u:object_r:device_config_runtime_native_boot_prop:s0 tclass=file permissive=0
10-04 02:20:31.397  3368  3368 E libc    : Access denied finding property "persist.device_config.runtime_native_boot.disable_lock_profiling"
10-04 02:20:31.397  3368  3368 I AndroidRuntime: Leaving lock profiling enabled
10-04 02:20:31.400  3368  3368 E libc    : Access denied finding property "persist.device_config.runtime_native_boot.enable_generational_cc"
10-04 02:20:31.390  3368  3368 W app_process: type=1400 audit(0.0:38): avc: denied { read } for name="u:object_r:device_config_runtime_native_boot_prop:s0" dev="tmpfs" ino=6676 scontext=u:r:shell:s0 tcontext=u:object_r:device_config_runtime_native_boot_prop:s0 tclass=file permissive=0
10-04 02:20:31.511  3368  3368 I app_process: Core platform API reporting enabled, enforcing=false
10-04 02:20:32.121  3368  3368 D ICU     : Time zone APEX file found: /apex/com.android.tzdata/etc/icu/icu_tzdata.dat
10-04 02:20:32.243  3368  3368 W app_process: Unexpected CPU variant for X86 using defaults: x86_64
10-04 02:20:32.339  3368  3368 I app_process: The ClassLoaderContext is a special shared library.
10-04 02:20:32.601  3368  3368 W app_process: JNI RegisterNativeMethods: attempt to register 0 native methods for android.media.AudioAttributes
10-04 02:20:32.768  3368  3368 D AndroidRuntime: Calling main entry com.android.commands.am.Am
10-04 02:20:32.866  1928  1942 I ActivityManager: Force stopping com.nothatcher.sproutbook appid=10116 user=0: start instr
10-04 02:20:32.869  1928  1942 I ActivityManager: Killing 3298:com.nothatcher.sproutbook/u0a116 (adj 0): stop com.nothatcher.sproutbook
10-04 02:20:32.892  1928  1942 W ActivityTaskManager: Force removing ActivityRecord{2f4e473 u0 com.nothatcher.sproutbook/.MainActivity t3 f}: app died, no saved state
10-04 02:20:32.949  1928  1942 W InputReader: Device has associated, but no associated display id.
10-04 02:20:33.099  1928  1942 I chatty  : uid=1000(system) Binder:1928_1 identical 18 lines
10-04 02:20:33.099  1928  1942 W InputReader: Device has associated, but no associated display id.
10-04 02:20:33.295  1709  1763 D gralloc_ranchu: gralloc_alloc: Creating ashmem region of size 1155072
10-04 02:20:33.407  1928  1955 W ActivityManager: Slow operation: 143ms so far, now at startProcess: asking zygote to start proc
10-04 02:20:33.358  1709  1763 I chatty  : uid=1000(system) HwBinder:1709_2 identical 1 line
10-04 02:20:33.360  1709  1763 D gralloc_ranchu: gralloc_alloc: Creating ashmem region of size 1155072
10-04 02:20:33.428  1928  1945 W system_server: Long monitor contention with owner Binder:1928_1 (1942) at boolean com.android.server.am.ActivityManagerService.startInstrumentation(android.content.ComponentName, java.lang.String, int, android.os.Bundle, android.app.IInstrumentationWatcher, android.app.IUiAutomationConnection, int, java.lang.String)(ActivityManagerService.java:15706) waiters=0 in void com.android.server.am.ActivityManagerService.dispatchUidsChanged() for 560ms
10-04 02:20:33.452  1928  1945 W Looper  : Slow dispatch took 565ms android.ui h=com.android.server.am.ActivityManagerService$UiHandler c=null m=53
10-04 02:20:33.457  1928  1945 W Looper  : Slow delivery took 566ms android.ui h=com.android.server.am.ActivityManagerService$UiHandler c=null m=32
10-04 02:20:33.505  2288  2544 D EGL_emulation: eglMakeCurrent: 0x7c951c84b440: ver 3 0 (tinfo 0x7c951c8189e0)
10-04 02:20:33.567  1928  1947 W ActivityManager: setHasOverlayUi called on unknown pid: 3298
10-04 02:20:33.607  1928  1956 I libprocessgroup: Successfully killed process cgroup uid 10116 pid 3298 in 718ms
10-04 02:20:33.690  1928  1945 W Looper  : Drained
10-04 02:20:34.161  1686  1686 D Zygote  : Forked child process 3380
10-04 02:20:34.161  1686  1686 I Zygote  : Process 3298 exited due to signal 9 (Killed)
10-04 02:20:34.227  1928  1955 W ActivityManager: Slow operation: 964ms so far, now at startProcess: returned from zygote!
10-04 02:20:34.228  1928  1955 W ActivityManager: Slow operation: 964ms so far, now at startProcess: done updating battery stats
10-04 02:20:34.228  1928  1955 W ActivityManager: Slow operation: 964ms so far, now at startProcess: building log message
10-04 02:20:34.228  1928  1955 I ActivityManager: Start proc 3380:com.nothatcher.sproutbook/u0a116 for added application com.nothatcher.sproutbook
10-04 02:20:34.228  1928  1955 W ActivityManager: Slow operation: 965ms so far, now at startProcess: starting to update pids map
10-04 02:20:34.229  1928  1955 W ActivityManager: Slow operation: 965ms so far, now at startProcess: done updating pids map
10-04 02:20:34.268  3380  3380 I cher.sproutboo: Late-enabling -Xcheck:jni
10-04 02:20:34.408  3380  3380 E cher.sproutboo: Unknown bits set in runtime_flags: 0x8000
10-04 02:20:34.412  3380  3380 W cher.sproutboo: Unexpected CPU variant for X86 using defaults: x86_64
10-04 02:20:34.723  1809  1809 W livelock: sample 2.541s
10-04 02:20:34.733  3380  3380 W ActivityThread: Package uses different ABI(s) than its instrumentation: package[com.nothatcher.sproutbook]: x86_64, null instrumentation[com.nothatcher.sproutbook.test]: null, null
10-04 02:20:36.809  1928  2453 E TaskPersister: File error accessing recents directory (directory doesn't exist?).
10-04 02:20:45.847  1756  1756 E wifi_forwarder: RemoteConnection failed to initialize: RemoteConnection failed to open pipe
10-04 02:20:47.297  1741  1741 E netmgr  : Failed to open QEMU pipe 'qemud:network': Invalid argument
10-04 02:20:47.530  3380  3380 W cher.sproutboo: Accessing hidden method Landroid/app/Instrumentation;->execStartActivity(Landroid/content/Context;Landroid/os/IBinder;Landroid/os/IBinder;Landroid/app/Activity;Landroid/content/Intent;ILandroid/os/Bundle;)Landroid/app/Instrumentation$ActivityResult; (greylist, linking, allowed)
10-04 02:20:47.531  3380  3380 W cher.sproutboo: Accessing hidden method Landroid/app/Instrumentation;->execStartActivity(Landroid/content/Context;Landroid/os/IBinder;Landroid/os/IBinder;Ljava/lang/String;Landroid/content/Intent;ILandroid/os/Bundle;)Landroid/app/Instrumentation$ActivityResult; (greylist, linking, allowed)
10-04 02:20:47.599  3380  3380 I AndroidJUnitRunner: newApplication com.nothatcher.sproutbook.BabyForgeApp
10-04 02:20:47.814  3380  3380 D WM-WrkMgrInitializer: Initializing WorkManager with default configuration.
10-04 02:20:48.847  3380  3380 W cher.sproutboo: Verification of boolean kotlin.coroutines.CombinedContext.equals(java.lang.Object) took 121.254ms
10-04 02:20:48.925  3380  3380 D WM-PackageManagerHelper: Skipping component enablement for androidx.work.impl.background.systemjob.SystemJobService
10-04 02:20:48.926  3380  3380 D WM-Schedulers: Created SystemJobScheduler and enabled SystemJobService
10-04 02:20:49.404  3380  3398 D WM-ForceStopRunnable: The default process name was not specified.
10-04 02:20:49.418  3380  3398 D WM-ForceStopRunnable: Performing cleanup operations.
10-04 02:20:49.922  3380  3380 I AndroidJUnitRunner: onCreate Bundle[mParcelledData.dataSize=508]
10-04 02:20:49.952  1928  1953 E memtrack: Couldn't load memtrack module
10-04 02:20:49.952  1928  1953 W android.os.Debug: failed to get memory consumption info: -1
10-04 02:20:49.964  3380  3380 D AndroidJUnitRunner: Use the raw file system for managing file I/O.
10-04 02:20:50.117  3380  3380 V TestEventClient: No service name argument was given (testDiscoveryService, testRunEventService or orchestratorService)
10-04 02:20:50.127  3380  3400 D AndroidJUnitRunner: onStart is called.
10-04 02:20:50.130  3380  3380 I Choreographer: Skipped 137 frames!  The application may be doing too much work on its main thread.
10-04 02:20:50.543  3380  3400 I TestRunner: run started: 16 tests
10-04 02:20:50.561  3380  3400 I TestRunner: started: grandparentCanReadPhotoAndLongStoryAndUseAccessibleOpenWithoutMutation(com.nothatcher.sproutbook.MemoryLeafFlowTest)
10-04 02:20:51.182  3380  3400 W FileTestStorage: Output properties is not supported.
10-04 02:20:51.186  3380  3400 W cher.sproutboo: Accessing hidden method Landroid/os/Trace;->setAppTracingAllowed(Z)V (greylist, reflection, allowed)
10-04 02:20:51.187  3380  3400 I Tracing : Tracer added: class androidx.test.platform.tracing.AndroidXTracer
10-04 02:20:51.257  3380  3398 D WM-PackageManagerHelper: Skipping component enablement for androidx.work.impl.background.systemalarm.RescheduleReceiver
10-04 02:20:51.285  3380  3380 D EventInjectionStrategy: Creating injection strategy with input manager.
10-04 02:20:51.287  3380  3380 W cher.sproutboo: Accessing hidden method Landroid/hardware/input/InputManager;->getInstance()Landroid/hardware/input/InputManager; (greylist, reflection, allowed)
10-04 02:20:51.288  3380  3380 W cher.sproutboo: Accessing hidden method Landroid/hardware/input/InputManager;->injectInputEvent(Landroid/view/InputEvent;I)Z (greylist, reflection, allowed)
10-04 02:20:51.288  3380  3380 W cher.sproutboo: Accessing hidden field Landroid/hardware/input/InputManager;->INJECT_INPUT_EVENT_MODE_WAIT_FOR_FINISH:I (greylist, reflection, allowed)
10-04 02:20:51.373  3380  3380 W cher.sproutboo: Accessing hidden method Landroid/os/MessageQueue;->next()Landroid/os/Message; (greylist, reflection, allowed)
10-04 02:20:51.373  3380  3380 W cher.sproutboo: Accessing hidden field Landroid/os/MessageQueue;->mMessages:Landroid/os/Message; (greylist, reflection, allowed)
10-04 02:20:51.377  3380  3380 W cher.sproutboo: Accessing hidden method Landroid/os/Message;->recycleUnchecked()V (greylist, reflection, allowed)
10-04 02:20:51.384  3380  3400 D IdlingRegistry: Registering idling resources: [androidx.compose.ui.test.EspressoLink@6bb0cdb]
10-04 02:20:51.517  3380  3400 W Settings: Setting always_finish_activities has moved from android.provider.Settings.System to android.provider.Settings.Global, returning read-only value.
10-04 02:20:51.545  1928  3226 I ActivityTaskManager: START u0 {act=android.intent.action.MAIN cat=[android.intent.category.LAUNCHER] flg=0x10008000 cmp=com.nothatcher.sproutbook/.MainActivity} from uid 10116
10-04 02:20:51.666  1928  2193 W InputReader: Device has associated, but no associated display id.
10-04 02:20:51.668  1928  2193 I chatty  : uid=1000(system) Binder:1928_5 identical 18 lines
10-04 02:20:51.668  1928  2193 W InputReader: Device has associated, but no associated display id.
10-04 02:20:51.672  3380  3380 W ActivityThread: handleWindowVisibility: no activity for token android.os.BinderProxy@da412b6
10-04 02:20:51.678  1928  2193 W InputReader: Device has associated, but no associated display id.
10-04 02:20:51.703  1928  2193 I chatty  : uid=1000(system) Binder:1928_5 identical 18 lines
10-04 02:20:51.703  1928  2193 W InputReader: Device has associated, but no associated display id.
10-04 02:20:51.797  1709  1763 D gralloc_ranchu: gralloc_alloc: Creating ashmem region of size 1155072
10-04 02:20:51.873  3380  3380 W cher.sproutboo: Long monitor contention with owner Binder:3380_2 (3395) at boolean android.os.MessageQueue.enqueueMessage(android.os.Message, long)(MessageQueue.java:556) waiters=0 in android.os.Message android.os.MessageQueue.next() for 170ms
10-04 02:20:51.958  1928  1948 W InputReader: Device has associated, but no associated display id.
10-04 02:20:51.958  1928  1948 I chatty  : uid=1000(system) android.anim identical 8 lines
10-04 02:20:51.958  1928  1948 W InputReader: Device has associated, but no associated display id.
10-04 02:20:51.961  1734  1850 E SurfaceFlinger: ro.sf.lcd_density must be defined as a build property
10-04 02:20:51.968  1734  1850 E SurfaceFlinger: ro.sf.lcd_density must be defined as a build property
10-04 02:20:52.002  1928  3163 W system_server: Long monitor contention with owner android.anim (1948) at void com.android.server.wm.WindowSurfacePlacer.lambda$new$0$WindowSurfacePlacer()(WindowSurfacePlacer.java:61) waiters=1 in float com.android.server.wm.WindowManagerService.getCurrentAnimatorScale() for 105ms
10-04 02:20:52.035  1928  1947 W system_server: Long monitor contention with owner android.anim (1948) at void com.android.server.wm.WindowSurfacePlacer.lambda$new$0$WindowSurfacePlacer()(WindowSurfacePlacer.java:61) waiters=2 in void com.android.server.wm.WindowManagerService$H.handleMessage(android.os.Message) for 130ms
10-04 02:20:52.162  3380  3405 D libEGL  : Emulator has host GPU support, qemu.gles is set to 1.
10-04 02:20:52.170  3380  3405 W libc    : Unable to set property "qemu.gles" to "1": connection failed; errno=13 (Permission denied)
10-04 02:20:52.287  2288  2544 D EGL_emulation: eglMakeCurrent: 0x7c951c84b440: ver 3 0 (tinfo 0x7c951c8189e0)
10-04 02:20:52.443  3380  3405 D libEGL  : loaded /vendor/lib64/egl/libEGL_emulation.so
10-04 02:20:52.480  3380  3380 D LifecycleMonitor: Lifecycle status change: com.nothatcher.sproutbook.MainActivity@caec28e in: PRE_ON_CREATE
10-04 02:20:52.483  3380  3380 V ActivityScenario: Activity lifecycle changed event received but ignored because the reported transition was not ON_CREATE while the last known transition was PRE_ON_CREATE
10-04 02:20:52.497  1928  1953 E memtrack: Couldn't load memtrack module
10-04 02:20:52.497  1928  1953 W android.os.Debug: failed to get memory consumption info: -1
10-04 02:20:52.532  3380  3405 D libEGL  : loaded /vendor/lib64/egl/libGLESv1_CM_emulation.so
10-04 02:20:52.150  3380  3380 W RenderThread: type=1400 audit(0.0:39): avc: denied { write } for name="property_service" dev="tmpfs" ino=6770 scontext=u:r:untrusted_app:s0:c116,c256,c512,c768 tcontext=u:object_r:property_socket:s0 tclass=sock_file permissive=0 app=com.nothatcher.sproutbook
10-04 02:20:52.609  3380  3405 D libEGL  : loaded /vendor/lib64/egl/libGLESv2_emulation.so
10-04 02:20:52.760  3380  3380 D LifecycleMonitor: Lifecycle status change: com.nothatcher.sproutbook.MainActivity@caec28e in: CREATED
10-04 02:20:52.761  3380  3380 V ActivityScenario: Update currentActivityStage to CREATED, currentActivity=com.nothatcher.sproutbook.MainActivity@caec28e
10-04 02:20:52.778  3380  3380 D LifecycleMonitor: Lifecycle status change: com.nothatcher.sproutbook.MainActivity@caec28e in: STARTED
10-04 02:20:52.779  3380  3380 V ActivityScenario: Update currentActivityStage to STARTED, currentActivity=com.nothatcher.sproutbook.MainActivity@caec28e
10-04 02:20:52.803  3380  3380 D LifecycleMonitor: Lifecycle status change: com.nothatcher.sproutbook.MainActivity@caec28e in: RESUMED
10-04 02:20:52.807  3380  3380 V ActivityScenario: Update currentActivityStage to RESUMED, currentActivity=com.nothatcher.sproutbook.MainActivity@caec28e
10-04 02:20:55.298  1928  1947 W system_server: Long monitor contention with owner LazyTaskWriterThread (2453) at void com.android.server.wm.TaskPersister.writeTaskIdsFiles()(TaskPersister.java:450) waiters=0 in void com.android.server.wm.ActivityStack$ActivityStackHandler.handleMessage(android.os.Message) for 127ms
10-04 02:20:56.913  3380  3380 W cher.sproutboo: Accessing hidden method Landroid/view/View;->getViewRootImpl()Landroid/view/ViewRootImpl; (greylist, reflection, allowed)
10-04 02:20:56.918  3380  3380 W cher.sproutboo: Accessing hidden field Landroid/view/View$AttachInfo;->mVisibleInsets:Landroid/graphics/Rect; (greylist, reflection, allowed)
10-04 02:20:56.918  3380  3380 W cher.sproutboo: Accessing hidden field Landroid/view/ViewRootImpl;->mAttachInfo:Landroid/view/View$AttachInfo; (greylist, reflection, allowed)
10-04 02:20:57.217  3380  3407 W cher.sproutboo: Verification of void kotlin.io.FilesKt__FileReadWriteKt.forEachLine(java.io.File, java.nio.charset.Charset, kotlin.jvm.functions.Function1) took 104.461ms
10-04 02:20:57.231  1928  2453 E TaskPersister: File error accessing recents directory (directory doesn't exist?).
10-04 02:20:57.377  3380  3407 W cher.sproutboo: Verification of boolean kotlin.io.FilesKt__UtilsKt.deleteRecursively(java.io.File) took 150.446ms
10-04 02:20:57.687  3380  3407 W cher.sproutboo: Verification of void androidx.datastore.core.DataStoreImpl$InitDataStore$doRun$initData$1.<init>(androidx.datastore.core.DataStoreImpl, androidx.datastore.core.DataStoreImpl$InitDataStore, kotlin.coroutines.Continuation) took 100.297ms
10-04 02:20:59.889  3380  3402 D HostConnection: HostConnection::get() New Host Connection established 0x7c951abcc3e0, tid 3402
10-04 02:20:59.899  3380  3402 D HostConnection: HostComposition ext ANDROID_EMU_CHECKSUM_HELPER_v1 ANDROID_EMU_native_sync_v2 ANDROID_EMU_dma_v1 ANDROID_EMU_direct_mem ANDROID_EMU_host_composition_v1 ANDROID_EMU_host_composition_v2 ANDROID_EMU_sync_buffer_data ANDROID_EMU_hwc_color_transform GL_OES_EGL_image_external_essl3 GL_OES_vertex_array_object GL_KHR_texture_compression_astc_ldr ANDROID_EMU_host_side_tracing ANDROID_EMU_gles_max_version_3_0 
10-04 02:20:59.920  3380  3402 D EGL_emulation: eglCreateContext: 0x7c94d1a0df00: maj 3 min 0 rcv 3
10-04 02:20:59.923  3380  3402 D EGL_emulation: eglMakeCurrent: 0x7c94d1a0df00: ver 3 0 (tinfo 0x7c951ab59560)
10-04 02:21:00.028  1709  1763 D gralloc_ranchu: gralloc_alloc: Creating ashmem region of size 1155072
10-04 02:21:00.037  1568  1568 I hwservicemanager: getTransport: Cannot find entry android.hardware.graphics.mapper@3.0::IMapper/default in either framework or device manifest.
10-04 02:21:00.038  3380  3402 W Gralloc3: mapper 3.x is not supported
10-04 02:21:00.058  3380  3402 D HostConnection: createUnique: call
10-04 02:21:00.059  3380  3402 D HostConnection: HostConnection::get() New Host Connection established 0x7c94d1a0e040, tid 3402
10-04 02:21:00.060  3380  3402 D HostConnection: HostComposition ext ANDROID_EMU_CHECKSUM_HELPER_v1 ANDROID_EMU_native_sync_v2 ANDROID_EMU_dma_v1 ANDROID_EMU_direct_mem ANDROID_EMU_host_composition_v1 ANDROID_EMU_host_composition_v2 ANDROID_EMU_sync_buffer_data ANDROID_EMU_hwc_color_transform GL_OES_EGL_image_external_essl3 GL_OES_vertex_array_object GL_KHR_texture_compression_astc_ldr ANDROID_EMU_host_side_tracing ANDROID_EMU_gles_max_version_3_0 
10-04 02:21:00.061  3380  3402 D eglCodecCommon: allocate: Ask for block of size 0x1000
10-04 02:21:00.061  3380  3402 D eglCodecCommon: allocate: ioctl allocate returned offset 0x3ffed7000 size 0x2000
10-04 02:21:00.083  1709  1763 D gralloc_ranchu: gralloc_alloc: Creating ashmem region of size 1155072
10-04 02:21:00.087  1709  1763 D gralloc_ranchu: gralloc_alloc: Creating ashmem region of size 1155072
10-04 02:21:00.174  3227  3227 D KeyguardClockSwitch: Updating clock: 221
10-04 02:21:00.595  3380  3402 D EGL_emulation: eglMakeCurrent: 0x7c94d1a0df00: ver 3 0 (tinfo 0x7c951ab59560)
10-04 02:21:01.202  3380  3402 I OpenGLRenderer: Davey! duration=8268ms; Flags=1, IntendedVsync=397393713998, Vsync=397427047330, OldestInputEvent=9223372036854775807, NewestInputEvent=0, HandleInputStart=397429169390, AnimationStart=397429294117, PerformTraversalsStart=397429308738, DrawStart=404873031062, SyncQueued=405057931935, SyncStart=405060476862, IssueDrawCommandsStart=405061632801, SwapBuffers=405599590780, FrameCompleted=405664943963, DequeueBufferDuration=549000, QueueBufferDuration=1292000, 
10-04 02:21:01.217  3380  3380 I Choreographer: Skipped 489 frames!  The application may be doing too much work on its main thread.
10-04 02:21:01.540  3380  3407 W cher.sproutboo: Verification of java.lang.Object kotlinx.coroutines.channels.ChannelsKt.consume(kotlinx.coroutines.channels.ReceiveChannel, kotlin.jvm.functions.Function1) took 105.153ms
10-04 02:21:01.703  1928  1947 W system_server: Long monitor contention with owner android.anim (1948) at void com.android.server.wm.WindowManagerService.removeWindow(com.android.server.wm.Session, android.view.IWindow)(WindowManagerService.java:1752) waiters=1 in void com.android.server.wm.WindowManagerService$H.handleMessage(android.os.Message) for 149ms
10-04 02:21:01.679  3380  3411 W cher.sproutboo: Verification of boolean androidx.profileinstaller.ProfileInstaller.transcodeAndWrite(android.content.res.AssetManager, java.lang.String, android.content.pm.PackageInfo, java.io.File, java.lang.String, java.util.concurrent.Executor, androidx.profileinstaller.ProfileInstaller$DiagnosticsCallback) took 197.697ms
10-04 02:21:01.806  3380  3412 W cher.sproutboo: Verification of int androidx.room.util.SQLiteStatementUtil__StatementUtilKt.getColumnIndexOrThrow(androidx.sqlite.SQLiteStatement, java.lang.String) took 146.598ms
10-04 02:21:01.832  3380  3407 W cher.sproutboo: Verification of java.lang.Object kotlinx.coroutines.channels.ChannelsKt__Channels_commonKt.toList(kotlinx.coroutines.channels.ReceiveChannel, kotlin.coroutines.Continuation) took 286.703ms
10-04 02:21:01.892  3380  3411 W cher.sproutboo: Verification of void androidx.profileinstaller.ProfileInstaller.writeProfile(android.content.Context, java.util.concurrent.Executor, androidx.profileinstaller.ProfileInstaller$DiagnosticsCallback, boolean) took 169.418ms
10-04 02:21:01.949  3380  3411 D ProfileInstaller: Installing profile for com.nothatcher.sproutbook
10-04 02:21:02.201  1928  1953 I ActivityTaskManager: Displayed com.nothatcher.sproutbook/.MainActivity: +9s736ms
10-04 02:21:02.283  1928  1953 E memtrack: Couldn't load memtrack module
10-04 02:21:02.283  1928  1953 W android.os.Debug: failed to get memory consumption info: -1
10-04 02:21:02.287  3380  3390 I cher.sproutboo: NativeAlloc concurrent copying GC freed 28861(3295KB) AllocSpace objects, 0(0B) LOS objects, 49% free, 4147KB/8294KB, paused 986us total 4.006s
10-04 02:21:02.667  3380  3409 W cher.sproutboo: Accessing hidden method Lsun/misc/Unsafe;->getObject(Ljava/lang/Object;J)Ljava/lang/Object; (greylist, linking, allowed)
10-04 02:21:02.668  3380  3409 W cher.sproutboo: Accessing hidden method Lsun/misc/Unsafe;->putObject(Ljava/lang/Object;JLjava/lang/Object;)V (greylist, linking, allowed)
10-04 02:21:02.682  3380  3409 W cher.sproutboo: Accessing hidden method Lsun/misc/Unsafe;->objectFieldOffset(Ljava/lang/reflect/Field;)J (greylist,core-platform-api, linking, allowed)
10-04 02:21:02.692  3380  3409 W cher.sproutboo: Accessing hidden method Lsun/misc/Unsafe;->putInt(Ljava/lang/Object;JI)V (greylist, linking, allowed)
10-04 02:21:02.704  3380  3409 W cher.sproutboo: Accessing hidden method Lsun/misc/Unsafe;->getInt(Ljava/lang/Object;J)I (greylist, linking, allowed)
10-04 02:21:02.708  3380  3409 W cher.sproutboo: Accessing hidden method Lsun/misc/Unsafe;->getLong(Ljava/lang/Object;J)J (greylist,core-platform-api, linking, allowed)
10-04 02:21:02.741  3380  3409 W cher.sproutboo: Accessing hidden method Lsun/misc/Unsafe;->putLong(Ljava/lang/Object;JJ)V (greylist, linking, allowed)
10-04 02:21:02.751  3380  3409 W cher.sproutboo: Accessing hidden method Lsun/misc/Unsafe;->allocateInstance(Ljava/lang/Class;)Ljava/lang/Object; (greylist, linking, allowed)
10-04 02:21:02.768  3380  3409 W cher.sproutboo: Accessing hidden method Llibcore/io/Memory;->peekLong(JZ)J (greylist, reflection, allowed)
10-04 02:21:02.769  3380  3409 W cher.sproutboo: Accessing hidden method Llibcore/io/Memory;->pokeLong(JJZ)V (greylist, reflection, allowed)
10-04 02:21:02.769  3380  3409 W cher.sproutboo: Accessing hidden method Llibcore/io/Memory;->pokeInt(JIZ)V (greylist, reflection, allowed)
10-04 02:21:02.769  3380  3409 W cher.sproutboo: Accessing hidden method Llibcore/io/Memory;->peekInt(JZ)I (greylist, reflection, allowed)
10-04 02:21:02.769  3380  3409 W cher.sproutboo: Accessing hidden method Llibcore/io/Memory;->pokeByte(JB)V (greylist, reflection, allowed)
10-04 02:21:02.769  3380  3409 W cher.sproutboo: Accessing hidden method Llibcore/io/Memory;->peekByte(J)B (greylist, reflection, allowed)
10-04 02:21:02.769  3380  3409 W cher.sproutboo: Accessing hidden method Llibcore/io/Memory;->pokeByteArray(J[BII)V (greylist, reflection, allowed)
10-04 02:21:02.770  3380  3409 W cher.sproutboo: Accessing hidden method Llibcore/io/Memory;->peekByteArray(J[BII)V (greylist, reflection, allowed)
10-04 02:21:02.771  3380  3409 W cher.sproutboo: Accessing hidden method Lsun/misc/Unsafe;->arrayBaseOffset(Ljava/lang/Class;)I (greylist,core-platform-api, linking, allowed)
10-04 02:21:02.771  3380  3409 W cher.sproutboo: Accessing hidden method Lsun/misc/Unsafe;->arrayIndexScale(Ljava/lang/Class;)I (greylist, linking, allowed)
10-04 02:21:02.781  3380  3409 W cher.sproutboo: Accessing hidden method Lsun/misc/Unsafe;->getInt(Ljava/lang/Object;J)I (greylist, reflection, allowed)
10-04 02:21:02.781  3380  3409 W cher.sproutboo: Accessing hidden method Lsun/misc/Unsafe;->putInt(Ljava/lang/Object;JI)V (greylist, reflection, allowed)
10-04 02:21:02.781  3380  3409 W cher.sproutboo: Accessing hidden method Lsun/misc/Unsafe;->getLong(Ljava/lang/Object;J)J (greylist,core-platform-api, reflection, allowed)
10-04 02:21:02.782  3380  3409 W cher.sproutboo: Accessing hidden method Lsun/misc/Unsafe;->putLong(Ljava/lang/Object;JJ)V (greylist, reflection, allowed)
10-04 02:21:02.782  3380  3409 W cher.sproutboo: Accessing hidden method Lsun/misc/Unsafe;->getObject(Ljava/lang/Object;J)Ljava/lang/Object; (greylist, reflection, allowed)
10-04 02:21:02.782  3380  3409 W cher.sproutboo: Accessing hidden method Lsun/misc/Unsafe;->putObject(Ljava/lang/Object;JLjava/lang/Object;)V (greylist, reflection, allowed)
10-04 02:21:02.783  3380  3409 W cher.sproutboo: Accessing hidden field Ljava/nio/Buffer;->address:J (greylist, reflection, allowed)
10-04 02:21:02.971  3380  3409 W cher.sproutboo: Accessing hidden method Lsun/misc/Unsafe;->getObject(Ljava/lang/Object;J)Ljava/lang/Object; (greylist, linking, allowed)
10-04 02:21:02.971  3380  3409 W cher.sproutboo: Accessing hidden method Lsun/misc/Unsafe;->putInt(Ljava/lang/Object;JI)V (greylist, linking, allowed)
10-04 02:21:02.972  3380  3409 W cher.sproutboo: Accessing hidden method Lsun/misc/Unsafe;->getInt(Ljava/lang/Object;J)I (greylist, linking, allowed)
10-04 02:21:03.264  3380  3407 W cher.sproutboo: Accessing hidden method Lsun/misc/Unsafe;->putObject(Ljava/lang/Object;JLjava/lang/Object;)V (greylist, linking, allowed)
10-04 02:21:03.268  3380  3407 W cher.sproutboo: Accessing hidden method Lsun/misc/Unsafe;->putInt(Ljava/lang/Object;JI)V (greylist, linking, allowed)
10-04 02:21:03.268  3380  3407 W cher.sproutboo: Accessing hidden method Lsun/misc/Unsafe;->getInt(Ljava/lang/Object;J)I (greylist, linking, allowed)
10-04 02:21:03.290  3380  3407 W cher.sproutboo: Accessing hidden method Lsun/misc/Unsafe;->getInt(Ljava/lang/Object;J)I (greylist, linking, allowed)
10-04 02:21:03.291  3380  3407 W cher.sproutboo: Accessing hidden method Lsun/misc/Unsafe;->putInt(Ljava/lang/Object;JI)V (greylist, linking, allowed)
10-04 02:21:03.292  3380  3407 W cher.sproutboo: Accessing hidden method Lsun/misc/Unsafe;->getInt(Ljava/lang/Object;J)I (greylist, linking, allowed)
10-04 02:21:03.432  3380  3407 W cher.sproutboo: Accessing hidden method Lsun/misc/Unsafe;->getObject(Ljava/lang/Object;J)Ljava/lang/Object; (greylist, linking, allowed)
10-04 02:21:03.433  3380  3407 W cher.sproutboo: Accessing hidden method Lsun/misc/Unsafe;->putObject(Ljava/lang/Object;JLjava/lang/Object;)V (greylist, linking, allowed)
10-04 02:21:03.433  3380  3407 W cher.sproutboo: Accessing hidden method Lsun/misc/Unsafe;->putInt(Ljava/lang/Object;JI)V (greylist, linking, allowed)
10-04 02:21:03.433  3380  3407 W cher.sproutboo: Accessing hidden method Lsun/misc/Unsafe;->getInt(Ljava/lang/Object;J)I (greylist, linking, allowed)
10-04 02:21:04.784  3380  3380 I Choreographer: Skipped 47 frames!  The application may be doing too much work on its main thread.
10-04 02:21:05.261  3380  3402 I OpenGLRenderer: Davey! duration=1262ms; Flags=0, IntendedVsync=408460431242, Vsync=409243764544, OldestInputEvent=9223372036854775807, NewestInputEvent=0, HandleInputStart=409248192549, AnimationStart=409248315134, PerformTraversalsStart=409249019339, DrawStart=409250047302, SyncQueued=409308834160, SyncStart=409310609404, IssueDrawCommandsStart=409311253787, SwapBuffers=409721689525, FrameCompleted=409724997720, DequeueBufferDuration=638000, QueueBufferDuration=1529000, 
10-04 02:21:09.173  3380  3380 I Choreographer: Skipped 251 frames!  The application may be doing too much work on its main thread.
10-04 02:21:09.349  3380  3402 I OpenGLRenderer: Davey! duration=4367ms; Flags=0, IntendedVsync=409443764536, Vsync=413627097702, OldestInputEvent=9223372036854775807, NewestInputEvent=0, HandleInputStart=413637503668, AnimationStart=413637646117, PerformTraversalsStart=413638373110, DrawStart=413638944839, SyncQueued=413755940040, SyncStart=413757149803, IssueDrawCommandsStart=413757966071, SwapBuffers=413802638533, FrameCompleted=413812564672, DequeueBufferDuration=698000, QueueBufferDuration=8411000, 
10-04 02:21:09.608  3380  3407 W cher.sproutboo: Accessing hidden method Lsun/misc/Unsafe;->getObject(Ljava/lang/Object;J)Ljava/lang/Object; (greylist, linking, allowed)
10-04 02:21:09.608  3380  3407 W cher.sproutboo: Accessing hidden method Lsun/misc/Unsafe;->putObject(Ljava/lang/Object;JLjava/lang/Object;)V (greylist, linking, allowed)
10-04 02:21:09.609  3380  3407 W cher.sproutboo: Accessing hidden method Lsun/misc/Unsafe;->putInt(Ljava/lang/Object;JI)V (greylist, linking, allowed)
10-04 02:21:09.609  3380  3407 W cher.sproutboo: Accessing hidden method Lsun/misc/Unsafe;->getInt(Ljava/lang/Object;J)I (greylist, linking, allowed)
10-04 02:21:09.791  3380  3407 W cher.sproutboo: Accessing hidden method Lsun/misc/Unsafe;->putObject(Ljava/lang/Object;JLjava/lang/Object;)V (greylist, linking, allowed)
10-04 02:21:09.792  3380  3407 W cher.sproutboo: Accessing hidden method Lsun/misc/Unsafe;->putInt(Ljava/lang/Object;JI)V (greylist, linking, allowed)
10-04 02:21:09.792  3380  3407 W cher.sproutboo: Accessing hidden method Lsun/misc/Unsafe;->getInt(Ljava/lang/Object;J)I (greylist, linking, allowed)
10-04 02:21:09.862  3380  3407 W cher.sproutboo: Accessing hidden method Lsun/misc/Unsafe;->getInt(Ljava/lang/Object;J)I (greylist, linking, allowed)
10-04 02:21:09.867  3380  3407 W cher.sproutboo: Accessing hidden method Lsun/misc/Unsafe;->putInt(Ljava/lang/Object;JI)V (greylist, linking, allowed)
10-04 02:21:09.868  3380  3407 W cher.sproutboo: Accessing hidden method Lsun/misc/Unsafe;->getInt(Ljava/lang/Object;J)I (greylist, linking, allowed)
10-04 02:21:11.659  3380  3380 I Choreographer: Skipped 34 frames!  The application may be doing too much work on its main thread.
10-04 02:21:11.838  3380  3402 I OpenGLRenderer: Davey! duration=757ms; Flags=0, IntendedVsync=415543768644, Vsync=416110435288, OldestInputEvent=9223372036854775807, NewestInputEvent=0, HandleInputStart=416123444081, AnimationStart=416123609412, PerformTraversalsStart=416127756873, DrawStart=416128943570, SyncQueued=416140862845, SyncStart=416142046613, IssueDrawCommandsStart=416143150881, SwapBuffers=416290633622, FrameCompleted=416301953230, DequeueBufferDuration=9055000, QueueBufferDuration=1450000, 
10-04 02:21:15.222  3380  3390 I cher.sproutboo: Background young concurrent copying GC freed 49822(2622KB) AllocSpace objects, 1(16KB) LOS objects, 34% free, 5402KB/8294KB, paused 86us total 2.137s
10-04 02:21:16.325  3380  3380 I Choreographer: Skipped 278 frames!  The application may be doing too much work on its main thread.
10-04 02:21:16.489  3380  3402 I OpenGLRenderer: Davey! duration=4803ms; Flags=0, IntendedVsync=416143770212, Vsync=420777103360, OldestInputEvent=9223372036854775807, NewestInputEvent=0, HandleInputStart=420789371101, AnimationStart=420789479073, PerformTraversalsStart=420791296386, DrawStart=420791965777, SyncQueued=420898910265, SyncStart=420903716242, IssueDrawCommandsStart=420904484318, SwapBuffers=420928729008, FrameCompleted=420952414042, DequeueBufferDuration=13312000, QueueBufferDuration=9589000, 
10-04 02:21:19.070  3380  3380 I Choreographer: Skipped 118 frames!  The application may be doing too much work on its main thread.
10-04 02:21:19.193  3380  3402 I OpenGLRenderer: Davey! duration=2094ms; Flags=0, IntendedVsync=421560421366, Vsync=423527087954, OldestInputEvent=9223372036854775807, NewestInputEvent=0, HandleInputStart=423534476379, AnimationStart=423536480761, PerformTraversalsStart=423536532856, DrawStart=423539192715, SyncQueued=423627940019, SyncStart=423629438299, IssueDrawCommandsStart=423630157963, SwapBuffers=423650250885, FrameCompleted=423656595291, DequeueBufferDuration=637000, QueueBufferDuration=2646000, 
10-04 02:21:21.632  3380  3380 I Choreographer: Skipped 127 frames!  The application may be doing too much work on its main thread.
10-04 02:21:21.762  3380  3402 I OpenGLRenderer: Davey! duration=2247ms; Flags=0, IntendedVsync=423977056265, Vsync=426093722847, OldestInputEvent=9223372036854775807, NewestInputEvent=0, HandleInputStart=426096539418, AnimationStart=426098109898, PerformTraversalsStart=426098347422, DrawStart=426098812313, SyncQueued=426191127328, SyncStart=426192260301, IssueDrawCommandsStart=426196429420, SwapBuffers=426216514057, FrameCompleted=426225360256, DequeueBufferDuration=1010000, QueueBufferDuration=7093000, 
10-04 02:21:23.815  3380  3380 I Choreographer: Skipped 116 frames!  The application may be doing too much work on its main thread.
10-04 02:21:23.961  3380  3402 I OpenGLRenderer: Davey! duration=2079ms; Flags=0, IntendedVsync=426343723846, Vsync=428277057102, OldestInputEvent=9223372036854775807, NewestInputEvent=0, HandleInputStart=428278809311, AnimationStart=428278991811, PerformTraversalsStart=428284976026, DrawStart=428285478453, SyncQueued=428372642367, SyncStart=428373862986, IssueDrawCommandsStart=428377262379, SwapBuffers=428396843356, FrameCompleted=428424849852, DequeueBufferDuration=14891000, QueueBufferDuration=11013000, 
10-04 02:21:24.791  3380  3380 I Choreographer: Skipped 43 frames!  The application may be doing too much work on its main thread.
10-04 02:21:24.825  3380  3402 I OpenGLRenderer: Davey! duration=760ms; Flags=0, IntendedVsync=428527065238, Vsync=429243731876, OldestInputEvent=9223372036854775807, NewestInputEvent=0, HandleInputStart=429254803662, AnimationStart=429254909919, PerformTraversalsStart=429264343455, DrawStart=429264802435, SyncQueued=429266246299, SyncStart=429267472888, IssueDrawCommandsStart=429267848269, SwapBuffers=429278361923, FrameCompleted=429289072979, DequeueBufferDuration=645000, QueueBufferDuration=4786000, 
10-04 02:21:27.087  3380  3380 W cher.sproutboo: Verification of void androidx.compose.material3.internal.TextFieldImplKt.CommonDecorationBox(androidx.compose.material3.internal.TextFieldType, java.lang.String, kotlin.jvm.functions.Function2, androidx.compose.ui.text.input.VisualTransformation, kotlin.jvm.functions.Function2, kotlin.jvm.functions.Function2, kotlin.jvm.functions.Function2, kotlin.jvm.functions.Function2, kotlin.jvm.functions.Function2, kotlin.jvm.functions.Function2, kotlin.jvm.functions.Function2, boolean, boolean, boolean, androidx.compose.foundation.interaction.InteractionSource, androidx.compose.foundation.layout.PaddingValues, androidx.compose.material3.TextFieldColors, kotlin.jvm.functions.Function2, androidx.compose.runtime.Composer, int, int, int) took 130.677ms
10-04 02:21:30.028  3380  3380 I Choreographer: Skipped 272 frames!  The application may be doing too much work on its main thread.
10-04 02:21:31.362  3380  3402 I OpenGLRenderer: Davey! duration=5876ms; Flags=0, IntendedVsync=429943731303, Vsync=434477064455, OldestInputEvent=9223372036854775807, NewestInputEvent=0, HandleInputStart=434492479129, AnimationStart=434492600220, PerformTraversalsStart=434495901546, DrawStart=434496380553, SyncQueued=434761973241, SyncStart=434767190651, IssueDrawCommandsStart=434768209206, SwapBuffers=435818557822, FrameCompleted=435825867216, DequeueBufferDuration=4225000, QueueBufferDuration=2168000, 
10-04 02:21:31.510  3380  3380 I Choreographer: Skipped 51 frames!  The application may be doing too much work on its main thread.
10-04 02:21:31.745  3380  3402 I OpenGLRenderer: Davey! duration=1096ms; Flags=0, IntendedVsync=435110344776, Vsync=435960344742, OldestInputEvent=9223372036854775807, NewestInputEvent=0, HandleInputStart=435973829112, AnimationStart=435973949897, PerformTraversalsStart=435973964701, DrawStart=435974393749, SyncQueued=435975486742, SyncStart=435977509921, IssueDrawCommandsStart=435977901845, SwapBuffers=436205951469, FrameCompleted=436208740391, DequeueBufferDuration=576000, QueueBufferDuration=1355000, 
10-04 02:21:32.515  3380  3390 I cher.sproutboo: Background concurrent copying GC freed 75485(2765KB) AllocSpace objects, 0(0B) LOS objects, 49% free, 6290KB/12MB, paused 288us total 5.197s
10-04 02:21:32.976  1709  1763 D gralloc_ranchu: gralloc_alloc: Creating ashmem region of size 1343488
10-04 02:21:32.989  1709  1763 I chatty  : uid=1000(system) HwBinder:1709_2 identical 1 line
10-04 02:21:32.991  1709  1763 D gralloc_ranchu: gralloc_alloc: Creating ashmem region of size 1343488
10-04 02:21:33.196  3380  3402 D EGL_emulation: eglMakeCurrent: 0x7c94d1a0df00: ver 3 0 (tinfo 0x7c951ab59560)
10-04 02:21:33.531  3380  3380 I Choreographer: Skipped 80 frames!  The application may be doing too much work on its main thread.
10-04 02:21:34.942  1928  1928 V SettingsProvider: Notifying for 0: content://settings/secure/accessibility_enabled
10-04 02:21:35.159  1734  1849 D PermissionCache: checking android.permission.READ_FRAME_BUFFER for uid=2000 => granted (3239 us)
10-04 02:21:35.160  1709  1763 D gralloc_ranchu: gralloc_alloc: Creating ashmem region of size 1155072
10-04 02:21:35.234  1568  1568 I hwservicemanager: getTransport: Cannot find entry android.hardware.graphics.mapper@3.0::IMapper/default in either framework or device manifest.
10-04 02:21:35.235  3368  3378 W Gralloc3: mapper 3.x is not supported
10-04 02:21:35.342  3368  3378 D HostConnection: createUnique: call
10-04 02:21:35.344  3368  3378 D HostConnection: HostConnection::get() New Host Connection established 0x754efb8743c0, tid 3378
10-04 02:21:35.358  3368  3378 D HostConnection: HostComposition ext ANDROID_EMU_CHECKSUM_HELPER_v1 ANDROID_EMU_native_sync_v2 ANDROID_EMU_dma_v1 ANDROID_EMU_direct_mem ANDROID_EMU_host_composition_v1 ANDROID_EMU_host_composition_v2 ANDROID_EMU_sync_buffer_data ANDROID_EMU_hwc_color_transform GL_OES_EGL_image_external_essl3 GL_OES_vertex_array_object GL_KHR_texture_compression_astc_ldr ANDROID_EMU_host_side_tracing ANDROID_EMU_gles_max_version_3_0 
10-04 02:21:35.360  3368  3378 D eglCodecCommon: allocate: Ask for block of size 0x1000
10-04 02:21:35.360  3368  3378 D eglCodecCommon: allocate: ioctl allocate returned offset 0x3ffed5000 size 0x2000
10-04 02:21:35.393  1734  1849 E SurfaceFlinger: ro.sf.lcd_density must be defined as a build property
10-04 02:21:35.395  1734  1849 E SurfaceFlinger: ro.sf.lcd_density must be defined as a build property
10-04 02:21:35.412  3368  3419 D libEGL  : Emulator has host GPU support, qemu.gles is set to 1.
10-04 02:21:35.420  3368  3419 W libc    : Unable to set property "qemu.gles" to "1": error code: 0x18
10-04 02:21:35.424  3368  3419 D libEGL  : loaded /vendor/lib64/egl/libEGL_emulation.so
10-04 02:21:35.440  3368  3419 D libEGL  : loaded /vendor/lib64/egl/libGLESv1_CM_emulation.so
10-04 02:21:35.457  3368  3419 D libEGL  : loaded /vendor/lib64/egl/libGLESv2_emulation.so
10-04 02:21:35.594  3368  3419 D HostConnection: HostConnection::get() New Host Connection established 0x754f8d168080, tid 3419
10-04 02:21:35.621  3368  3419 D HostConnection: HostComposition ext ANDROID_EMU_CHECKSUM_HELPER_v1 ANDROID_EMU_native_sync_v2 ANDROID_EMU_dma_v1 ANDROID_EMU_direct_mem ANDROID_EMU_host_composition_v1 ANDROID_EMU_host_composition_v2 ANDROID_EMU_sync_buffer_data ANDROID_EMU_hwc_color_transform GL_OES_EGL_image_external_essl3 GL_OES_vertex_array_object GL_KHR_texture_compression_astc_ldr ANDROID_EMU_host_side_tracing ANDROID_EMU_gles_max_version_3_0 
10-04 02:21:35.657  3368  3419 D EGL_emulation: eglCreateContext: 0x754f8d1681c0: maj 3 min 0 rcv 3
10-04 02:21:35.663  3368  3419 D EGL_emulation: eglMakeCurrent: 0x754f8d1681c0: ver 3 0 (tinfo 0x754f8d20b2c0)
10-04 02:21:37.155  3380  3380 I Choreographer: Skipped 30 frames!  The application may be doing too much work on its main thread.
10-04 02:21:37.434  1709  1763 D gralloc_ranchu: gralloc_alloc: Creating ashmem region of size 1155072
10-04 02:21:37.734  3368  3373 I app_process: NativeAlloc concurrent copying GC freed 1187(172KB) AllocSpace objects, 0(0B) LOS objects, 94% free, 90KB/1626KB, paused 12.293ms total 282.141ms
10-04 02:21:39.558  3420  3420 D AndroidRuntime: >>>>>> START com.android.internal.os.RuntimeInit uid 2000 <<<<<<
10-04 02:21:39.587  3420  3420 E libc    : Access denied finding property "persist.device_config.runtime_native_boot.enable_apex_image"
10-04 02:21:39.589  3420  3420 I AndroidRuntime: Using default boot image
10-04 02:21:39.589  3420  3420 E libc    : Access denied finding property "persist.device_config.runtime_native_boot.disable_lock_profiling"
10-04 02:21:39.593  3420  3420 I AndroidRuntime: Leaving lock profiling enabled
10-04 02:21:39.594  3420  3420 E libc    : Access denied finding property "persist.device_config.runtime_native_boot.enable_generational_cc"
10-04 02:21:39.682  3420  3420 I app_process: Core platform API reporting enabled, enforcing=false
10-04 02:21:39.570  3420  3420 W app_process: type=1400 audit(0.0:40): avc: denied { read } for name="u:object_r:device_config_runtime_native_boot_prop:s0" dev="tmpfs" ino=6676 scontext=u:r:shell:s0 tcontext=u:object_r:device_config_runtime_native_boot_prop:s0 tclass=file permissive=0
10-04 02:21:39.580  3420  3420 I chatty  : uid=2000(shell) app_process identical 1 line
10-04 02:21:39.580  3420  3420 W app_process: type=1400 audit(0.0:42): avc: denied { read } for name="u:object_r:device_config_runtime_native_boot_prop:s0" dev="tmpfs" ino=6676 scontext=u:r:shell:s0 tcontext=u:object_r:device_config_runtime_native_boot_prop:s0 tclass=file permissive=0
10-04 02:21:40.266  3420  3420 D ICU     : Time zone APEX file found: /apex/com.android.tzdata/etc/icu/icu_tzdata.dat
10-04 02:21:40.435  3420  3420 W app_process: Unexpected CPU variant for X86 using defaults: x86_64
10-04 02:21:40.509  3420  3420 I app_process: The ClassLoaderContext is a special shared library.
10-04 02:21:40.825  3420  3420 W app_process: JNI RegisterNativeMethods: attempt to register 0 native methods for android.media.AudioAttributes
10-04 02:21:40.922  3420  3420 D AndroidRuntime: Calling main entry com.android.commands.input.Input
10-04 02:21:41.118  1928  1945 D AutofillManagerService: onBackKeyPressed()
10-04 02:21:41.131  3420  3420 D AndroidRuntime: Shutting down VM
10-04 02:21:41.459  3380  3402 D EGL_emulation: eglMakeCurrent: 0x7c94d1a0df00: ver 3 0 (tinfo 0x7c951ab59560)
10-04 02:21:41.559  1928  2193 E InputDispatcher: Window handle Window{26a2aba u0 com.nothatcher.sproutbook/com.nothatcher.sproutbook.MainActivity} has no registered input channel
10-04 02:21:41.642  1928  3226 E InputDispatcher: Window handle Window{26a2aba u0 com.nothatcher.sproutbook/com.nothatcher.sproutbook.MainActivity} has no registered input channel
10-04 02:21:41.679  1928  3226 E InputDispatcher: Window handle Window{26a2aba u0 com.nothatcher.sproutbook/com.nothatcher.sproutbook.MainActivity} has no registered input channel
10-04 02:21:41.742  1928  3379 E InputDispatcher: Window handle Window{26a2aba u0 com.nothatcher.sproutbook/com.nothatcher.sproutbook.MainActivity} has no registered input channel
10-04 02:21:42.195  1928  3379 I ActivityTaskManager: START u0 {act=android.intent.action.MAIN cat=[android.intent.category.LAUNCHER] flg=0x10000000 cmp=com.nothatcher.sproutbook.test/androidx.test.core.app.InstrumentationActivityInvoker$EmptyActivity} from uid 10116
10-04 02:21:41.782  1928  3379 E InputDispatcher: Window handle Window{26a2aba u0 com.nothatcher.sproutbook/com.nothatcher.sproutbook.MainActivity} has no registered input channel
10-04 02:21:42.382  1928  1947 W system_server: Long monitor contention with owner Binder:1928_F (3379) at int com.android.server.wm.ActivityStarter.startActivityMayWait(android.app.IApplicationThread, int, java.lang.String, int, int, android.content.Intent, java.lang.String, android.service.voice.IVoiceInteractionSession, com.android.internal.app.IVoiceInteractor, android.os.IBinder, java.lang.String, int, int, android.app.ProfilerInfo, android.app.WaitResult, android.content.res.Configuration, com.android.server.wm.SafeActivityOptions, boolean, int, com.android.server.wm.TaskRecord, java.lang.String, boolean, com.android.server.am.PendingIntentRecord, boolean)(ActivityStarter.java:1217) waiters=1 in void com.android.server.wm.TaskChangeNotificationController.forAllRemoteListeners(com.android.server.wm.TaskChangeNotificationController$TaskStackConsumer, android.os.Message) for 103ms
10-04 02:21:42.395  3380  3380 D LifecycleMonitor: Lifecycle status change: com.nothatcher.sproutbook.MainActivity@caec28e in: PAUSED
10-04 02:21:42.410  3380  3380 V ActivityScenario: Update currentActivityStage to PAUSED, currentActivity=com.nothatcher.sproutbook.MainActivity@caec28e
10-04 02:21:42.428  1928  3226 W InputReader: Device has associated, but no associated display id.
10-04 02:21:42.432  1928  3226 I chatty  : uid=1000(system) Binder:1928_E identical 18 lines
10-04 02:21:42.432  1928  3226 W InputReader: Device has associated, but no associated display id.
10-04 02:21:42.442  1928  1948 E system_server: Invalid ID 0x00000000.
10-04 02:21:42.557  1928  1947 W ActivityManager: Slow operation: 62ms so far, now at startProcess: done creating new process record
10-04 02:21:42.557  1928  1947 W ActivityManager: Slow operation: 62ms so far, now at startProcess: stepping in to startProcess
10-04 02:21:42.634  1928  1955 W ActivityManager: Slow operation: 77ms so far, now at startProcess: asking zygote to start proc
10-04 02:21:42.654  1928  1947 W ActivityManager: Slow operation: 159ms so far, now at startProcess: done starting proc!
10-04 02:21:42.683  1709  1763 D gralloc_ranchu: gralloc_alloc: Creating ashmem region of size 1155072
10-04 02:21:42.944  1928  1953 E memtrack: Couldn't load memtrack module
10-04 02:21:42.944  1928  1953 W android.os.Debug: failed to get memory consumption info: -1
10-04 02:21:42.988  1686  1686 D Zygote  : Forked child process 3434
10-04 02:21:42.995  1928  1955 W ActivityManager: Slow operation: 437ms so far, now at startProcess: returned from zygote!
10-04 02:21:43.009  1928  1955 W ActivityManager: Slow operation: 451ms so far, now at startProcess: done updating battery stats
10-04 02:21:43.009  1928  1955 W ActivityManager: Slow operation: 452ms so far, now at startProcess: building log message
10-04 02:21:43.010  1928  1955 I ActivityManager: Start proc 3434:com.nothatcher.sproutbook.test/u0a117 for activity {com.nothatcher.sproutbook.test/androidx.test.core.app.InstrumentationActivityInvoker$EmptyActivity}
10-04 02:21:43.010  1928  1955 W ActivityManager: Slow operation: 452ms so far, now at startProcess: starting to update pids map
10-04 02:21:43.015  1928  1955 W ActivityManager: Slow operation: 457ms so far, now at startProcess: done updating pids map
10-04 02:21:43.124  3434  3434 I sproutbook.tes: Late-enabling -Xcheck:jni
10-04 02:21:43.265  3434  3434 E sproutbook.tes: Unknown bits set in runtime_flags: 0x8000
10-04 02:21:43.335  3434  3434 W sproutbook.tes: Unexpected CPU variant for X86 using defaults: x86_64
10-04 02:21:43.491  1928  3379 W InputReader: Device has associated, but no associated display id.
10-04 02:21:43.545  1928  3379 I chatty  : uid=1000(system) Binder:1928_F identical 28 lines
10-04 02:21:43.545  1928  3379 W InputReader: Device has associated, but no associated display id.
10-04 02:21:43.576  1928  1948 W InputReader: Device has associated, but no associated display id.
10-04 02:21:43.608  1928  3379 W ActivityManager: Slow operation: 141ms so far, now at attachApplicationLocked: after mServices.attachApplicationLocked
10-04 02:21:43.603  1928  1948 I chatty  : uid=1000(system) android.anim identical 18 lines
10-04 02:21:43.603  1928  1948 W InputReader: Device has associated, but no associated display id.
10-04 02:21:43.629  1734  1850 D PermissionCache: checking android.permission.READ_FRAME_BUFFER for uid=1000 => granted (799 us)
10-04 02:21:43.632  1709  1763 D gralloc_ranchu: gralloc_alloc: Creating ashmem region of size 1155072
10-04 02:21:44.432  1734  1850 E SurfaceFlinger: ro.sf.lcd_density must be defined as a build property
10-04 02:21:44.448  1734  1850 E SurfaceFlinger: ro.sf.lcd_density must be defined as a build property
10-04 02:21:44.491  3434  3454 D libEGL  : Emulator has host GPU support, qemu.gles is set to 1.
10-04 02:21:44.480  3434  3434 W RenderThread: type=1400 audit(0.0:43): avc: denied { write } for name="property_service" dev="tmpfs" ino=6770 scontext=u:r:untrusted_app:s0:c117,c256,c512,c768 tcontext=u:object_r:property_socket:s0 tclass=sock_file permissive=0 app=com.nothatcher.sproutbook.test
10-04 02:21:44.501  3434  3454 W libc    : Unable to set property "qemu.gles" to "1": connection failed; errno=13 (Permission denied)
10-04 02:21:44.766  3434  3454 D libEGL  : loaded /vendor/lib64/egl/libEGL_emulation.so
10-04 02:21:45.010  3434  3454 D libEGL  : loaded /vendor/lib64/egl/libGLESv1_CM_emulation.so
10-04 02:21:45.034  3434  3454 D libEGL  : loaded /vendor/lib64/egl/libGLESv2_emulation.so
10-04 02:21:45.074  3380  3380 D LifecycleMonitor: Lifecycle status change: com.nothatcher.sproutbook.MainActivity@caec28e in: STOPPED
10-04 02:21:45.075  3380  3380 V ActivityScenario: Update currentActivityStage to STOPPED, currentActivity=com.nothatcher.sproutbook.MainActivity@caec28e
10-04 02:21:45.226  3434  3452 D HostConnection: HostConnection::get() New Host Connection established 0x7c951c849500, tid 3452
10-04 02:21:45.245  3434  3452 D HostConnection: HostComposition ext ANDROID_EMU_CHECKSUM_HELPER_v1 ANDROID_EMU_native_sync_v2 ANDROID_EMU_dma_v1 ANDROID_EMU_direct_mem ANDROID_EMU_host_composition_v1 ANDROID_EMU_host_composition_v2 ANDROID_EMU_sync_buffer_data ANDROID_EMU_hwc_color_transform GL_OES_EGL_image_external_essl3 GL_OES_vertex_array_object GL_KHR_texture_compression_astc_ldr ANDROID_EMU_host_side_tracing ANDROID_EMU_gles_max_version_3_0 
10-04 02:21:45.294  3434  3452 D EGL_emulation: eglCreateContext: 0x7c951c8496e0: maj 3 min 0 rcv 3
10-04 02:21:45.303  3434  3452 D EGL_emulation: eglMakeCurrent: 0x7c951c8496e0: ver 3 0 (tinfo 0x7c951c8186c0)
10-04 02:21:45.353  1709  1763 D gralloc_ranchu: gralloc_alloc: Creating ashmem region of size 1155072
10-04 02:21:45.364  1568  1568 I hwservicemanager: getTransport: Cannot find entry android.hardware.graphics.mapper@3.0::IMapper/default in either framework or device manifest.
10-04 02:21:45.365  3434  3452 W Gralloc3: mapper 3.x is not supported
10-04 02:21:45.389  3434  3452 D HostConnection: createUnique: call
10-04 02:21:45.390  3434  3452 D HostConnection: HostConnection::get() New Host Connection established 0x7c951c849820, tid 3452
10-04 02:21:45.392  3434  3452 D HostConnection: HostComposition ext ANDROID_EMU_CHECKSUM_HELPER_v1 ANDROID_EMU_native_sync_v2 ANDROID_EMU_dma_v1 ANDROID_EMU_direct_mem ANDROID_EMU_host_composition_v1 ANDROID_EMU_host_composition_v2 ANDROID_EMU_sync_buffer_data ANDROID_EMU_hwc_color_transform GL_OES_EGL_image_external_essl3 GL_OES_vertex_array_object GL_KHR_texture_compression_astc_ldr ANDROID_EMU_host_side_tracing ANDROID_EMU_gles_max_version_3_0 
10-04 02:21:45.393  3434  3452 D eglCodecCommon: allocate: Ask for block of size 0x1000
10-04 02:21:45.394  3434  3452 D eglCodecCommon: allocate: ioctl allocate returned offset 0x3ffed3000 size 0x2000
10-04 02:21:45.429  1709  1763 D gralloc_ranchu: gralloc_alloc: Creating ashmem region of size 1155072
10-04 02:21:45.432  1709  1763 D gralloc_ranchu: gralloc_alloc: Creating ashmem region of size 1155072
10-04 02:21:45.448  3434  3452 D EGL_emulation: eglMakeCurrent: 0x7c951c8496e0: ver 3 0 (tinfo 0x7c951c8186c0)
10-04 02:21:45.688  3434  3452 I OpenGLRenderer: Davey! duration=902ms; Flags=1, IntendedVsync=449243796182, Vsync=449310462846, OldestInputEvent=9223372036854775807, NewestInputEvent=0, HandleInputStart=449318544794, AnimationStart=449318685089, PerformTraversalsStart=449318699763, DrawStart=449898249324, SyncQueued=449909161755, SyncStart=449912821222, IssueDrawCommandsStart=449914776552, SwapBuffers=450098473112, FrameCompleted=450149649602, DequeueBufferDuration=581000, QueueBufferDuration=6876000, 
10-04 02:21:45.712  3434  3434 I Choreographer: Skipped 44 frames!  The application may be doing too much work on its main thread.
10-04 02:21:45.797  1928  3226 W InputReader: Device has associated, but no associated display id.
10-04 02:21:45.798  1928  3226 I chatty  : uid=1000(system) Binder:1928_E identical 8 lines
10-04 02:21:45.798  1928  3226 W InputReader: Device has associated, but no associated display id.
10-04 02:21:45.853  1928  1942 W InputReader: Device has associated, but no associated display id.
10-04 02:21:45.853  1928  1942 I chatty  : uid=1000(system) Binder:1928_1 identical 8 lines
10-04 02:21:45.853  1928  1942 W InputReader: Device has associated, but no associated display id.
10-04 02:21:45.909  1756  1756 E wifi_forwarder: RemoteConnection failed to initialize: RemoteConnection failed to open pipe
10-04 02:21:46.302  1709  1763 D gralloc_ranchu: gralloc_alloc: Creating ashmem region of size 1155072
10-04 02:21:46.312  1709  1763 I chatty  : uid=1000(system) HwBinder:1709_2 identical 1 line
10-04 02:21:46.314  1709  1763 D gralloc_ranchu: gralloc_alloc: Creating ashmem region of size 1155072
10-04 02:21:46.460  2288  2544 D EGL_emulation: eglMakeCurrent: 0x7c951c84b440: ver 3 0 (tinfo 0x7c951c8189e0)
10-04 02:21:46.636  1928  1948 W InputReader: Device has associated, but no associated display id.
10-04 02:21:46.636  1928  1948 I chatty  : uid=1000(system) android.anim identical 8 lines
10-04 02:21:46.636  1928  1948 W InputReader: Device has associated, but no associated display id.
10-04 02:21:46.665  1709  1763 D gralloc_ranchu: gralloc_alloc: Creating ashmem region of size 1155072
10-04 02:21:46.894  1734  1965 W ServiceManager: Permission failure: android.permission.ACCESS_SURFACE_FLINGER from uid=10100 pid=2288
10-04 02:21:46.894  1734  1965 D PermissionCache: checking android.permission.ACCESS_SURFACE_FLINGER for uid=10100 => denied (5983 us)
10-04 02:21:47.332  1734  1734 E Layer   : [Surface(name=AppWindowToken{fec94c5 token=Token{9bc2f3c ActivityRecord{d6e5d2f u0 com.nothatcher.sproutbook.test/androidx.test.core.app.InstrumentationActivityInvoker$EmptyActivity t5}}})/@0xbef3ed0 - animation-leash#0] No local sync point found
10-04 02:21:47.332  1734  1734 E Layer   : [Surface(name=AppWindowToken{3573e5f token=Token{8cb76fe ActivityRecord{c86c2b9 u0 com.android.launcher3/.Launcher t2}}})/@0x96d2e61 - animation-leash#0] No local sync point found
10-04 02:21:47.344  3434  3452 D EGL_emulation: eglMakeCurrent: 0x7c951c8496e0: ver 3 0 (tinfo 0x7c951c8186c0)
10-04 02:21:47.359  1741  1741 E netmgr  : Failed to open QEMU pipe 'qemud:network': Invalid argument
10-04 02:21:47.448  1734  1734 E Layer   : [Surface(name=AppWindowToken{fec94c5 token=Token{9bc2f3c ActivityRecord{d6e5d2f u0 com.nothatcher.sproutbook.test/androidx.test.core.app.InstrumentationActivityInvoker$EmptyActivity t5}}})/@0xbef3ed0 - animation-leash#0] No local sync point found
10-04 02:21:47.448  1734  1734 E Layer   : [Surface(name=AppWindowToken{3573e5f token=Token{8cb76fe ActivityRecord{c86c2b9 u0 com.android.launcher3/.Launcher t2}}})/@0x96d2e61 - animation-leash#0] No local sync point found
10-04 02:21:48.499  1928  1948 I Choreographer: Skipped 42 frames!  The application may be doing too much work on its main thread.
10-04 02:21:48.501  1928  3226 W system_server: Long monitor contention with owner android.anim (1948) at void com.android.server.wm.InputMonitor$1.run()(InputMonitor.java:117) waiters=0 in void com.android.server.wm.ActivityTaskManagerService.activityDestroyed(android.os.IBinder) for 527ms
10-04 02:21:49.179  1928  1938 I system_server: Background young concurrent copying GC freed 41325(3084KB) AllocSpace objects, 62(2484KB) LOS objects, 36% free, 8732KB/13MB, paused 758us total 5.524s
10-04 02:21:49.445  1928  1953 I ActivityTaskManager: Displayed com.nothatcher.sproutbook.test/androidx.test.core.app.InstrumentationActivityInvoker$EmptyActivity: +3s562ms
10-04 02:21:49.557  1928  2449 D HostConnection: HostConnection::get() New Host Connection established 0x7c94be648500, tid 2449
10-04 02:21:49.590  3380  3380 D LifecycleMonitor: Lifecycle status change: com.nothatcher.sproutbook.MainActivity@caec28e in: DESTROYED
10-04 02:21:49.591  3380  3380 V ActivityScenario: Update currentActivityStage to DESTROYED, currentActivity=null
10-04 02:21:49.707  3380  3380 I Choreographer: Skipped 277 frames!  The application may be doing too much work on its main thread.
10-04 02:21:50.030  3380  3400 D IdlingRegistry: Unregistering idling resources: [androidx.compose.ui.test.EspressoLink@6bb0cdb]
10-04 02:21:50.037  3380  3400 I TestRunner: finished: grandparentCanReadPhotoAndLongStoryAndUseAccessibleOpenWithoutMutation(com.nothatcher.sproutbook.MemoryLeafFlowTest)
10-04 02:21:50.091  3380  3400 I TestRunner: started: treeOpensKeepsakeBeforeEditingAndTimelineReopensTheSavedStory(com.nothatcher.sproutbook.MemoryLeafFlowTest)
10-04 02:21:50.135  3380  3400 D IdlingRegistry: Registering idling resources: [androidx.compose.ui.test.EspressoLink@c8b3500]
10-04 02:21:50.159  3380  3400 W Settings: Setting always_finish_activities has moved from android.provider.Settings.System to android.provider.Settings.Global, returning read-only value.
10-04 02:21:50.174  3227  3238 I ndroid.systemu: NativeAlloc concurrent copying GC freed 26593(1617KB) AllocSpace objects, 0(0B) LOS objects, 49% free, 4618KB/9236KB, paused 332us total 2.550s
10-04 02:21:50.190  1928  3226 I ActivityTaskManager: START u0 {act=android.intent.action.MAIN cat=[android.intent.category.LAUNCHER] flg=0x10008000 cmp=com.nothatcher.sproutbook/.MainActivity} from uid 10116
10-04 02:21:50.325  1928  3379 W InputReader: Device has associated, but no associated display id.
10-04 02:21:50.330  1928  3379 I chatty  : uid=1000(system) Binder:1928_F identical 18 lines
10-04 02:21:50.330  1928  3379 W InputReader: Device has associated, but no associated display id.
10-04 02:21:50.334  3380  3380 W ActivityThread: handleWindowVisibility: no activity for token android.os.BinderProxy@15ca0df
10-04 02:21:50.343  1928  3379 W InputReader: Device has associated, but no associated display id.
10-04 02:21:50.349  1928  3379 I chatty  : uid=1000(system) Binder:1928_F identical 18 lines
10-04 02:21:50.349  1928  3379 W InputReader: Device has associated, but no associated display id.
10-04 02:21:50.545  1928  1947 W system_server: Long monitor contention with owner android.anim (1948) at void com.android.server.wm.WindowAnimator.animate(long)(WindowAnimator.java:141) waiters=0 in void com.android.server.wm.WindowProcessController.onTopProcChanged() for 104ms
10-04 02:21:50.609  1928  1945 W Looper  : Slow dispatch took 223ms android.ui h=com.android.server.am.ActivityManagerService$UiHandler c=null m=31
10-04 02:21:50.626  1709  1763 D gralloc_ranchu: gralloc_alloc: Creating ashmem region of size 1155072
10-04 02:21:50.665  3380  3380 D LifecycleMonitor: Lifecycle status change: com.nothatcher.sproutbook.MainActivity@cfd456 in: PRE_ON_CREATE
10-04 02:21:50.666  3380  3380 V ActivityScenario: Activity lifecycle changed event received but ignored because the reported transition was not ON_CREATE while the last known transition was PRE_ON_CREATE
10-04 02:21:50.829  1928  1948 W InputReader: Device has associated, but no associated display id.
10-04 02:21:50.830  1928  1948 I chatty  : uid=1000(system) android.anim identical 8 lines
10-04 02:21:50.830  1928  1948 W InputReader: Device has associated, but no associated display id.
10-04 02:21:50.922  3380  3380 D LifecycleMonitor: Lifecycle status change: com.nothatcher.sproutbook.MainActivity@cfd456 in: CREATED
10-04 02:21:50.923  3380  3380 V ActivityScenario: Update currentActivityStage to CREATED, currentActivity=com.nothatcher.sproutbook.MainActivity@cfd456
10-04 02:21:50.944  3380  3380 D LifecycleMonitor: Lifecycle status change: com.nothatcher.sproutbook.MainActivity@cfd456 in: STARTED
10-04 02:21:50.949  3380  3380 V ActivityScenario: Update currentActivityStage to STARTED, currentActivity=com.nothatcher.sproutbook.MainActivity@cfd456
10-04 02:21:50.953  3380  3380 D LifecycleMonitor: Lifecycle status change: com.nothatcher.sproutbook.MainActivity@cfd456 in: RESUMED
10-04 02:21:50.953  3380  3380 V ActivityScenario: Update currentActivityStage to RESUMED, currentActivity=com.nothatcher.sproutbook.MainActivity@cfd456
10-04 02:21:51.298  2288  2288 I Choreographer: Skipped 33 frames!  The application may be doing too much work on its main thread.
10-04 02:21:51.613  2288  2544 D EGL_emulation: eglMakeCurrent: 0x7c951c84b440: ver 3 0 (tinfo 0x7c951c8189e0)
10-04 02:21:52.151  1928  2449 D HostConnection: HostComposition ext ANDROID_EMU_CHECKSUM_HELPER_v1 ANDROID_EMU_native_sync_v2 ANDROID_EMU_dma_v1 ANDROID_EMU_direct_mem ANDROID_EMU_host_composition_v1 ANDROID_EMU_host_composition_v2 ANDROID_EMU_sync_buffer_data ANDROID_EMU_hwc_color_transform GL_OES_EGL_image_external_essl3 GL_OES_vertex_array_object GL_KHR_texture_compression_astc_ldr ANDROID_EMU_host_side_tracing ANDROID_EMU_gles_max_version_3_0 
10-04 02:21:52.156  1928  2449 D EGL_emulation: eglCreateContext: 0x7c94be648640: maj 3 min 0 rcv 3
10-04 02:21:52.717  1928  1947 W system_server: Long monitor contention with owner LazyTaskWriterThread (2453) at void com.android.server.wm.TaskPersister.writeTaskIdsFiles()(TaskPersister.java:450) waiters=0 in void com.android.server.wm.ActivityStack$ActivityStackHandler.handleMessage(android.os.Message) for 284ms
10-04 02:21:52.779  1709  1763 D gralloc_ranchu: gralloc_alloc: Creating ashmem region of size 1155072
10-04 02:21:52.790  1709  1763 I chatty  : uid=1000(system) HwBinder:1709_2 identical 1 line
10-04 02:21:52.809  1709  1763 D gralloc_ranchu: gralloc_alloc: Creating ashmem region of size 1155072
10-04 02:21:52.953  1928  2449 D EGL_emulation: eglMakeCurrent: 0x7c94be648640: ver 3 0 (tinfo 0x7c94ccb78da0)
10-04 02:21:53.178  3380  3402 D EGL_emulation: eglMakeCurrent: 0x7c94d1a0df00: ver 3 0 (tinfo 0x7c951ab59560)
10-04 02:21:53.225  3380  3402 I OpenGLRenderer: Davey! duration=2475ms; Flags=1, IntendedVsync=455210404124, Vsync=455560404110, OldestInputEvent=9223372036854775807, NewestInputEvent=0, HandleInputStart=455566448484, AnimationStart=455566658509, PerformTraversalsStart=455566687442, DrawStart=457538840023, SyncQueued=457640250336, SyncStart=457642110158, IssueDrawCommandsStart=457644312292, SwapBuffers=457667217598, FrameCompleted=457687974574, DequeueBufferDuration=503000, QueueBufferDuration=1320000, 
10-04 02:21:53.315  3380  3380 I Choreographer: Skipped 122 frames!  The application may be doing too much work on its main thread.
10-04 02:21:53.927  3380  3406 W cher.sproutboo: Accessing hidden method Lsun/misc/Unsafe;->getObject(Ljava/lang/Object;J)Ljava/lang/Object; (greylist, linking, allowed)
10-04 02:21:53.928  3380  3406 W cher.sproutboo: Accessing hidden method Lsun/misc/Unsafe;->putObject(Ljava/lang/Object;JLjava/lang/Object;)V (greylist, linking, allowed)
10-04 02:21:53.928  3380  3406 W cher.sproutboo: Accessing hidden method Lsun/misc/Unsafe;->putInt(Ljava/lang/Object;JI)V (greylist, linking, allowed)
10-04 02:21:53.947  3380  3406 W cher.sproutboo: Accessing hidden method Lsun/misc/Unsafe;->getInt(Ljava/lang/Object;J)I (greylist, linking, allowed)
10-04 02:21:54.062  3380  3406 W cher.sproutboo: Accessing hidden method Lsun/misc/Unsafe;->getInt(Ljava/lang/Object;J)I (greylist, linking, allowed)
10-04 02:21:54.068  3380  3406 W cher.sproutboo: Accessing hidden method Lsun/misc/Unsafe;->putInt(Ljava/lang/Object;JI)V (greylist, linking, allowed)
10-04 02:21:54.072  3380  3406 W cher.sproutboo: Accessing hidden method Lsun/misc/Unsafe;->getInt(Ljava/lang/Object;J)I (greylist, linking, allowed)
10-04 02:21:54.194  1928  1953 I ActivityTaskManager: Displayed com.nothatcher.sproutbook/.MainActivity: +3s74ms
10-04 02:21:54.218  3380  3415 W cher.sproutboo: JNI critical lock held for 18.044ms on Thread[25,tid=3415,Runnable,Thread*=0x7c94d1826c00,peer=0x13043ab0,"arch_disk_io_3"]
10-04 02:21:54.375  3380  3406 W cher.sproutboo: Accessing hidden method Lsun/misc/Unsafe;->putObject(Ljava/lang/Object;JLjava/lang/Object;)V (greylist, linking, allowed)
10-04 02:21:54.375  3380  3406 W cher.sproutboo: Accessing hidden method Lsun/misc/Unsafe;->putInt(Ljava/lang/Object;JI)V (greylist, linking, allowed)
10-04 02:21:54.376  3380  3406 W cher.sproutboo: Accessing hidden method Lsun/misc/Unsafe;->getInt(Ljava/lang/Object;J)I (greylist, linking, allowed)
10-04 02:21:55.447  1928  2022 W system_server: Verification of byte[] com.android.org.conscrypt.OpenSSLMac.engineDoFinal() took 589.712ms
10-04 02:21:57.385  3380  3380 I Choreographer: Skipped 148 frames!  The application may be doing too much work on its main thread.
10-04 02:21:57.572  3380  3402 I OpenGLRenderer: Davey! duration=2656ms; Flags=0, IntendedVsync=459377060248, Vsync=461843726816, OldestInputEvent=9223372036854775807, NewestInputEvent=0, HandleInputStart=461848877202, AnimationStart=461849045734, PerformTraversalsStart=461850437188, DrawStart=461850958570, SyncQueued=461990762284, SyncStart=461991980493, IssueDrawCommandsStart=461993508407, SwapBuffers=462025773343, FrameCompleted=462035268681, DequeueBufferDuration=969000, QueueBufferDuration=6005000, 
10-04 02:21:57.759  1928  2453 E TaskPersister: File error accessing recents directory (directory doesn't exist?).
10-04 02:21:57.818  3380  3406 W cher.sproutboo: Accessing hidden method Lsun/misc/Unsafe;->getObject(Ljava/lang/Object;J)Ljava/lang/Object; (greylist, linking, allowed)
10-04 02:21:57.818  3380  3406 W cher.sproutboo: Accessing hidden method Lsun/misc/Unsafe;->putInt(Ljava/lang/Object;JI)V (greylist, linking, allowed)
10-04 02:21:57.819  3380  3406 W cher.sproutboo: Accessing hidden method Lsun/misc/Unsafe;->getInt(Ljava/lang/Object;J)I (greylist, linking, allowed)
10-04 02:22:00.459  3227  3227 D KeyguardClockSwitch: Updating clock: 222
10-04 02:22:01.079  3227  3285 I OpenGLRenderer: Davey! duration=980ms; Flags=0, IntendedVsync=464560367911, Vsync=464960367895, OldestInputEvent=9223372036854775807, NewestInputEvent=0, HandleInputStart=464971185261, AnimationStart=464971244374, PerformTraversalsStart=464971251296, DrawStart=465367077243, SyncQueued=465368414373, SyncStart=465370296810, IssueDrawCommandsStart=465483267138, SwapBuffers=465528207665, FrameCompleted=465542619865, DequeueBufferDuration=1262000, QueueBufferDuration=8749000, 
10-04 02:22:02.794  3380  3380 I Choreographer: Skipped 225 frames!  The application may be doing too much work on its main thread.
10-04 02:22:02.941  3380  3402 I OpenGLRenderer: Davey! duration=3910ms; Flags=0, IntendedVsync=463493738574, Vsync=467243738424, OldestInputEvent=9223372036854775807, NewestInputEvent=0, HandleInputStart=467258340480, AnimationStart=467258558077, PerformTraversalsStart=467266697039, DrawStart=467267498925, SyncQueued=467372613403, SyncStart=467373763794, IssueDrawCommandsStart=467377428473, SwapBuffers=467397340987, FrameCompleted=467404959922, DequeueBufferDuration=562000, QueueBufferDuration=6286000, 
10-04 02:22:03.900  3380  3397 I cher.sproutboo: Waiting for a blocking GC ProfileSaver
10-04 02:22:04.542  3380  3390 I cher.sproutboo: NativeAlloc concurrent copying GC freed 93197(3792KB) AllocSpace objects, 3(60KB) LOS objects, 45% free, 7496KB/13MB, paused 360us total 6.478s
10-04 02:22:04.542  3380  3397 I cher.sproutboo: WaitForGcToComplete blocked ProfileSaver on HeapTrim for 642.820ms
10-04 02:22:04.751  3380  3380 I Choreographer: Skipped 86 frames!  The application may be doing too much work on its main thread.
10-04 02:22:04.975  3380  3402 I OpenGLRenderer: Davey! duration=1660ms; Flags=0, IntendedVsync=467777061202, Vsync=469210394478, OldestInputEvent=9223372036854775807, NewestInputEvent=0, HandleInputStart=469214767902, AnimationStart=469215058392, PerformTraversalsStart=469215898703, DrawStart=469216356823, SyncQueued=469406294324, SyncStart=469407415737, IssueDrawCommandsStart=469408115289, SwapBuffers=469426929213, FrameCompleted=469439011926, DequeueBufferDuration=600000, QueueBufferDuration=10706000, 
10-04 02:22:06.290  3380  3380 I Choreographer: Skipped 67 frames!  The application may be doing too much work on its main thread.
10-04 02:22:06.402  3380  3402 I OpenGLRenderer: Davey! duration=1236ms; Flags=0, IntendedVsync=469627066181, Vsync=470743732803, OldestInputEvent=9223372036854775807, NewestInputEvent=0, HandleInputStart=470754319492, AnimationStart=470754473503, PerformTraversalsStart=470755306788, DrawStart=470755741310, SyncQueued=470832005070, SyncStart=470833351855, IssueDrawCommandsStart=470833866220, SwapBuffers=470853433533, FrameCompleted=470865356356, DequeueBufferDuration=4053000, QueueBufferDuration=5487000, 
10-04 02:22:07.593  3380  3380 I Choreographer: Skipped 65 frames!  The application may be doing too much work on its main thread.
10-04 02:22:07.706  3380  3402 I OpenGLRenderer: Davey! duration=1207ms; Flags=0, IntendedVsync=470960402231, Vsync=472043735521, OldestInputEvent=9223372036854775807, NewestInputEvent=0, HandleInputStart=472057121344, AnimationStart=472057293482, PerformTraversalsStart=472057532008, DrawStart=472057988430, SyncQueued=472145775318, SyncStart=472147533064, IssueDrawCommandsStart=472148090217, SwapBuffers=472164633557, FrameCompleted=472169857547, DequeueBufferDuration=585000, QueueBufferDuration=3867000, 
10-04 02:22:10.770  3380  3380 I Choreographer: Skipped 152 frames!  The application may be doing too much work on its main thread.
10-04 02:22:11.162  3380  3402 I OpenGLRenderer: Davey! duration=2930ms; Flags=0, IntendedVsync=472693736864, Vsync=475227070096, OldestInputEvent=9223372036854775807, NewestInputEvent=0, HandleInputStart=475234256490, AnimationStart=475234418956, PerformTraversalsStart=475235345508, DrawStart=475236128309, SyncQueued=475423190327, SyncStart=475424527981, IssueDrawCommandsStart=475425166301, SwapBuffers=475617204212, FrameCompleted=475625896404, DequeueBufferDuration=619000, QueueBufferDuration=1318000, 
10-04 02:22:12.319  1709  1763 D gralloc_ranchu: gralloc_alloc: Creating ashmem region of size 1343488
10-04 02:22:12.330  1709  1763 I chatty  : uid=1000(system) HwBinder:1709_2 identical 1 line
10-04 02:22:12.332  1709  1763 D gralloc_ranchu: gralloc_alloc: Creating ashmem region of size 1343488
10-04 02:22:12.445  3380  3402 D EGL_emulation: eglMakeCurrent: 0x7c94d1a0df00: ver 3 0 (tinfo 0x7c951ab59560)
10-04 02:22:12.484  3380  3402 I OpenGLRenderer: Davey! duration=746ms; Flags=1, IntendedVsync=476193682679, Vsync=476377016005, OldestInputEvent=9223372036854775807, NewestInputEvent=0, HandleInputStart=476378771220, AnimationStart=476378918696, PerformTraversalsStart=476378981266, DrawStart=476864034763, SyncQueued=476907818901, SyncStart=476914813352, IssueDrawCommandsStart=476915754631, SwapBuffers=476937735259, FrameCompleted=476947043014, DequeueBufferDuration=425000, QueueBufferDuration=1142000, 
10-04 02:22:12.684  3380  3380 I Choreographer: Skipped 45 frames!  The application may be doing too much work on its main thread.
10-04 02:22:12.723  3380  3402 I OpenGLRenderer: Davey! duration=790ms; Flags=0, IntendedVsync=476393690444, Vsync=477143690414, OldestInputEvent=9223372036854775807, NewestInputEvent=0, HandleInputStart=477148048567, AnimationStart=477148244990, PerformTraversalsStart=477148270455, DrawStart=477148720187, SyncQueued=477148818052, SyncStart=477151131601, IssueDrawCommandsStart=477156465274, SwapBuffers=477176452821, FrameCompleted=477186276820, DequeueBufferDuration=417000, QueueBufferDuration=1028000, 
10-04 02:22:13.339  1709  1763 D gralloc_ranchu: gralloc_alloc: Creating ashmem region of size 1155072
10-04 02:22:13.399  1928  2449 D HostConnection: HostConnection::get() New Host Connection established 0x7c94be648500, tid 2449
10-04 02:22:13.401  1928  2449 D HostConnection: HostComposition ext ANDROID_EMU_CHECKSUM_HELPER_v1 ANDROID_EMU_native_sync_v2 ANDROID_EMU_dma_v1 ANDROID_EMU_direct_mem ANDROID_EMU_host_composition_v1 ANDROID_EMU_host_composition_v2 ANDROID_EMU_sync_buffer_data ANDROID_EMU_hwc_color_transform GL_OES_EGL_image_external_essl3 GL_OES_vertex_array_object GL_KHR_texture_compression_astc_ldr ANDROID_EMU_host_side_tracing ANDROID_EMU_gles_max_version_3_0 
10-04 02:22:14.041  1928  2449 D EGL_emulation: eglCreateContext: 0x7c94be648640: maj 3 min 0 rcv 3
10-04 02:22:14.042  1928  2449 D EGL_emulation: eglMakeCurrent: 0x7c94be648640: ver 3 0 (tinfo 0x7c94ccb78da0)
10-04 02:22:14.732  3380  3402 D EGL_emulation: eglMakeCurrent: 0x7c94d1a0df00: ver 3 0 (tinfo 0x7c951ab59560)
10-04 02:22:14.770  1928  3163 E InputDispatcher: Window handle Window{73feca8 u0 com.nothatcher.sproutbook/com.nothatcher.sproutbook.MainActivity} has no registered input channel
10-04 02:22:14.824  1928  3379 E InputDispatcher: Window handle Window{73feca8 u0 com.nothatcher.sproutbook/com.nothatcher.sproutbook.MainActivity} has no registered input channel
10-04 02:22:14.857  1928  3226 E InputDispatcher: Window handle Window{73feca8 u0 com.nothatcher.sproutbook/com.nothatcher.sproutbook.MainActivity} has no registered input channel
10-04 02:22:15.163  3380  3380 I Choreographer: Skipped 64 frames!  The application may be doing too much work on its main thread.
10-04 02:22:17.293  1709  1763 D gralloc_ranchu: gralloc_alloc: Creating ashmem region of size 1155072
10-04 02:22:17.323  1709  1763 I chatty  : uid=1000(system) HwBinder:1709_2 identical 1 line
10-04 02:22:17.326  1709  1763 D gralloc_ranchu: gralloc_alloc: Creating ashmem region of size 1155072
10-04 02:22:17.625  3227  3285 D EGL_emulation: eglMakeCurrent: 0x7c951ac52de0: ver 3 0 (tinfo 0x7c94ce350220)
10-04 02:22:17.709  3380  3402 D EGL_emulation: eglMakeCurrent: 0x7c94d1a0df00: ver 3 0 (tinfo 0x7c951ab59560)
10-04 02:22:17.719  3380  3402 I OpenGLRenderer: Davey! duration=3636ms; Flags=1, IntendedVsync=478543694351, Vsync=479610360975, OldestInputEvent=9223372036854775807, NewestInputEvent=0, HandleInputStart=479636423588, AnimationStart=479636623806, PerformTraversalsStart=479637310478, DrawStart=481983107419, SyncQueued=482171471219, SyncStart=482173495525, IssueDrawCommandsStart=482175384717, SwapBuffers=482177273134, FrameCompleted=482182681452, DequeueBufferDuration=488000, QueueBufferDuration=1588000, 
10-04 02:22:17.946  3380  3380 I Choreographer: Skipped 164 frames!  The application may be doing too much work on its main thread.
10-04 02:22:17.958  3380  3402 I OpenGLRenderer: Davey! duration=2759ms; Flags=0, IntendedVsync=479660391948, Vsync=482393725172, OldestInputEvent=9223372036854775807, NewestInputEvent=0, HandleInputStart=482409594636, AnimationStart=482409758668, PerformTraversalsStart=482409783474, DrawStart=482412264933, SyncQueued=482412394474, SyncStart=482413823019, IssueDrawCommandsStart=482415288110, SwapBuffers=482416747569, FrameCompleted=482421418435, DequeueBufferDuration=557000, QueueBufferDuration=1021000, 
10-04 02:22:18.041  3227  3227 I Choreographer: Skipped 36 frames!  The application may be doing too much work on its main thread.
10-04 02:22:18.192  3227  3285 D EGL_emulation: eglMakeCurrent: 0x7c951ac52de0: ver 3 0 (tinfo 0x7c94ce350220)
10-04 02:22:18.466  3227  3285 I OpenGLRenderer: Davey! duration=1032ms; Flags=0, IntendedVsync=481893727619, Vsync=482493727595, OldestInputEvent=9223372036854775807, NewestInputEvent=0, HandleInputStart=482504801361, AnimationStart=482504807162, PerformTraversalsStart=482643829918, DrawStart=482645364763, SyncQueued=482653615965, SyncStart=482656669393, IssueDrawCommandsStart=482702889309, SwapBuffers=482906197359, FrameCompleted=482929406267, DequeueBufferDuration=18304000, QueueBufferDuration=2555000, 
10-04 02:22:18.468  3227  3285 D EGL_emulation: eglMakeCurrent: 0x7c951ac52de0: ver 3 0 (tinfo 0x7c94ce350220)
10-04 02:22:18.859  3380  3380 I Choreographer: Skipped 52 frames!  The application may be doing too much work on its main thread.
10-04 02:22:19.025  3380  3402 I OpenGLRenderer: Davey! duration=1043ms; Flags=1, IntendedVsync=482443753605, Vsync=483310420237, OldestInputEvent=9223372036854775807, NewestInputEvent=0, HandleInputStart=483322880690, AnimationStart=483323070751, PerformTraversalsStart=483323735645, DrawStart=483358958662, SyncQueued=483382259072, SyncStart=483383274756, IssueDrawCommandsStart=483393647589, SwapBuffers=483466662374, FrameCompleted=483488515478, DequeueBufferDuration=793000, QueueBufferDuration=19262000, 
10-04 02:22:19.478  3380  3380 D Autofill Status: Autofill popup isn't shown because autofill is not available.
10-04 02:22:19.478  3380  3380 D Autofill Status: 
10-04 02:22:19.478  3380  3380 D Autofill Status: Did you set up autofill?
10-04 02:22:19.478  3380  3380 D Autofill Status: 1. Go to Settings > System > Languages&input > Advanced > Autofill Service
10-04 02:22:19.478  3380  3380 D Autofill Status: 2. Pick a service
10-04 02:22:19.478  3380  3380 D Autofill Status: 
10-04 02:22:19.478  3380  3380 D Autofill Status: Did you add an account?
10-04 02:22:19.478  3380  3380 D Autofill Status: 1. Go to Settings > System > Languages&input > Advanced
10-04 02:22:19.478  3380  3380 D Autofill Status: 2. Click on the settings icon next to the Autofill Service
10-04 02:22:19.478  3380  3380 D Autofill Status: 3. Add your account
10-04 02:22:20.457  3380  3380 I Choreographer: Skipped 37 frames!  The application may be doing too much work on its main thread.
10-04 02:22:20.552  3380  3402 I OpenGLRenderer: Davey! duration=720ms; Flags=0, IntendedVsync=484293771927, Vsync=484910438569, OldestInputEvent=9223372036854775807, NewestInputEvent=0, HandleInputStart=484921320475, AnimationStart=484921482757, PerformTraversalsStart=484922311067, DrawStart=484922722188, SyncQueued=484996969130, SyncStart=484998161985, IssueDrawCommandsStart=484998447670, SwapBuffers=485007678891, FrameCompleted=485015930391, DequeueBufferDuration=590000, QueueBufferDuration=6541000, 
10-04 02:22:20.714  1928  1953 E memtrack: Couldn't load memtrack module
10-04 02:22:20.714  1928  1953 W android.os.Debug: failed to get memory consumption info: -1
10-04 02:22:20.880  2364  2364 W RichInputMethodSubtype: Can't find emoji subtype
10-04 02:22:20.881  2364  2364 W RichInputMethodSubtype: No input method subtype found; returning dummy subtype: Multi-lingual subtype: android.view.inputmethod.InputMethodSubtype@d78b2ed0, zz
10-04 02:22:21.556  2364  2383 I putmethod.lati: Background concurrent copying GC freed 3309(401KB) AllocSpace objects, 2(32KB) LOS objects, 49% free, 3225KB/6451KB, paused 3.666ms total 1.139s
10-04 02:22:22.575  2364  2364 I EmojiCategory: Last Emoji category id is 8
10-04 02:22:23.221  2364  2364 W ViewPager: Requested offscreen page limit 0 too small; defaulting to 1
10-04 02:22:23.296  2364  2364 I LatinIME: Starting input. Cursor position = 0,0
10-04 02:22:23.727  2364  2393 I putmethod.lati: Waiting for a blocking GC ProfileSaver
10-04 02:22:23.816  1928  1953 E memtrack: Couldn't load memtrack module
10-04 02:22:23.817  1928  1953 W android.os.Debug: failed to get memory consumption info: -1
10-04 02:22:24.148  1709  1763 D gralloc_ranchu: gralloc_alloc: Creating ashmem region of size 4096
10-04 02:22:24.193  3227  3365 D HostConnection: HostConnection::get() New Host Connection established 0x7c94ce6502c0, tid 3365
10-04 02:22:24.194  3227  3365 D HostConnection: HostComposition ext ANDROID_EMU_CHECKSUM_HELPER_v1 ANDROID_EMU_native_sync_v2 ANDROID_EMU_dma_v1 ANDROID_EMU_direct_mem ANDROID_EMU_host_composition_v1 ANDROID_EMU_host_composition_v2 ANDROID_EMU_sync_buffer_data ANDROID_EMU_hwc_color_transform GL_OES_EGL_image_external_essl3 GL_OES_vertex_array_object GL_KHR_texture_compression_astc_ldr ANDROID_EMU_host_side_tracing ANDROID_EMU_gles_max_version_3_0 
10-04 02:22:24.199  3227  3365 D EGL_emulation: eglCreateContext: 0x7c94ce650360: maj 3 min 0 rcv 3
10-04 02:22:24.200  3227  3365 D EGL_emulation: eglMakeCurrent: 0x7c94ce650360: ver 3 0 (tinfo 0x7c94ce4cf120)
10-04 02:22:24.333  3380  3402 D EGL_emulation: eglMakeCurrent: 0x7c94d1a0df00: ver 3 0 (tinfo 0x7c951ab59560)
10-04 02:22:24.362  1928  3056 E InputDispatcher: Window handle Window{217dd6d u0 com.nothatcher.sproutbook/com.nothatcher.sproutbook.MainActivity} has no registered input channel
10-04 02:22:24.432  1928  3462 E InputDispatcher: Window handle Window{217dd6d u0 com.nothatcher.sproutbook/com.nothatcher.sproutbook.MainActivity} has no registered input channel
10-04 02:22:24.433  1928  3462 E InputDispatcher: Window handle Window{217dd6d u0 com.nothatcher.sproutbook/com.nothatcher.sproutbook.MainActivity} has no registered input channel
10-04 02:22:24.458  1928  3056 E InputDispatcher: Window handle Window{217dd6d u0 com.nothatcher.sproutbook/com.nothatcher.sproutbook.MainActivity} has no registered input channel
10-04 02:22:24.479  1928  3056 I chatty  : uid=1000(system) Binder:1928_B identical 1 line
10-04 02:22:24.510  1928  3056 E InputDispatcher: Window handle Window{217dd6d u0 com.nothatcher.sproutbook/com.nothatcher.sproutbook.MainActivity} has no registered input channel
10-04 02:22:24.609  3227  3227 I Choreographer: Skipped 35 frames!  The application may be doing too much work on its main thread.
10-04 02:22:24.626  1734  2360 E SurfaceFlinger: ro.sf.lcd_density must be defined as a build property
10-04 02:22:24.678  1734  2360 E SurfaceFlinger: ro.sf.lcd_density must be defined as a build property
10-04 02:22:24.998  3227  3285 D EGL_emulation: eglMakeCurrent: 0x7c951ac52de0: ver 3 0 (tinfo 0x7c94ce350220)
10-04 02:22:25.030  2364  2383 I putmethod.lati: Background young concurrent copying GC freed 21360(3772KB) AllocSpace objects, 10(340KB) LOS objects, 46% free, 3479KB/6451KB, paused 13.261ms total 2.719s
10-04 02:22:25.031  2364  2393 I putmethod.lati: WaitForGcToComplete blocked ProfileSaver on HeapTrim for 1.304s
10-04 02:22:25.056  3227  3285 D EGL_emulation: eglMakeCurrent: 0x7c951ac52de0: ver 3 0 (tinfo 0x7c94ce350220)
10-04 02:22:25.260  3227  3285 I chatty  : uid=10102(com.android.systemui) RenderThread identical 1 line
10-04 02:22:25.319  3227  3285 D EGL_emulation: eglMakeCurrent: 0x7c951ac52de0: ver 3 0 (tinfo 0x7c94ce350220)
10-04 02:22:25.461  1928  3462 W system_server: Long monitor contention with owner android.bg (1953) at void com.android.server.am.ActivityManagerService$5.handleMessage(android.os.Message)(ActivityManagerService.java:1992) waiters=0 in void com.android.server.am.ActivityManagerService.setRenderThread(int) for 739ms
10-04 02:22:25.759  3380  3380 I Choreographer: Skipped 133 frames!  The application may be doing too much work on its main thread.
10-04 02:22:25.899  3380  3402 D EGL_emulation: eglMakeCurrent: 0x7c94d1a0df00: ver 3 0 (tinfo 0x7c951ab59560)
10-04 02:22:26.077  3380  3402 I OpenGLRenderer: Davey! duration=2529ms; Flags=0, IntendedVsync=487993769615, Vsync=490210436193, OldestInputEvent=9223372036854775807, NewestInputEvent=0, HandleInputStart=490222989266, AnimationStart=490223273697, PerformTraversalsStart=490224096624, DrawStart=490224588291, SyncQueued=490361255878, SyncStart=490364181462, IssueDrawCommandsStart=490364560284, SwapBuffers=490519774534, FrameCompleted=490526394006, DequeueBufferDuration=663000, QueueBufferDuration=1185000, 
10-04 02:22:26.489  1709  1763 D gralloc_ranchu: gralloc_alloc: Creating ashmem region of size 1343488
10-04 02:22:26.507  1709  1763 I chatty  : uid=1000(system) HwBinder:1709_2 identical 1 line
10-04 02:22:26.510  1709  1763 D gralloc_ranchu: gralloc_alloc: Creating ashmem region of size 1343488
10-04 02:22:26.666  3380  3402 D EGL_emulation: eglMakeCurrent: 0x7c94d1a0df00: ver 3 0 (tinfo 0x7c951ab59560)
10-04 02:22:26.910  3380  3380 W IInputConnectionWrapper: getTextAfterCursor on inactive InputConnection
10-04 02:22:26.911  2364  2364 W RichInputConnection: Slow InputConnection: GET_TEXT_AFTER_CURSOR took 1368 ms.
10-04 02:22:26.928  3380  3380 I Choreographer: Skipped 55 frames!  The application may be doing too much work on its main thread.
10-04 02:22:27.059  3380  3380 W IInputConnectionWrapper: getTextBeforeCursor on inactive InputConnection
10-04 02:22:27.085  3380  3380 W IInputConnectionWrapper: getTextAfterCursor on inactive InputConnection
10-04 02:22:27.087  2364  2364 I Choreographer: Skipped 96 frames!  The application may be doing too much work on its main thread.
10-04 02:22:27.627  2364  3466 D libEGL  : Emulator has host GPU support, qemu.gles is set to 1.
10-04 02:22:27.628  2364  3466 W libc    : Unable to set property "qemu.gles" to "1": connection failed; errno=13 (Permission denied)
10-04 02:22:27.988  3380  3402 D EGL_emulation: eglMakeCurrent: 0x7c94d1a0df00: ver 3 0 (tinfo 0x7c951ab59560)
10-04 02:22:27.991  3380  3402 D OpenGLRenderer: endAllActiveAnimators on 0x7c94c6e11d00 (UnprojectedRipple) with handle 0x7c94c96d6f40
10-04 02:22:27.620  2364  2364 W RenderThread: type=1400 audit(0.0:44): avc: denied { write } for name="property_service" dev="tmpfs" ino=6770 scontext=u:r:untrusted_app_27:s0:c115,c256,c512,c768 tcontext=u:object_r:property_socket:s0 tclass=sock_file permissive=0 app=com.android.inputmethod.latin
10-04 02:22:28.033  1928  3056 E InputDispatcher: Window handle Window{d388720 u0 com.nothatcher.sproutbook/com.nothatcher.sproutbook.MainActivity} has no registered input channel
10-04 02:22:28.060  1928  2197 E InputDispatcher: Window handle Window{d388720 u0 com.nothatcher.sproutbook/com.nothatcher.sproutbook.MainActivity} has no registered input channel
10-04 02:22:28.072  1928  2197 E InputDispatcher: Window handle Window{d388720 u0 com.nothatcher.sproutbook/com.nothatcher.sproutbook.MainActivity} has no registered input channel
10-04 02:22:28.093  1928  3462 E InputDispatcher: Window handle Window{d388720 u0 com.nothatcher.sproutbook/com.nothatcher.sproutbook.MainActivity} has no registered input channel
10-04 02:22:28.269  3380  3380 I Choreographer: Skipped 39 frames!  The application may be doing too much work on its main thread.
10-04 02:22:28.352  2364  3466 D libEGL  : loaded /vendor/lib64/egl/libEGL_emulation.so
10-04 02:22:28.595  3380  3402 D EGL_emulation: eglMakeCurrent: 0x7c94d1a0df00: ver 3 0 (tinfo 0x7c951ab59560)
10-04 02:22:28.689  2364  3466 D libEGL  : loaded /vendor/lib64/egl/libGLESv1_CM_emulation.so
10-04 02:22:28.805  2364  3466 D libEGL  : loaded /vendor/lib64/egl/libGLESv2_emulation.so
10-04 02:22:28.886  3380  3390 I cher.sproutboo: Background young concurrent copying GC freed 130043(4975KB) AllocSpace objects, 0(0B) LOS objects, 32% free, 9168KB/13MB, paused 18.627ms total 5.383s
10-04 02:22:30.537  3380  3380 I Choreographer: Skipped 30 frames!  The application may be doing too much work on its main thread.
10-04 02:22:30.976  1709  1763 D gralloc_ranchu: gralloc_alloc: Creating ashmem region of size 1343488
10-04 02:22:30.988  1709  1763 I chatty  : uid=1000(system) HwBinder:1709_2 identical 1 line
10-04 02:22:30.993  1709  1763 D gralloc_ranchu: gralloc_alloc: Creating ashmem region of size 1343488
10-04 02:22:31.039  2364  3466 D HostConnection: HostConnection::get() New Host Connection established 0x7c951c84d060, tid 3466
10-04 02:22:31.126  2364  3466 D HostConnection: HostComposition ext ANDROID_EMU_CHECKSUM_HELPER_v1 ANDROID_EMU_native_sync_v2 ANDROID_EMU_dma_v1 ANDROID_EMU_direct_mem ANDROID_EMU_host_composition_v1 ANDROID_EMU_host_composition_v2 ANDROID_EMU_sync_buffer_data ANDROID_EMU_hwc_color_transform GL_OES_EGL_image_external_essl3 GL_OES_vertex_array_object GL_KHR_texture_compression_astc_ldr ANDROID_EMU_host_side_tracing ANDROID_EMU_gles_max_version_3_0 
10-04 02:22:31.142  3380  3402 D EGL_emulation: eglMakeCurrent: 0x7c94d1a0df00: ver 3 0 (tinfo 0x7c951ab59560)
10-04 02:22:31.167  3380  3402 I OpenGLRenderer: Davey! duration=1134ms; Flags=1, IntendedVsync=494493785319, Vsync=494993785299, OldestInputEvent=9223372036854775807, NewestInputEvent=0, HandleInputStart=495001344064, AnimationStart=495001516746, PerformTraversalsStart=495002720667, DrawStart=495551004936, SyncQueued=495604099776, SyncStart=495606822070, IssueDrawCommandsStart=495607739330, SwapBuffers=495622616402, FrameCompleted=495630874033, DequeueBufferDuration=583000, QueueBufferDuration=1014000, 
10-04 02:22:31.424  3380  3380 I Choreographer: Skipped 52 frames!  The application may be doing too much work on its main thread.
10-04 02:22:31.459  3380  3402 I OpenGLRenderer: Davey! duration=911ms; Flags=0, IntendedVsync=495010441016, Vsync=495877107648, OldestInputEvent=9223372036854775807, NewestInputEvent=0, HandleInputStart=495887632372, AnimationStart=495887802578, PerformTraversalsStart=495887827073, DrawStart=495888446495, SyncQueued=495888566420, SyncStart=495889536654, IssueDrawCommandsStart=495891013567, SwapBuffers=495914620241, FrameCompleted=495923040331, DequeueBufferDuration=417000, QueueBufferDuration=1124000, 
10-04 02:22:31.835  2364  3466 D EGL_emulation: eglCreateContext: 0x7c951c84bda0: maj 3 min 0 rcv 3
10-04 02:22:31.931  2364  3466 D EGL_emulation: eglMakeCurrent: 0x7c951c84bda0: ver 3 0 (tinfo 0x7c951c8187e0)
10-04 02:22:32.265  1709  1763 D gralloc_ranchu: gralloc_alloc: Creating ashmem region of size 1118208
10-04 02:22:32.280  1568  1568 I hwservicemanager: getTransport: Cannot find entry android.hardware.graphics.mapper@3.0::IMapper/default in either framework or device manifest.
10-04 02:22:32.284  2364  3466 W Gralloc3: mapper 3.x is not supported
10-04 02:22:32.377  2364  3466 D HostConnection: createUnique: call
10-04 02:22:32.378  2364  3466 D HostConnection: HostConnection::get() New Host Connection established 0x7c951c84d2e0, tid 3466
10-04 02:22:32.422  2364  3466 D HostConnection: HostComposition ext ANDROID_EMU_CHECKSUM_HELPER_v1 ANDROID_EMU_native_sync_v2 ANDROID_EMU_dma_v1 ANDROID_EMU_direct_mem ANDROID_EMU_host_composition_v1 ANDROID_EMU_host_composition_v2 ANDROID_EMU_sync_buffer_data ANDROID_EMU_hwc_color_transform GL_OES_EGL_image_external_essl3 GL_OES_vertex_array_object GL_KHR_texture_compression_astc_ldr ANDROID_EMU_host_side_tracing ANDROID_EMU_gles_max_version_3_0 
10-04 02:22:32.511  2364  3466 D eglCodecCommon: allocate: Ask for block of size 0x1000
10-04 02:22:32.511  2364  3466 D eglCodecCommon: allocate: ioctl allocate returned offset 0x3ffed1000 size 0x2000
10-04 02:22:32.558  1709  1763 D gralloc_ranchu: gralloc_alloc: Creating ashmem region of size 1118208
10-04 02:22:32.561  1709  1763 D gralloc_ranchu: gralloc_alloc: Creating ashmem region of size 1118208
10-04 02:22:33.465  3467  3467 D AndroidRuntime: >>>>>> START com.android.internal.os.RuntimeInit uid 2000 <<<<<<
10-04 02:22:33.480  3467  3467 W app_process: type=1400 audit(0.0:45): avc: denied { read } for name="u:object_r:device_config_runtime_native_boot_prop:s0" dev="tmpfs" ino=6676 scontext=u:r:shell:s0 tcontext=u:object_r:device_config_runtime_native_boot_prop:s0 tclass=file permissive=0
10-04 02:22:33.494  3467  3467 E libc    : Access denied finding property "persist.device_config.runtime_native_boot.enable_apex_image"
10-04 02:22:33.495  3467  3467 I AndroidRuntime: Using default boot image
10-04 02:22:33.496  3467  3467 E libc    : Access denied finding property "persist.device_config.runtime_native_boot.disable_lock_profiling"
10-04 02:22:33.496  3467  3467 I AndroidRuntime: Leaving lock profiling enabled
10-04 02:22:33.498  3467  3467 E libc    : Access denied finding property "persist.device_config.runtime_native_boot.enable_generational_cc"
10-04 02:22:33.480  3467  3467 W app_process: type=1400 audit(0.0:46): avc: denied { read } for name="u:object_r:device_config_runtime_native_boot_prop:s0" dev="tmpfs" ino=6676 scontext=u:r:shell:s0 tcontext=u:object_r:device_config_runtime_native_boot_prop:s0 tclass=file permissive=0
10-04 02:22:33.490  3467  3467 W app_process: type=1400 audit(0.0:47): avc: denied { read } for name="u:object_r:device_config_runtime_native_boot_prop:s0" dev="tmpfs" ino=6676 scontext=u:r:shell:s0 tcontext=u:object_r:device_config_runtime_native_boot_prop:s0 tclass=file permissive=0
10-04 02:22:33.623  3467  3467 I app_process: Core platform API reporting enabled, enforcing=false
10-04 02:22:33.816  2364  3466 D EGL_emulation: eglMakeCurrent: 0x7c951c84bda0: ver 3 0 (tinfo 0x7c951c8187e0)
10-04 02:22:34.402  3467  3467 D ICU     : Time zone APEX file found: /apex/com.android.tzdata/etc/icu/icu_tzdata.dat
10-04 02:22:34.561  3467  3467 W app_process: Unexpected CPU variant for X86 using defaults: x86_64
10-04 02:22:34.610  3467  3467 I app_process: The ClassLoaderContext is a special shared library.
10-04 02:22:34.833  3467  3467 W app_process: JNI RegisterNativeMethods: attempt to register 0 native methods for android.media.AudioAttributes
10-04 02:22:34.993  3467  3467 D AndroidRuntime: Calling main entry com.android.commands.input.Input
10-04 02:22:35.246  2364  3466 I OpenGLRenderer: Davey! duration=9735ms; Flags=1, IntendedVsync=489943783898, Vsync=491543783834, OldestInputEvent=9223372036854775807, NewestInputEvent=0, HandleInputStart=491551468353, AnimationStart=491551520302, PerformTraversalsStart=491551524007, DrawStart=497032936224, SyncQueued=498278352776, SyncStart=498280911590, IssueDrawCommandsStart=498306294738, SwapBuffers=499613525670, FrameCompleted=499681750223, DequeueBufferDuration=1270000, QueueBufferDuration=2511000, 
10-04 02:22:35.265  1928  1945 D AutofillManagerService: onBackKeyPressed()
10-04 02:22:35.278  3467  3467 D AndroidRuntime: Shutting down VM
10-04 02:22:35.474  1928  1947 W system_server: Long monitor contention with owner android.anim (1948) at void com.android.server.wm.WindowSurfacePlacer.lambda$new$0$WindowSurfacePlacer()(WindowSurfacePlacer.java:61) waiters=0 in void com.android.server.wm.WindowManagerService$H.handleMessage(android.os.Message) for 147ms
10-04 02:22:35.880  1928  3462 I ActivityTaskManager: START u0 {act=android.intent.action.MAIN cat=[android.intent.category.LAUNCHER] flg=0x10000000 cmp=com.nothatcher.sproutbook.test/androidx.test.core.app.InstrumentationActivityInvoker$EmptyActivity} from uid 10116
10-04 02:22:35.948  3227  3338 W ndroid.systemu: Long monitor contention with owner main (3227) at boolean android.os.MessageQueue.enqueueMessage(android.os.Message, long)(MessageQueue.java:556) waiters=0 in android.os.Message android.os.MessageQueue.next() for 157ms
10-04 02:22:35.978  3380  3380 D LifecycleMonitor: Lifecycle status change: com.nothatcher.sproutbook.MainActivity@cfd456 in: PAUSED
10-04 02:22:35.979  3380  3380 V ActivityScenario: Update currentActivityStage to PAUSED, currentActivity=com.nothatcher.sproutbook.MainActivity@cfd456
10-04 02:22:35.984  1928  3462 W InputReader: Device has associated, but no associated display id.
10-04 02:22:35.988  1928  3462 I chatty  : uid=1000(system) Binder:1928_10 identical 28 lines
10-04 02:22:35.988  1928  3462 W InputReader: Device has associated, but no associated display id.
10-04 02:22:35.992  3434  3434 W ActivityThread: handleWindowVisibility: no activity for token android.os.BinderProxy@8826a00
10-04 02:22:35.996  1928  3462 W InputReader: Device has associated, but no associated display id.
10-04 02:22:36.010  1928  3462 I chatty  : uid=1000(system) Binder:1928_10 identical 18 lines
10-04 02:22:36.010  1928  3462 W InputReader: Device has associated, but no associated display id.
10-04 02:22:36.379  1709  1763 D gralloc_ranchu: gralloc_alloc: Creating ashmem region of size 1155072
10-04 02:22:36.560  1709  1763 D gralloc_ranchu: gralloc_alloc: Creating ashmem region of size 1155072
10-04 02:22:36.575  1928  1948 W InputReader: Device has associated, but no associated display id.
10-04 02:22:36.575  1928  1948 I chatty  : uid=1000(system) android.anim identical 7 lines
10-04 02:22:36.575  1928  1948 W InputReader: Device has associated, but no associated display id.
10-04 02:22:36.577  1709  1763 D gralloc_ranchu: gralloc_alloc: Creating ashmem region of size 1155072
10-04 02:22:36.579  1709  1763 D gralloc_ranchu: gralloc_alloc: Creating ashmem region of size 1155072
10-04 02:22:36.575  1928  1948 W InputReader: Device has associated, but no associated display id.
10-04 02:22:36.589  1928  1948 I chatty  : uid=1000(system) android.anim identical 9 lines
10-04 02:22:36.589  1928  1948 W InputReader: Device has associated, but no associated display id.
10-04 02:22:36.597  2364  2364 I Choreographer: Skipped 561 frames!  The application may be doing too much work on its main thread.
10-04 02:22:36.602  1709  1763 D gralloc_ranchu: gralloc_alloc: Creating ashmem region of size 1155072
10-04 02:22:36.646  2364  3466 D EGL_emulation: eglMakeCurrent: 0x7c951c84bda0: ver 3 0 (tinfo 0x7c951c8187e0)
10-04 02:22:36.744  3227  3227 I Choreographer: Skipped 56 frames!  The application may be doing too much work on its main thread.
10-04 02:22:36.746  1928  1947 W system_server: Long monitor contention with owner android.anim (1948) at void com.android.server.wm.WindowSurfacePlacer.lambda$new$0$WindowSurfacePlacer()(WindowSurfacePlacer.java:61) waiters=0 in void com.android.server.wm.WindowManagerService$H.handleMessage(android.os.Message) for 235ms
10-04 02:22:36.803  3434  3452 D EGL_emulation: eglMakeCurrent: 0x7c951c8496e0: ver 3 0 (tinfo 0x7c951c8186c0)
10-04 02:22:36.817  1928  2395 W system_server: Long monitor contention with owner android.anim (1948) at void com.android.server.wm.WindowSurfacePlacer.lambda$new$0$WindowSurfacePlacer()(WindowSurfacePlacer.java:61) waiters=2 in boolean com.android.server.wm.ActivityTaskManagerService.finishActivity(android.os.IBinder, int, android.content.Intent, int) for 159ms
10-04 02:22:37.045  1928  3462 W system_server: Long monitor contention with owner Binder:1928_8 (2395) at boolean com.android.server.wm.ActivityTaskManagerService.finishActivity(android.os.IBinder, int, android.content.Intent, int)(ActivityTaskManagerService.java:1549) waiters=3 in void com.android.server.wm.WindowManagerService.setInsetsWindow(com.android.server.wm.Session, android.view.IWindow, int, android.graphics.Rect, android.graphics.Rect, android.graphics.Region) for 150ms
10-04 02:22:37.084  1928  2345 W InputReader: Device has associated, but no associated display id.
10-04 02:22:37.132  1928  2345 I chatty  : uid=1000(system) Binder:1928_7 identical 18 lines
10-04 02:22:37.132  1928  2345 W InputReader: Device has associated, but no associated display id.
10-04 02:22:37.179  1928  1948 I Choreographer: Skipped 39 frames!  The application may be doing too much work on its main thread.
10-04 02:22:37.181  1709  1763 D gralloc_ranchu: gralloc_alloc: Creating ashmem region of size 1155072
10-04 02:22:37.733  1709  1763 I chatty  : uid=1000(system) HwBinder:1709_2 identical 2 lines
10-04 02:22:37.736  1709  1763 D gralloc_ranchu: gralloc_alloc: Creating ashmem region of size 1155072
10-04 02:22:37.913  2288  2544 D EGL_emulation: eglMakeCurrent: 0x7c951c84b440: ver 3 0 (tinfo 0x7c951c8189e0)
10-04 02:22:37.929  2288  2544 I OpenGLRenderer: Davey! duration=746ms; Flags=1, IntendedVsync=501643808591, Vsync=502027141909, OldestInputEvent=9223372036854775807, NewestInputEvent=0, HandleInputStart=502033581250, AnimationStart=502033623304, PerformTraversalsStart=502033627152, DrawStart=502358324074, SyncQueued=502375780995, SyncStart=502377817921, IssueDrawCommandsStart=502380605294, SwapBuffers=502386955008, FrameCompleted=502392485097, DequeueBufferDuration=425000, QueueBufferDuration=2347000, 
10-04 02:22:38.007  1928  1948 W InputReader: Device has associated, but no associated display id.
10-04 02:22:38.008  1928  1948 I chatty  : uid=1000(system) android.anim identical 8 lines
10-04 02:22:38.008  1928  1948 W InputReader: Device has associated, but no associated display id.
10-04 02:22:38.035  1709  1763 D gralloc_ranchu: gralloc_alloc: Creating ashmem region of size 1155072
10-04 02:22:38.059  1928  1947 W system_server: Long monitor contention with owner android.anim (1948) at void com.android.server.wm.WindowSurfacePlacer.lambda$new$0$WindowSurfacePlacer()(WindowSurfacePlacer.java:61) waiters=0 in void com.android.server.wm.WindowManagerService$H.handleMessage(android.os.Message) for 120ms
10-04 02:22:38.664  3380  3402 D EGL_emulation: eglMakeCurrent: 0x7c94d1a0df00: ver 3 0 (tinfo 0x7c951ab59560)
10-04 02:22:38.709  3434  3452 D EGL_emulation: eglMakeCurrent: 0x7c951c8496e0: ver 3 0 (tinfo 0x7c951c8186c0)
10-04 02:22:38.853  3227  3227 I Choreographer: Skipped 126 frames!  The application may be doing too much work on its main thread.
10-04 02:22:38.858  3380  3380 D LifecycleMonitor: Lifecycle status change: com.nothatcher.sproutbook.MainActivity@cfd456 in: STOPPED
10-04 02:22:38.860  3380  3380 V ActivityScenario: Update currentActivityStage to STOPPED, currentActivity=com.nothatcher.sproutbook.MainActivity@cfd456
10-04 02:22:39.536  3434  3434 I Choreographer: Skipped 36 frames!  The application may be doing too much work on its main thread.
10-04 02:22:40.073  3227  3227 I Choreographer: Skipped 72 frames!  The application may be doing too much work on its main thread.
10-04 02:22:40.232  1928  1953 I ActivityTaskManager: Displayed com.nothatcher.sproutbook.test/androidx.test.core.app.InstrumentationActivityInvoker$EmptyActivity: +1s235ms
10-04 02:22:40.362  2288  2306 I droid.launcher: NativeAlloc concurrent copying GC freed 9234(520KB) AllocSpace objects, 1(16KB) LOS objects, 49% free, 2623KB/5247KB, paused 79us total 2.200s
10-04 02:22:40.629  1928  2449 D HostConnection: HostConnection::get() New Host Connection established 0x7c94be648500, tid 2449
10-04 02:22:40.637  1928  2449 D HostConnection: HostComposition ext ANDROID_EMU_CHECKSUM_HELPER_v1 ANDROID_EMU_native_sync_v2 ANDROID_EMU_dma_v1 ANDROID_EMU_direct_mem ANDROID_EMU_host_composition_v1 ANDROID_EMU_host_composition_v2 ANDROID_EMU_sync_buffer_data ANDROID_EMU_hwc_color_transform GL_OES_EGL_image_external_essl3 GL_OES_vertex_array_object GL_KHR_texture_compression_astc_ldr ANDROID_EMU_host_side_tracing ANDROID_EMU_gles_max_version_3_0 
10-04 02:22:40.640  1928  2449 D EGL_emulation: eglCreateContext: 0x7c94be648640: maj 3 min 0 rcv 3
10-04 02:22:40.641  1928  2449 D EGL_emulation: eglMakeCurrent: 0x7c94be648640: ver 3 0 (tinfo 0x7c94ccb78da0)
10-04 02:22:41.108  3227  3238 I ndroid.systemu: NativeAlloc concurrent copying GC freed 16537(1084KB) AllocSpace objects, 0(0B) LOS objects, 49% free, 4624KB/9248KB, paused 103.953ms total 1.389s
10-04 02:22:41.861  1928  1946 I DropBoxManagerService: add tag=system_app_strictmode isTagEnabled=true flags=0x2
10-04 02:22:42.176  3380  3380 D LifecycleMonitor: Lifecycle status change: com.nothatcher.sproutbook.MainActivity@cfd456 in: DESTROYED
10-04 02:22:42.209  3380  3380 V ActivityScenario: Update currentActivityStage to DESTROYED, currentActivity=null
10-04 02:22:42.369  3380  3380 I Choreographer: Skipped 317 frames!  The application may be doing too much work on its main thread.
10-04 02:22:42.604  3380  3400 D IdlingRegistry: Unregistering idling resources: [androidx.compose.ui.test.EspressoLink@c8b3500]
10-04 02:22:42.620  3380  3400 E TestRunner: failed: treeOpensKeepsakeBeforeEditingAndTimelineReopensTheSavedStory(com.nothatcher.sproutbook.MemoryLeafFlowTest)
10-04 02:22:42.634  3380  3400 E TestRunner: ----- begin exception -----
10-04 02:22:42.634  3380  3400 E TestRunner: java.lang.AssertionError: Failed: assertDoesNotExist.
10-04 02:22:42.634  3380  3400 E TestRunner: Reason: Did not expect any node but found '1' node that satisfies: (TestTag = 'memory-leaf-card')
10-04 02:22:42.634  3380  3400 E TestRunner: Node found:
10-04 02:22:42.634  3380  3400 E TestRunner: Node #847 at (l=12.0, t=12.0, r=348.0, b=716.0)px, Tag: 'memory-leaf-card'
10-04 02:22:42.634  3380  3400 E TestRunner: PaneTitle = 'Memory keepsake'
10-04 02:22:42.634  3380  3400 E TestRunner: Has 3 children
10-04 02:22:42.634  3380  3400 E TestRunner: 
10-04 02:22:42.634  3380  3400 E TestRunner: 	at androidx.compose.ui.test.SemanticsNodeInteraction.assertDoesNotExist(SemanticsNodeInteraction.kt:101)
10-04 02:22:42.634  3380  3400 E TestRunner: 	at com.nothatcher.sproutbook.MemoryLeafFlowTest.treeOpensKeepsakeBeforeEditingAndTimelineReopensTheSavedStory(MemoryLeafFlowTest.kt:61)
10-04 02:22:42.634  3380  3400 E TestRunner: 	at java.lang.reflect.Method.invoke(Native Method)
10-04 02:22:42.634  3380  3400 E TestRunner: 	at org.junit.runners.model.FrameworkMethod$1.runReflectiveCall(FrameworkMethod.java:59)
10-04 02:22:42.634  3380  3400 E TestRunner: 	at org.junit.internal.runners.model.ReflectiveCallable.run(ReflectiveCallable.java:12)
10-04 02:22:42.634  3380  3400 E TestRunner: 	at org.junit.runners.model.FrameworkMethod.invokeExplosively(FrameworkMethod.java:56)
10-04 02:22:42.634  3380  3400 E TestRunner: 	at org.junit.internal.runners.statements.InvokeMethod.evaluate(InvokeMethod.java:17)
10-04 02:22:42.634  3380  3400 E TestRunner: 	at androidx.test.internal.runner.junit4.statement.RunBefores.evaluate(RunBefores.java:80)
10-04 02:22:42.634  3380  3400 E TestRunner: 	at org.junit.rules.ExternalResource$1.evaluate(ExternalResource.java:54)
10-04 02:22:42.634  3380  3400 E TestRunner: 	at androidx.compose.ui.test.junit4.AndroidComposeTestRule$apply$1$evaluate$1.invoke(AndroidComposeTestRule.android.kt:295)
10-04 02:22:42.634  3380  3400 E TestRunner: 	at androidx.compose.ui.test.junit4.AndroidComposeTestRule$apply$1$evaluate$1.invoke(AndroidComposeTestRule.android.kt:295)
10-04 02:22:42.634  3380  3400 E TestRunner: 	at androidx.compose.ui.test.AndroidComposeUiTestEnvironment$AndroidComposeUiTestImpl.withDisposableContent(ComposeUiTest.android.kt:565)
10-04 02:22:42.634  3380  3400 E TestRunner: 	at androidx.compose.ui.test.AndroidComposeUiTestEnvironment$runTest$1$1$1$1$1$1.invoke(ComposeUiTest.android.kt:370)
10-04 02:22:42.634  3380  3400 E TestRunner: 	at androidx.compose.ui.test.AndroidComposeUiTestEnvironment.withComposeIdlingResource(ComposeUiTest.android.kt:439)
10-04 02:22:42.634  3380  3400 E TestRunner: 	at androidx.compose.ui.test.AndroidComposeUiTestEnvironment.access$withComposeIdlingResource(ComposeUiTest.android.kt:235)
10-04 02:22:42.634  3380  3400 E TestRunner: 	at androidx.compose.ui.test.AndroidComposeUiTestEnvironment$runTest$1$1$1$1$1.invoke(ComposeUiTest.android.kt:369)
10-04 02:22:42.634  3380  3400 E TestRunner: 	at androidx.compose.ui.test.AndroidComposeUiTestEnvironment.withWindowRecomposer(ComposeUiTest.android.kt:413)
10-04 02:22:42.634  3380  3400 E TestRunner: 	at androidx.compose.ui.test.AndroidComposeUiTestEnvironment.access$withWindowRecomposer(ComposeUiTest.android.kt:235)
10-04 02:22:42.634  3380  3400 E TestRunner: 	at androidx.compose.ui.test.AndroidComposeUiTestEnvironment$runTest$1$1$1$1.invoke(ComposeUiTest.android.kt:368)
10-04 02:22:42.634  3380  3400 E TestRunner: 	at androidx.compose.ui.test.AndroidComposeUiTestEnvironment.withTestCoroutines(ComposeUiTest.android.kt:426)
10-04 02:22:42.634  3380  3400 E TestRunner: 	at androidx.compose.ui.test.AndroidComposeUiTestEnvironment.access$withTestCoroutines(ComposeUiTest.android.kt:235)
10-04 02:22:42.634  3380  3400 E TestRunner: 	at androidx.compose.ui.test.AndroidComposeUiTestEnvironment$runTest$1$1$1.invoke(ComposeUiTest.android.kt:367)
10-04 02:22:42.634  3380  3400 E TestRunner: 	at androidx.compose.ui.test.EspressoLink.withStrategy(EspressoLink.android.kt:69)
10-04 02:22:42.634  3380  3400 E TestRunner: 	at androidx.compose.ui.test.AndroidComposeUiTestEnvironment$runTest$1$1.invoke(ComposeUiTest.android.kt:366)
10-04 02:22:42.634  3380  3400 E TestRunner: 	at androidx.compose.ui.test.IdlingResourceRegistry.withRegistry(IdlingResourceRegistry.jvm.kt:148)
10-04 02:22:42.634  3380  3400 E TestRunner: 	at androidx.compose.ui.test.AndroidComposeUiTestEnvironment$runTest$1.invoke(ComposeUiTest.android.kt:365)
10-04 02:22:42.634  3380  3400 E TestRunner: 	at androidx.compose.ui.test.ComposeRootRegistry.withRegistry(ComposeRootRegistry.android.kt:139)
10-04 02:22:42.634  3380  3400 E TestRunner: 	at androidx.compose.ui.test.AndroidComposeUiTestEnvironment.runTest(ComposeUiTest.android.kt:364)
10-04 02:22:42.634  3380  3400 E TestRunner: 	at androidx.compose.ui.test.junit4.AndroidComposeTestRule$apply$1.evaluate(AndroidComposeTestRule.android.kt:295)
10-04 02:22:42.634  3380  3400 E TestRunner: 	at org.junit.runners.ParentRunner$3.evaluate(ParentRunner.java:306)
10-04 02:22:42.634  3380  3400 E TestRunner: 	at org.junit.runners.BlockJUnit4ClassRunner$1.evaluate(BlockJUnit4ClassRunner.java:100)
10-04 02:22:42.634  3380  3400 E TestRunner: 	at org.junit.runners.ParentRunner.runLeaf(ParentRunner.java:366)
10-04 02:22:42.634  3380  3400 E TestRunner: 	at org.junit.runners.BlockJUnit4ClassRunner.runChild(BlockJUnit4ClassRunner.java:103)
10-04 02:22:42.634  3380  3400 E TestRunner: 	at org.junit.runners.BlockJUnit4ClassRunner.runChild(BlockJUnit4ClassRunner.java:63)
10-04 02:22:42.634  3380  3400 E TestRunner: 	at org.junit.runners.ParentRunner$4.run(ParentRunner.java:331)
10-04 02:22:42.634  3380  3400 E TestRunner: 	at org.junit.runners.ParentRunner$1.schedule(ParentRunner.java:79)
10-04 02:22:42.634  3380  3400 E TestRunner: 	at org.junit.runners.ParentRunner.runChildren(ParentRunner.java:329)
10-04 02:22:42.636  3380  3400 E TestRunner: 	at org.junit.runners.ParentRunner.access$100(ParentRunner.java:66)
10-04 02:22:42.636  3380  3400 E TestRunner: 	at org.junit.runners.ParentRunner$2.evaluate(ParentRunner.java:293)
10-04 02:22:42.636  3380  3400 E TestRunner: 	at org.junit.runners.ParentRunner$3.evaluate(ParentRunner.java:306)
10-04 02:22:42.636  3380  3400 E TestRunner: 	at org.junit.runners.ParentRunner.run(ParentRunner.java:413)
10-04 02:22:42.636  3380  3400 E TestRunner: 	at org.junit.runners.Suite.runChild(Suite.java:128)
10-04 02:22:42.636  3380  3400 E TestRunner: 	at org.junit.runners.Suite.runChild(Suite.java:27)
10-04 02:22:42.636  3380  3400 E TestRunner: 	at org.junit.runners.ParentRunner$4.run(ParentRunner.java:331)
10-04 02:22:42.636  3380  3400 E TestRunner: 	at org.junit.runners.ParentRunner$1.schedule(ParentRunner.java:79)
10-04 02:22:42.636  3380  3400 E TestRunner: 	at org.junit.runners.ParentRunner.runChildren(ParentRunner.java:329)
10-04 02:22:42.636  3380  3400 E TestRunner: 	at org.junit.runners.ParentRunner.access$100(ParentRunner.java:66)
10-04 02:22:42.636  3380  3400 E TestRunner: 	at org.junit.runners.ParentRunner$2.evaluate(ParentRunner.java:293)
10-04 02:22:42.636  3380  3400 E TestRunner: 	at org.junit.runners.ParentRunner$3.evaluate(ParentRunner.java:306)
10-04 02:22:42.636  3380  3400 E TestRunner: 	at org.junit.runners.ParentRunner.run(ParentRunner.java:413)
10-04 02:22:42.636  3380  3400 E TestRunner: 	at org.junit.runner.JUnitCore.run(JUnitCore.java:137)
10-04 02:22:42.636  3380  3400 E TestRunner: 	at org.junit.runner.JUnitCore.run(JUnitCore.java:115)
10-04 02:22:42.636  3380  3400 E TestRunner: 	at androidx.test.internal.runner.TestExecutor.execute(TestExecutor.java:68)
10-04 02:22:42.636  3380  3400 E TestRunner: 	at androidx.test.internal.runner.TestExecutor.execute(TestExecutor.java:59)
10-04 02:22:42.636  3380  3400 E TestRunner: 	at androidx.test.runner.AndroidJUnitRunner.onStart(AndroidJUnitRunner.java:463)
10-04 02:22:42.636  3380  3400 E TestRunner: 	at android.app.Instrumentation$InstrumentationThread.run(Instrumentation.java:2189)
10-04 02:22:42.636  3380  3400 E TestRunner: ----- end exception -----
10-04 02:22:42.659  3380  3400 I TestRunner: finished: treeOpensKeepsakeBeforeEditingAndTimelineReopensTheSavedStory(com.nothatcher.sproutbook.MemoryLeafFlowTest)
10-04 02:22:42.692  3380  3400 I TestRunner: started: enablingGrandparentModeRevokesArrangementAndOpenEditorControls(com.nothatcher.sproutbook.MemoryLeafFlowTest)
10-04 02:22:42.753  3380  3400 D IdlingRegistry: Registering idling resources: [androidx.compose.ui.test.EspressoLink@2a85e6b]
10-04 02:22:42.791  3380  3400 W Settings: Setting always_finish_activities has moved from android.provider.Settings.System to android.provider.Settings.Global, returning read-only value.
10-04 02:22:42.395  1928  1946 I DropBoxManagerService: add tag=system_app_strictmode isTagEnabled=true flags=0x2
10-04 02:22:42.865  1928  3462 I ActivityTaskManager: START u0 {act=android.intent.action.MAIN cat=[android.intent.category.LAUNCHER] flg=0x10008000 cmp=com.nothatcher.sproutbook/.MainActivity} from uid 10116
10-04 02:22:43.013  1928  2345 W InputReader: Device has associated, but no associated display id.
10-04 02:22:43.022  1928  2345 I chatty  : uid=1000(system) Binder:1928_7 identical 38 lines
10-04 02:22:43.022  1928  2345 W InputReader: Device has associated, but no associated display id.
10-04 02:22:43.037  3380  3380 W ActivityThread: handleWindowVisibility: no activity for token android.os.BinderProxy@7a47d86
10-04 02:22:43.192  3380  3380 D LifecycleMonitor: Lifecycle status change: com.nothatcher.sproutbook.MainActivity@8544899 in: PRE_ON_CREATE
10-04 02:22:43.193  3380  3380 V ActivityScenario: Activity lifecycle changed event received but ignored because the reported transition was not ON_CREATE while the last known transition was PRE_ON_CREATE
10-04 02:22:43.240  1709  1763 D gralloc_ranchu: gralloc_alloc: Creating ashmem region of size 1155072
10-04 02:22:43.462  1928  1948 W InputReader: Device has associated, but no associated display id.
10-04 02:22:43.463  1928  1948 I chatty  : uid=1000(system) android.anim identical 8 lines
10-04 02:22:43.463  1928  1948 W InputReader: Device has associated, but no associated display id.
10-04 02:22:43.593  1928  1947 W system_server: Long monitor contention with owner android.anim (1948) at void com.android.server.wm.WindowSurfacePlacer.lambda$new$0$WindowSurfacePlacer()(WindowSurfacePlacer.java:61) waiters=0 in com.android.server.wm.WindowProcessController com.android.server.wm.ActivityTaskManagerService$LocalService.getTopApp() for 222ms
10-04 02:22:43.745  3380  3380 D LifecycleMonitor: Lifecycle status change: com.nothatcher.sproutbook.MainActivity@8544899 in: CREATED
10-04 02:22:43.746  3380  3380 V ActivityScenario: Update currentActivityStage to CREATED, currentActivity=com.nothatcher.sproutbook.MainActivity@8544899
10-04 02:22:43.858  3380  3380 D LifecycleMonitor: Lifecycle status change: com.nothatcher.sproutbook.MainActivity@8544899 in: STARTED
10-04 02:22:43.862  3380  3380 V ActivityScenario: Update currentActivityStage to STARTED, currentActivity=com.nothatcher.sproutbook.MainActivity@8544899
10-04 02:22:43.881  3380  3380 D LifecycleMonitor: Lifecycle status change: com.nothatcher.sproutbook.MainActivity@8544899 in: RESUMED
10-04 02:22:43.882  3380  3380 V ActivityScenario: Update currentActivityStage to RESUMED, currentActivity=com.nothatcher.sproutbook.MainActivity@8544899
10-04 02:22:44.217  2288  2544 D EGL_emulation: eglMakeCurrent: 0x7c951c84b440: ver 3 0 (tinfo 0x7c951c8189e0)
10-04 02:22:45.391  1709  1763 D gralloc_ranchu: gralloc_alloc: Creating ashmem region of size 1155072
10-04 02:22:45.407  1709  1763 I chatty  : uid=1000(system) HwBinder:1709_2 identical 1 line
10-04 02:22:45.409  1709  1763 D gralloc_ranchu: gralloc_alloc: Creating ashmem region of size 1155072
10-04 02:22:45.631  3380  3402 D EGL_emulation: eglMakeCurrent: 0x7c94d1a0df00: ver 3 0 (tinfo 0x7c951ab59560)
10-04 02:22:45.690  3380  3402 I OpenGLRenderer: Davey! duration=2113ms; Flags=1, IntendedVsync=508026986200, Vsync=508460319516, OldestInputEvent=9223372036854775807, NewestInputEvent=0, HandleInputStart=508468065860, AnimationStart=508468253745, PerformTraversalsStart=508468281500, DrawStart=510022126265, SyncQueued=510089517248, SyncStart=510098565503, IssueDrawCommandsStart=510107089065, SwapBuffers=510119531975, FrameCompleted=510149407908, DequeueBufferDuration=20105000, QueueBufferDuration=1511000, 
10-04 02:22:45.762  3380  3380 I Choreographer: Skipped 99 frames!  The application may be doing too much work on its main thread.
10-04 02:22:45.967  1756  1756 E wifi_forwarder: RemoteConnection failed to initialize: RemoteConnection failed to open pipe
10-04 02:22:45.968  3380  3406 W cher.sproutboo: Accessing hidden method Lsun/misc/Unsafe;->getObject(Ljava/lang/Object;J)Ljava/lang/Object; (greylist, linking, allowed)
10-04 02:22:45.969  3380  3406 W cher.sproutboo: Accessing hidden method Lsun/misc/Unsafe;->putObject(Ljava/lang/Object;JLjava/lang/Object;)V (greylist, linking, allowed)
10-04 02:22:45.969  3380  3406 W cher.sproutboo: Accessing hidden method Lsun/misc/Unsafe;->putInt(Ljava/lang/Object;JI)V (greylist, linking, allowed)
10-04 02:22:45.969  3380  3406 W cher.sproutboo: Accessing hidden method Lsun/misc/Unsafe;->getInt(Ljava/lang/Object;J)I (greylist, linking, allowed)
10-04 02:22:46.269  1809  1809 E livelock: sample 11.440s
10-04 02:22:46.448  3380  3406 W cher.sproutboo: Accessing hidden method Lsun/misc/Unsafe;->putObject(Ljava/lang/Object;JLjava/lang/Object;)V (greylist, linking, allowed)
10-04 02:22:46.449  3380  3406 W cher.sproutboo: Accessing hidden method Lsun/misc/Unsafe;->putInt(Ljava/lang/Object;JI)V (greylist, linking, allowed)
10-04 02:22:46.450  3380  3406 W cher.sproutboo: Accessing hidden method Lsun/misc/Unsafe;->getInt(Ljava/lang/Object;J)I (greylist, linking, allowed)
10-04 02:22:46.855  1928  2453 E TaskPersister: File error accessing recents directory (directory doesn't exist?).
10-04 02:22:46.915  1928  1953 I ActivityTaskManager: Displayed com.nothatcher.sproutbook/.MainActivity: +2s901ms
10-04 02:22:47.398  1741  1741 E netmgr  : Failed to open QEMU pipe 'qemud:network': Invalid argument
10-04 02:22:48.649  3380  3380 I Choreographer: Skipped 112 frames!  The application may be doing too much work on its main thread.
10-04 02:22:48.661  3380  3408 W cher.sproutboo: Long monitor contention with owner arch_disk_io_2 (3414) at android.database.sqlite.SQLiteConnection android.database.sqlite.SQLiteConnectionPool.waitForConnection(java.lang.String, int, android.os.CancellationSignal)(SQLiteConnectionPool.java:684) waiters=0 in android.database.sqlite.SQLiteConnection android.database.sqlite.SQLiteConnectionPool.waitForConnection(java.lang.String, int, android.os.CancellationSignal) for 378ms
10-04 02:22:48.664  3380  3415 W cher.sproutboo: Long monitor contention with owner arch_disk_io_2 (3414) at android.database.sqlite.SQLiteConnection android.database.sqlite.SQLiteConnectionPool.waitForConnection(java.lang.String, int, android.os.CancellationSignal)(SQLiteConnectionPool.java:684) waiters=1 in void android.database.sqlite.SQLiteConnectionPool.releaseConnection(android.database.sqlite.SQLiteConnection) for 360ms
10-04 02:22:48.667  3380  3412 W cher.sproutboo: Long monitor contention with owner arch_disk_io_2 (3414) at android.database.sqlite.SQLiteConnection android.database.sqlite.SQLiteConnectionPool.waitForConnection(java.lang.String, int, android.os.CancellationSignal)(SQLiteConnectionPool.java:684) waiters=2 in void android.database.sqlite.SQLiteConnectionPool.releaseConnection(android.database.sqlite.SQLiteConnection) for 336ms
10-04 02:22:48.839  3380  3402 I OpenGLRenderer: Davey! duration=2057ms; Flags=0, IntendedVsync=511243754059, Vsync=513110420651, OldestInputEvent=9223372036854775807, NewestInputEvent=0, HandleInputStart=513113543608, AnimationStart=513113762638, PerformTraversalsStart=513114763943, DrawStart=513115256045, SyncQueued=513264187989, SyncStart=513265828803, IssueDrawCommandsStart=513266834968, SwapBuffers=513290843677, FrameCompleted=513302436505, DequeueBufferDuration=636000, QueueBufferDuration=7819000, 
10-04 02:22:49.333  3380  3406 W cher.sproutboo: Accessing hidden method Lsun/misc/Unsafe;->getObject(Ljava/lang/Object;J)Ljava/lang/Object; (greylist, linking, allowed)
10-04 02:22:49.337  3380  3406 W cher.sproutboo: Accessing hidden method Lsun/misc/Unsafe;->putObject(Ljava/lang/Object;JLjava/lang/Object;)V (greylist, linking, allowed)
10-04 02:22:49.338  3380  3406 W cher.sproutboo: Accessing hidden method Lsun/misc/Unsafe;->putInt(Ljava/lang/Object;JI)V (greylist, linking, allowed)
10-04 02:22:49.338  3380  3406 W cher.sproutboo: Accessing hidden method Lsun/misc/Unsafe;->getInt(Ljava/lang/Object;J)I (greylist, linking, allowed)
10-04 02:22:53.060  3380  3380 I Choreographer: Skipped 171 frames!  The application may be doing too much work on its main thread.
10-04 02:22:53.206  3380  3402 I OpenGLRenderer: Davey! duration=3004ms; Flags=0, IntendedVsync=514660430246, Vsync=517510430132, OldestInputEvent=9223372036854775807, NewestInputEvent=0, HandleInputStart=517523908861, AnimationStart=517524184384, PerformTraversalsStart=517532062104, DrawStart=517532728303, SyncQueued=517624617360, SyncStart=517629675920, IssueDrawCommandsStart=517630934099, SwapBuffers=517653900703, FrameCompleted=517669547335, DequeueBufferDuration=9889000, QueueBufferDuration=3735000, 
10-04 02:22:54.600  3380  3390 I cher.sproutboo: NativeAlloc concurrent copying GC freed 141295(5767KB) AllocSpace objects, 1(24KB) LOS objects, 42% free, 8482KB/14MB, paused 11.071ms total 5.675s
10-04 02:22:54.749  3380  3380 I Choreographer: Skipped 76 frames!  The application may be doing too much work on its main thread.
10-04 02:22:54.861  3380  3402 I OpenGLRenderer: Davey! duration=1379ms; Flags=0, IntendedVsync=517943781569, Vsync=519210448185, OldestInputEvent=9223372036854775807, NewestInputEvent=0, HandleInputStart=519212763697, AnimationStart=519212906293, PerformTraversalsStart=519213628283, DrawStart=519214399521, SyncQueued=519297345559, SyncStart=519298511502, IssueDrawCommandsStart=519299152175, SwapBuffers=519318911206, FrameCompleted=519324369170, DequeueBufferDuration=579000, QueueBufferDuration=3857000, 
10-04 02:22:55.774  1928  2449 D HostConnection: HostConnection::get() New Host Connection established 0x7c94be648500, tid 2449
10-04 02:22:55.775  1928  2449 D HostConnection: HostComposition ext ANDROID_EMU_CHECKSUM_HELPER_v1 ANDROID_EMU_native_sync_v2 ANDROID_EMU_dma_v1 ANDROID_EMU_direct_mem ANDROID_EMU_host_composition_v1 ANDROID_EMU_host_composition_v2 ANDROID_EMU_sync_buffer_data ANDROID_EMU_hwc_color_transform GL_OES_EGL_image_external_essl3 GL_OES_vertex_array_object GL_KHR_texture_compression_astc_ldr ANDROID_EMU_host_side_tracing ANDROID_EMU_gles_max_version_3_0 
10-04 02:22:56.081  3380  3380 I Choreographer: Skipped 56 frames!  The application may be doing too much work on its main thread.
10-04 02:22:56.182  3380  3402 I OpenGLRenderer: Davey! duration=1033ms; Flags=0, IntendedVsync=519610454725, Vsync=520543788021, OldestInputEvent=9223372036854775807, NewestInputEvent=0, HandleInputStart=520545019908, AnimationStart=520545163421, PerformTraversalsStart=520545183003, DrawStart=520545646631, SyncQueued=520617661423, SyncStart=520619459856, IssueDrawCommandsStart=520620174390, SwapBuffers=520639097473, FrameCompleted=520645437020, DequeueBufferDuration=731000, QueueBufferDuration=4017000, 
10-04 02:22:56.598  1928  2449 D EGL_emulation: eglCreateContext: 0x7c94be648640: maj 3 min 0 rcv 3
10-04 02:22:56.600  1928  2449 D EGL_emulation: eglMakeCurrent: 0x7c94be648640: ver 3 0 (tinfo 0x7c94ccb78da0)
10-04 02:22:57.235  3380  3380 I Choreographer: Skipped 55 frames!  The application may be doing too much work on its main thread.
10-04 02:22:57.334  3380  3402 I OpenGLRenderer: Davey! duration=1018ms; Flags=0, IntendedVsync=520777127346, Vsync=521693793976, OldestInputEvent=9223372036854775807, NewestInputEvent=0, HandleInputStart=521698639424, AnimationStart=521698788572, PerformTraversalsStart=521699026025, DrawStart=521699590398, SyncQueued=521771355827, SyncStart=521772521217, IssueDrawCommandsStart=521777234753, SwapBuffers=521792318390, FrameCompleted=521797141409, DequeueBufferDuration=667000, QueueBufferDuration=3365000, 
10-04 02:22:57.953  1928  2345 E memtrack: Couldn't load memtrack module
10-04 02:22:57.953  1928  2345 W android.os.Debug: failed to get memory consumption info: -1
10-04 02:22:59.453  3380  3380 I Choreographer: Skipped 109 frames!  The application may be doing too much work on its main thread.
10-04 02:22:59.695  3380  3402 I OpenGLRenderer: Davey! duration=2063ms; Flags=0, IntendedVsync=522093804774, Vsync=523910471368, OldestInputEvent=9223372036854775807, NewestInputEvent=0, HandleInputStart=523917480913, AnimationStart=523917640698, PerformTraversalsStart=523918483045, DrawStart=523918902920, SyncQueued=524069137714, SyncStart=524070490474, IssueDrawCommandsStart=524071320442, SwapBuffers=524155993629, FrameCompleted=524158892726, DequeueBufferDuration=690000, QueueBufferDuration=1402000, 
10-04 02:23:00.111  3227  3227 D KeyguardClockSwitch: Updating clock: 223
10-04 02:23:00.454  3227  3285 D EGL_emulation: eglMakeCurrent: 0x7c951ac52de0: ver 3 0 (tinfo 0x7c94ce350220)
10-04 02:23:00.611  3380  3406 W cher.sproutboo: Accessing hidden method Lsun/misc/Unsafe;->getObject(Ljava/lang/Object;J)Ljava/lang/Object; (greylist, linking, allowed)
10-04 02:23:00.612  3380  3406 W cher.sproutboo: Accessing hidden method Lsun/misc/Unsafe;->putObject(Ljava/lang/Object;JLjava/lang/Object;)V (greylist, linking, allowed)
10-04 02:23:00.612  3380  3406 W cher.sproutboo: Accessing hidden method Lsun/misc/Unsafe;->putInt(Ljava/lang/Object;JI)V (greylist, linking, allowed)
10-04 02:23:00.612  3380  3406 W cher.sproutboo: Accessing hidden method Lsun/misc/Unsafe;->getInt(Ljava/lang/Object;J)I (greylist, linking, allowed)
10-04 02:23:00.795  3380  3406 W cher.sproutboo: Accessing hidden method Lsun/misc/Unsafe;->getInt(Ljava/lang/Object;J)I (greylist, linking, allowed)
10-04 02:23:00.977  3380  3406 W cher.sproutboo: Accessing hidden method Lsun/misc/Unsafe;->putInt(Ljava/lang/Object;JI)V (greylist, linking, allowed)
10-04 02:23:00.978  3380  3406 W cher.sproutboo: Accessing hidden method Lsun/misc/Unsafe;->getInt(Ljava/lang/Object;J)I (greylist, linking, allowed)
10-04 02:23:02.395  1709  1763 D gralloc_ranchu: gralloc_alloc: Creating ashmem region of size 1343488
10-04 02:23:02.416  1709  1763 I chatty  : uid=1000(system) HwBinder:1709_2 identical 1 line
10-04 02:23:02.418  1709  1763 D gralloc_ranchu: gralloc_alloc: Creating ashmem region of size 1343488
10-04 02:23:02.562  3380  3402 D EGL_emulation: eglMakeCurrent: 0x7c94d1a0df00: ver 3 0 (tinfo 0x7c951ab59560)
10-04 02:23:02.848  3380  3380 I Choreographer: Skipped 44 frames!  The application may be doing too much work on its main thread.
10-04 02:23:03.173  3380  3406 W cher.sproutboo: Accessing hidden method Lsun/misc/Unsafe;->putInt(Ljava/lang/Object;JI)V (greylist, linking, allowed)
10-04 02:23:03.173  3380  3406 W cher.sproutboo: Accessing hidden method Lsun/misc/Unsafe;->getInt(Ljava/lang/Object;J)I (greylist, linking, allowed)
10-04 02:23:03.267  3380  3406 W cher.sproutboo: Accessing hidden method Lsun/misc/Unsafe;->getInt(Ljava/lang/Object;J)I (greylist, linking, allowed)
10-04 02:23:03.269  3380  3406 W cher.sproutboo: Accessing hidden method Lsun/misc/Unsafe;->putInt(Ljava/lang/Object;JI)V (greylist, linking, allowed)
10-04 02:23:03.269  3380  3406 W cher.sproutboo: Accessing hidden method Lsun/misc/Unsafe;->getInt(Ljava/lang/Object;J)I (greylist, linking, allowed)
10-04 02:23:03.679  3380  3402 D EGL_emulation: eglMakeCurrent: 0x7c94d1a0df00: ver 3 0 (tinfo 0x7c951ab59560)
10-04 02:23:03.821  3380  3402 I chatty  : uid=10116(com.nothatcher.sproutbook) RenderThread identical 1 line
10-04 02:23:04.456  3380  3402 D EGL_emulation: eglMakeCurrent: 0x7c94d1a0df00: ver 3 0 (tinfo 0x7c951ab59560)
10-04 02:23:04.504  1928  3056 E InputDispatcher: Window handle Window{753de18 u0 com.nothatcher.sproutbook/com.nothatcher.sproutbook.MainActivity} has no registered input channel
10-04 02:23:04.543  1928  3462 E InputDispatcher: Window handle Window{753de18 u0 com.nothatcher.sproutbook/com.nothatcher.sproutbook.MainActivity} has no registered input channel
10-04 02:23:04.574  1928  3462 I chatty  : uid=1000(system) Binder:1928_10 identical 1 line
10-04 02:23:04.596  1928  3462 E InputDispatcher: Window handle Window{753de18 u0 com.nothatcher.sproutbook/com.nothatcher.sproutbook.MainActivity} has no registered input channel
10-04 02:23:04.633  1928  3056 E InputDispatcher: Window handle Window{753de18 u0 com.nothatcher.sproutbook/com.nothatcher.sproutbook.MainActivity} has no registered input channel
10-04 02:23:04.688  3380  3380 I Choreographer: Skipped 39 frames!  The application may be doing too much work on its main thread.
10-04 02:23:05.743  1709  1763 D gralloc_ranchu: gralloc_alloc: Creating ashmem region of size 1155072
10-04 02:23:05.751  1709  1763 I chatty  : uid=1000(system) HwBinder:1709_2 identical 1 line
10-04 02:23:05.753  1709  1763 D gralloc_ranchu: gralloc_alloc: Creating ashmem region of size 1155072
10-04 02:23:05.856  3227  3285 D EGL_emulation: eglMakeCurrent: 0x7c951ac52de0: ver 3 0 (tinfo 0x7c94ce350220)
10-04 02:23:05.977  3227  3285 I chatty  : uid=10102(com.android.systemui) RenderThread identical 1 line
10-04 02:23:06.025  3227  3285 D EGL_emulation: eglMakeCurrent: 0x7c951ac52de0: ver 3 0 (tinfo 0x7c94ce350220)
10-04 02:23:06.090  3380  3402 D EGL_emulation: eglMakeCurrent: 0x7c94d1a0df00: ver 3 0 (tinfo 0x7c951ab59560)
10-04 02:23:06.104  3380  3402 I OpenGLRenderer: Davey! duration=2072ms; Flags=1, IntendedVsync=528493638282, Vsync=529143638256, OldestInputEvent=9223372036854775807, NewestInputEvent=0, HandleInputStart=529151645199, AnimationStart=529151787417, PerformTraversalsStart=529152443707, DrawStart=530401766802, SyncQueued=530552142011, SyncStart=530553973802, IssueDrawCommandsStart=530558943178, SwapBuffers=530560984991, FrameCompleted=530567775079, DequeueBufferDuration=610000, QueueBufferDuration=1707000, 
10-04 02:23:06.271  3380  3380 I Choreographer: Skipped 93 frames!  The application may be doing too much work on its main thread.
10-04 02:23:06.293  3380  3402 I OpenGLRenderer: Davey! duration=1578ms; Flags=0, IntendedVsync=529177002152, Vsync=530727002090, OldestInputEvent=9223372036854775807, NewestInputEvent=0, HandleInputStart=530734771072, AnimationStart=530734928530, PerformTraversalsStart=530734943331, DrawStart=530735478291, SyncQueued=530735600639, SyncStart=530736481192, IssueDrawCommandsStart=530737620047, SwapBuffers=530739462136, FrameCompleted=530756490276, DequeueBufferDuration=623000, QueueBufferDuration=1815000, 
10-04 02:23:07.056  3380  3406 W cher.sproutboo: Accessing hidden method Lsun/misc/Unsafe;->getInt(Ljava/lang/Object;J)I (greylist, linking, allowed)
10-04 02:23:07.092  3380  3406 W cher.sproutboo: Accessing hidden method Lsun/misc/Unsafe;->getInt(Ljava/lang/Object;J)I (greylist, linking, allowed)
10-04 02:23:07.093  3380  3406 W cher.sproutboo: Accessing hidden method Lsun/misc/Unsafe;->putInt(Ljava/lang/Object;JI)V (greylist, linking, allowed)
10-04 02:23:07.094  3380  3406 W cher.sproutboo: Accessing hidden method Lsun/misc/Unsafe;->getInt(Ljava/lang/Object;J)I (greylist, linking, allowed)
10-04 02:23:07.659  3380  3402 D EGL_emulation: eglMakeCurrent: 0x7c94d1a0df00: ver 3 0 (tinfo 0x7c951ab59560)
10-04 02:23:07.771  3380  3402 D EGL_emulation: eglMakeCurrent: 0x7c94d1a0df00: ver 3 0 (tinfo 0x7c951ab59560)
10-04 02:23:09.144  3484  3484 D AndroidRuntime: >>>>>> START com.android.internal.os.RuntimeInit uid 2000 <<<<<<
10-04 02:23:09.170  3484  3484 W app_process: type=1400 audit(0.0:48): avc: denied { read } for name="u:object_r:device_config_runtime_native_boot_prop:s0" dev="tmpfs" ino=6676 scontext=u:r:shell:s0 tcontext=u:object_r:device_config_runtime_native_boot_prop:s0 tclass=file permissive=0
10-04 02:23:09.170  3484  3484 W app_process: type=1400 audit(0.0:49): avc: denied { read } for name="u:object_r:device_config_runtime_native_boot_prop:s0" dev="tmpfs" ino=6676 scontext=u:r:shell:s0 tcontext=u:object_r:device_config_runtime_native_boot_prop:s0 tclass=file permissive=0
10-04 02:23:09.178  3484  3484 E libc    : Access denied finding property "persist.device_config.runtime_native_boot.enable_apex_image"
10-04 02:23:09.179  3484  3484 I AndroidRuntime: Using default boot image
10-04 02:23:09.181  3484  3484 E libc    : Access denied finding property "persist.device_config.runtime_native_boot.disable_lock_profiling"
10-04 02:23:09.181  3484  3484 I AndroidRuntime: Leaving lock profiling enabled
10-04 02:23:09.183  3484  3484 E libc    : Access denied finding property "persist.device_config.runtime_native_boot.enable_generational_cc"
10-04 02:23:09.170  3484  3484 W app_process: type=1400 audit(0.0:50): avc: denied { read } for name="u:object_r:device_config_runtime_native_boot_prop:s0" dev="tmpfs" ino=6676 scontext=u:r:shell:s0 tcontext=u:object_r:device_config_runtime_native_boot_prop:s0 tclass=file permissive=0
10-04 02:23:09.268  3484  3484 I app_process: Core platform API reporting enabled, enforcing=false
10-04 02:23:09.834  3484  3484 D ICU     : Time zone APEX file found: /apex/com.android.tzdata/etc/icu/icu_tzdata.dat
10-04 02:23:09.932  3484  3484 W app_process: Unexpected CPU variant for X86 using defaults: x86_64
10-04 02:23:09.969  3484  3484 I app_process: The ClassLoaderContext is a special shared library.
10-04 02:23:10.116  3484  3484 W app_process: JNI RegisterNativeMethods: attempt to register 0 native methods for android.media.AudioAttributes
10-04 02:23:10.201  3484  3484 D AndroidRuntime: Calling main entry com.android.commands.input.Input
10-04 02:23:10.275  1928  1945 D AutofillManagerService: onBackKeyPressed()
10-04 02:23:10.303  3484  3484 D AndroidRuntime: Shutting down VM
10-04 02:23:10.944  3380  3402 D EGL_emulation: eglMakeCurrent: 0x7c94d1a0df00: ver 3 0 (tinfo 0x7c951ab59560)
10-04 02:23:10.978  1928  3462 E InputDispatcher: Window handle Window{da74906 u0 com.nothatcher.sproutbook/com.nothatcher.sproutbook.MainActivity} has no registered input channel
10-04 02:23:11.025  1928  3462 E InputDispatcher: Window handle Window{da74906 u0 com.nothatcher.sproutbook/com.nothatcher.sproutbook.MainActivity} has no registered input channel
10-04 02:23:11.040  1928  2345 E InputDispatcher: Window handle Window{da74906 u0 com.nothatcher.sproutbook/com.nothatcher.sproutbook.MainActivity} has no registered input channel
10-04 02:23:11.221  3380  3380 I Choreographer: Skipped 39 frames!  The application may be doing too much work on its main thread.
10-04 02:23:11.393  3227  3285 D EGL_emulation: eglMakeCurrent: 0x7c951ac52de0: ver 3 0 (tinfo 0x7c94ce350220)
10-04 02:23:11.462  3227  3285 D EGL_emulation: eglMakeCurrent: 0x7c951ac52de0: ver 3 0 (tinfo 0x7c94ce350220)
10-04 02:23:11.644  1709  1763 D gralloc_ranchu: gralloc_alloc: Creating ashmem region of size 1343488
10-04 02:23:11.658  3227  3285 D EGL_emulation: eglMakeCurrent: 0x7c951ac52de0: ver 3 0 (tinfo 0x7c94ce350220)
10-04 02:23:11.674  3227  3285 D EGL_emulation: eglMakeCurrent: 0x7c951ac52de0: ver 3 0 (tinfo 0x7c94ce350220)
10-04 02:23:11.696  1709  1763 D gralloc_ranchu: gralloc_alloc: Creating ashmem region of size 1343488
10-04 02:23:11.701  1709  1763 D gralloc_ranchu: gralloc_alloc: Creating ashmem region of size 1343488
10-04 02:23:11.777  3380  3402 D EGL_emulation: eglMakeCurrent: 0x7c94d1a0df00: ver 3 0 (tinfo 0x7c951ab59560)
10-04 02:23:11.810  3380  3402 I OpenGLRenderer: Davey! duration=1244ms; Flags=1, IntendedVsync=535027081107, Vsync=535677081081, OldestInputEvent=9223372036854775807, NewestInputEvent=0, HandleInputStart=535685221680, AnimationStart=535685455271, PerformTraversalsStart=535685471778, DrawStart=536199063586, SyncQueued=536239137988, SyncStart=536241029942, IssueDrawCommandsStart=536241893324, SwapBuffers=536249336197, FrameCompleted=536273322765, DequeueBufferDuration=531000, QueueBufferDuration=1159000, 
10-04 02:23:12.058  3380  3380 I Choreographer: Skipped 47 frames!  The application may be doing too much work on its main thread.
10-04 02:23:12.078  3380  3402 I OpenGLRenderer: Davey! duration=813ms; Flags=0, IntendedVsync=535727101435, Vsync=536510434737, OldestInputEvent=9223372036854775807, NewestInputEvent=0, HandleInputStart=536521865203, AnimationStart=536522016759, PerformTraversalsStart=536522031266, DrawStart=536522779431, SyncQueued=536522919071, SyncStart=536523900687, IssueDrawCommandsStart=536525708642, SwapBuffers=536532437203, FrameCompleted=536542050423, DequeueBufferDuration=739000, QueueBufferDuration=2974000, 
10-04 02:23:12.600  1928  3462 I ActivityTaskManager: START u0 {act=android.intent.action.MAIN cat=[android.intent.category.LAUNCHER] flg=0x10000000 cmp=com.nothatcher.sproutbook.test/androidx.test.core.app.InstrumentationActivityInvoker$EmptyActivity} from uid 10116
10-04 02:23:12.770  1709  1763 D gralloc_ranchu: gralloc_alloc: Creating ashmem region of size 1155072
10-04 02:23:12.893  3380  3380 D LifecycleMonitor: Lifecycle status change: com.nothatcher.sproutbook.MainActivity@8544899 in: PAUSED
10-04 02:23:12.898  3380  3380 V ActivityScenario: Update currentActivityStage to PAUSED, currentActivity=com.nothatcher.sproutbook.MainActivity@8544899
10-04 02:23:12.912  1928  2345 W InputReader: Device has associated, but no associated display id.
10-04 02:23:12.940  1928  2345 I chatty  : uid=1000(system) Binder:1928_7 identical 28 lines
10-04 02:23:12.940  1928  2345 W InputReader: Device has associated, but no associated display id.
10-04 02:23:12.944  3434  3434 W ActivityThread: handleWindowVisibility: no activity for token android.os.BinderProxy@4398873
10-04 02:23:12.945  1928  2345 W InputReader: Device has associated, but no associated display id.
10-04 02:23:13.027  1928  2345 I chatty  : uid=1000(system) Binder:1928_7 identical 38 lines
10-04 02:23:13.027  1928  2345 W InputReader: Device has associated, but no associated display id.
10-04 02:23:13.054  1709  1763 D gralloc_ranchu: gralloc_alloc: Creating ashmem region of size 1155072
10-04 02:23:13.378  3380  3380 I Choreographer: Skipped 31 frames!  The application may be doing too much work on its main thread.
10-04 02:23:13.662  1709  1763 D gralloc_ranchu: gralloc_alloc: Creating ashmem region of size 1155072
10-04 02:23:13.680  1709  1763 I chatty  : uid=1000(system) HwBinder:1709_2 identical 1 line
10-04 02:23:13.682  1709  1763 D gralloc_ranchu: gralloc_alloc: Creating ashmem region of size 1155072
10-04 02:23:13.702  3434  3452 D EGL_emulation: eglMakeCurrent: 0x7c951c8496e0: ver 3 0 (tinfo 0x7c951c8186c0)
10-04 02:23:13.893  3380  3402 I OpenGLRenderer: Davey! duration=1045ms; Flags=0, IntendedVsync=537310460228, Vsync=537827126874, OldestInputEvent=9223372036854775807, NewestInputEvent=0, HandleInputStart=537842329776, AnimationStart=537842431861, PerformTraversalsStart=537847633897, DrawStart=537848209411, SyncQueued=538054839740, SyncStart=538055811880, IssueDrawCommandsStart=538167003251, SwapBuffers=538174266556, FrameCompleted=538357166489, DequeueBufferDuration=7868000, QueueBufferDuration=6246000, 
10-04 02:23:14.285  3380  3402 D EGL_emulation: eglMakeCurrent: 0x7c94d1a0df00: ver 3 0 (tinfo 0x7c951ab59560)
10-04 02:23:14.304  3380  3380 D LifecycleMonitor: Lifecycle status change: com.nothatcher.sproutbook.MainActivity@8544899 in: STOPPED
10-04 02:23:14.305  3380  3380 V ActivityScenario: Update currentActivityStage to STOPPED, currentActivity=com.nothatcher.sproutbook.MainActivity@8544899
10-04 02:23:14.369  3380  3380 I Choreographer: Skipped 58 frames!  The application may be doing too much work on its main thread.
10-04 02:23:14.530  1928  1953 I ActivityTaskManager: Displayed com.nothatcher.sproutbook.test/androidx.test.core.app.InstrumentationActivityInvoker$EmptyActivity: +1s149ms
10-04 02:23:14.641  1928  2449 D HostConnection: HostConnection::get() New Host Connection established 0x7c94be648500, tid 2449
10-04 02:23:14.642  1928  2449 D HostConnection: HostComposition ext ANDROID_EMU_CHECKSUM_HELPER_v1 ANDROID_EMU_native_sync_v2 ANDROID_EMU_dma_v1 ANDROID_EMU_direct_mem ANDROID_EMU_host_composition_v1 ANDROID_EMU_host_composition_v2 ANDROID_EMU_sync_buffer_data ANDROID_EMU_hwc_color_transform GL_OES_EGL_image_external_essl3 GL_OES_vertex_array_object GL_KHR_texture_compression_astc_ldr ANDROID_EMU_host_side_tracing ANDROID_EMU_gles_max_version_3_0 
10-04 02:23:14.644  1928  2449 D EGL_emulation: eglCreateContext: 0x7c94be648640: maj 3 min 0 rcv 3
10-04 02:23:14.645  1928  2449 D EGL_emulation: eglMakeCurrent: 0x7c94be648640: ver 3 0 (tinfo 0x7c94ccb78da0)
10-04 02:23:14.695  1928  2345 W InputReader: Device has associated, but no associated display id.
10-04 02:23:14.695  1928  2345 I chatty  : uid=1000(system) Binder:1928_7 identical 8 lines
10-04 02:23:14.695  1928  2345 W InputReader: Device has associated, but no associated display id.
10-04 02:23:14.769  1928  2479 W InputReader: Device has associated, but no associated display id.
10-04 02:23:14.769  1928  2479 I chatty  : uid=1000(system) Binder:1928_A identical 8 lines
10-04 02:23:14.770  1928  2479 W InputReader: Device has associated, but no associated display id.
10-04 02:23:15.036  1709  1763 D gralloc_ranchu: gralloc_alloc: Creating ashmem region of size 1155072
10-04 02:23:15.089  1709  1763 I chatty  : uid=1000(system) HwBinder:1709_2 identical 1 line
10-04 02:23:15.091  1709  1763 D gralloc_ranchu: gralloc_alloc: Creating ashmem region of size 1155072
10-04 02:23:15.153  2288  2544 D EGL_emulation: eglMakeCurrent: 0x7c951c84b440: ver 3 0 (tinfo 0x7c951c8189e0)
10-04 02:23:15.224  1928  1948 W InputReader: Device has associated, but no associated display id.
10-04 02:23:15.225  1928  1948 I chatty  : uid=1000(system) android.anim identical 8 lines
10-04 02:23:15.225  1928  1948 W InputReader: Device has associated, but no associated display id.
10-04 02:23:15.255  1709  1763 D gralloc_ranchu: gralloc_alloc: Creating ashmem region of size 1155072
10-04 02:23:15.403  1928  1947 W system_server: Long monitor contention with owner android.anim (1948) at void com.android.server.wm.WindowSurfacePlacer.lambda$new$0$WindowSurfacePlacer()(WindowSurfacePlacer.java:61) waiters=0 in void com.android.server.wm.WindowManagerService$H.handleMessage(android.os.Message) for 205ms
10-04 02:23:15.971  3434  3452 D EGL_emulation: eglMakeCurrent: 0x7c951c8496e0: ver 3 0 (tinfo 0x7c951c8186c0)
10-04 02:23:16.788  3434  3434 I Choreographer: Skipped 37 frames!  The application may be doing too much work on its main thread.
10-04 02:23:17.070  3380  3390 I cher.sproutboo: Background young concurrent copying GC freed 157366(5751KB) AllocSpace objects, 1(24KB) LOS objects, 41% free, 8538KB/14MB, paused 371.410ms total 4.254s
10-04 02:23:17.535  3227  3238 I ndroid.systemu: NativeAlloc concurrent copying GC freed 11910(828KB) AllocSpace objects, 0(0B) LOS objects, 49% free, 4623KB/9246KB, paused 91us total 1.972s
10-04 02:23:17.673  3380  3380 D LifecycleMonitor: Lifecycle status change: com.nothatcher.sproutbook.MainActivity@8544899 in: DESTROYED
10-04 02:23:17.674  3380  3380 V ActivityScenario: Update currentActivityStage to DESTROYED, currentActivity=null
10-04 02:23:17.845  3380  3380 I Choreographer: Skipped 173 frames!  The application may be doing too much work on its main thread.
10-04 02:23:17.887  3380  3400 D IdlingRegistry: Unregistering idling resources: [androidx.compose.ui.test.EspressoLink@2a85e6b]
10-04 02:23:17.904  3380  3400 I TestRunner: finished: enablingGrandparentModeRevokesArrangementAndOpenEditorControls(com.nothatcher.sproutbook.MemoryLeafFlowTest)
10-04 02:23:17.918  3380  3400 I TestRunner: started: todayLeafDeepLinkSurvivesRecreationAndDismissalStaysDismissed(com.nothatcher.sproutbook.MemoryLeafFlowTest)
10-04 02:23:17.965  3380  3400 D IdlingRegistry: Registering idling resources: [androidx.compose.ui.test.EspressoLink@6928942]
10-04 02:23:17.987  3380  3400 W Settings: Setting always_finish_activities has moved from android.provider.Settings.System to android.provider.Settings.Global, returning read-only value.
10-04 02:23:18.004  1928  2197 I ActivityTaskManager: START u0 {act=android.intent.action.MAIN cat=[android.intent.category.LAUNCHER] flg=0x10008000 cmp=com.nothatcher.sproutbook/.MainActivity} from uid 10116
10-04 02:23:18.105  1928  3462 W InputReader: Device has associated, but no associated display id.
10-04 02:23:18.115  1928  3462 I chatty  : uid=1000(system) Binder:1928_10 identical 38 lines
10-04 02:23:18.115  1928  3462 W InputReader: Device has associated, but no associated display id.
10-04 02:23:18.282  1709  1763 D gralloc_ranchu: gralloc_alloc: Creating ashmem region of size 1155072
10-04 02:23:18.310  3380  3380 W ActivityThread: handleWindowVisibility: no activity for token android.os.BinderProxy@ea5ab89
10-04 02:23:18.404  1928  1948 W InputReader: Device has associated, but no associated display id.
10-04 02:23:18.404  1928  1948 I chatty  : uid=1000(system) android.anim identical 8 lines
10-04 02:23:18.404  1928  1948 W InputReader: Device has associated, but no associated display id.
10-04 02:23:18.467  3380  3380 D LifecycleMonitor: Lifecycle status change: com.nothatcher.sproutbook.MainActivity@4e427a8 in: PRE_ON_CREATE
10-04 02:23:18.468  3380  3380 V ActivityScenario: Activity lifecycle changed event received but ignored because the reported transition was not ON_CREATE while the last known transition was PRE_ON_CREATE
10-04 02:23:18.679  3380  3380 D LifecycleMonitor: Lifecycle status change: com.nothatcher.sproutbook.MainActivity@4e427a8 in: CREATED
10-04 02:23:18.779  3380  3380 V ActivityScenario: Update currentActivityStage to CREATED, currentActivity=com.nothatcher.sproutbook.MainActivity@4e427a8
10-04 02:23:18.824  3380  3380 D LifecycleMonitor: Lifecycle status change: com.nothatcher.sproutbook.MainActivity@4e427a8 in: STARTED
10-04 02:23:18.826  3380  3380 V ActivityScenario: Update currentActivityStage to STARTED, currentActivity=com.nothatcher.sproutbook.MainActivity@4e427a8
10-04 02:23:18.833  3380  3380 D LifecycleMonitor: Lifecycle status change: com.nothatcher.sproutbook.MainActivity@4e427a8 in: RESUMED
10-04 02:23:18.834  3380  3380 V ActivityScenario: Update currentActivityStage to RESUMED, currentActivity=com.nothatcher.sproutbook.MainActivity@4e427a8
10-04 02:23:19.227  2288  2544 D EGL_emulation: eglMakeCurrent: 0x7c951c84b440: ver 3 0 (tinfo 0x7c951c8189e0)
10-04 02:23:19.846  1709  1763 D gralloc_ranchu: gralloc_alloc: Creating ashmem region of size 1155072
10-04 02:23:19.865  1709  1763 I chatty  : uid=1000(system) HwBinder:1709_2 identical 1 line
10-04 02:23:19.867  1709  1763 D gralloc_ranchu: gralloc_alloc: Creating ashmem region of size 1155072
10-04 02:23:20.067  3380  3402 D EGL_emulation: eglMakeCurrent: 0x7c94d1a0df00: ver 3 0 (tinfo 0x7c951ab59560)
10-04 02:23:20.160  3380  3380 I Choreographer: Skipped 70 frames!  The application may be doing too much work on its main thread.
10-04 02:23:20.306  3380  3407 W cher.sproutboo: Accessing hidden method Lsun/misc/Unsafe;->getObject(Ljava/lang/Object;J)Ljava/lang/Object; (greylist, linking, allowed)
10-04 02:23:20.336  3380  3407 W cher.sproutboo: Accessing hidden method Lsun/misc/Unsafe;->putInt(Ljava/lang/Object;JI)V (greylist, linking, allowed)
10-04 02:23:20.336  3380  3407 W cher.sproutboo: Accessing hidden method Lsun/misc/Unsafe;->getInt(Ljava/lang/Object;J)I (greylist, linking, allowed)
10-04 02:23:20.701  3380  3407 W cher.sproutboo: Accessing hidden method Lsun/misc/Unsafe;->getInt(Ljava/lang/Object;J)I (greylist, linking, allowed)
10-04 02:23:20.702  3380  3407 W cher.sproutboo: Accessing hidden method Lsun/misc/Unsafe;->putInt(Ljava/lang/Object;JI)V (greylist, linking, allowed)
10-04 02:23:20.703  3380  3407 W cher.sproutboo: Accessing hidden method Lsun/misc/Unsafe;->getInt(Ljava/lang/Object;J)I (greylist, linking, allowed)
10-04 02:23:20.882  3380  3407 W cher.sproutboo: Accessing hidden method Lsun/misc/Unsafe;->putObject(Ljava/lang/Object;JLjava/lang/Object;)V (greylist, linking, allowed)
10-04 02:23:20.882  3380  3407 W cher.sproutboo: Accessing hidden method Lsun/misc/Unsafe;->putInt(Ljava/lang/Object;JI)V (greylist, linking, allowed)
10-04 02:23:20.882  3380  3407 W cher.sproutboo: Accessing hidden method Lsun/misc/Unsafe;->getInt(Ljava/lang/Object;J)I (greylist, linking, allowed)
10-04 02:23:20.919  1928  1953 I ActivityTaskManager: Displayed com.nothatcher.sproutbook/.MainActivity: +2s133ms
10-04 02:23:20.926  3380  3407 W cher.sproutboo: Accessing hidden method Lsun/misc/Unsafe;->getInt(Ljava/lang/Object;J)I (greylist, linking, allowed)
10-04 02:23:20.942  3380  3407 W cher.sproutboo: Accessing hidden method Lsun/misc/Unsafe;->putObject(Ljava/lang/Object;JLjava/lang/Object;)V (greylist, linking, allowed)
10-04 02:23:20.943  3380  3407 W cher.sproutboo: Accessing hidden method Lsun/misc/Unsafe;->putInt(Ljava/lang/Object;JI)V (greylist, linking, allowed)
10-04 02:23:20.944  3380  3407 W cher.sproutboo: Accessing hidden method Lsun/misc/Unsafe;->getInt(Ljava/lang/Object;J)I (greylist, linking, allowed)
10-04 02:23:20.984  3380  3407 I chatty  : uid=10116(com.nothatcher.sproutbook) DefaultDispatch identical 1 line
10-04 02:23:21.004  3380  3407 W cher.sproutboo: Accessing hidden method Lsun/misc/Unsafe;->getInt(Ljava/lang/Object;J)I (greylist, linking, allowed)
10-04 02:23:21.005  3380  3407 W cher.sproutboo: Accessing hidden method Lsun/misc/Unsafe;->putInt(Ljava/lang/Object;JI)V (greylist, linking, allowed)
10-04 02:23:21.005  3380  3407 W cher.sproutboo: Accessing hidden method Lsun/misc/Unsafe;->getInt(Ljava/lang/Object;J)I (greylist, linking, allowed)
10-04 02:23:23.171  3380  3380 I Choreographer: Skipped 81 frames!  The application may be doing too much work on its main thread.
10-04 02:23:23.478  1928  2453 E TaskPersister: File error accessing recents directory (directory doesn't exist?).
10-04 02:23:23.621  3380  3407 W cher.sproutboo: Accessing hidden method Lsun/misc/Unsafe;->getObject(Ljava/lang/Object;J)Ljava/lang/Object; (greylist, linking, allowed)
10-04 02:23:23.622  3380  3407 W cher.sproutboo: Accessing hidden method Lsun/misc/Unsafe;->putObject(Ljava/lang/Object;JLjava/lang/Object;)V (greylist, linking, allowed)
10-04 02:23:23.622  3380  3407 W cher.sproutboo: Accessing hidden method Lsun/misc/Unsafe;->putInt(Ljava/lang/Object;JI)V (greylist, linking, allowed)
10-04 02:23:23.622  3380  3407 W cher.sproutboo: Accessing hidden method Lsun/misc/Unsafe;->getInt(Ljava/lang/Object;J)I (greylist, linking, allowed)
10-04 02:23:25.062  3380  3380 I Choreographer: Skipped 53 frames!  The application may be doing too much work on its main thread.
10-04 02:23:26.509  1928  1938 I system_server: NativeAlloc concurrent copying GC freed 93504(4359KB) AllocSpace objects, 37(1380KB) LOS objects, 42% free, 8091KB/13MB, paused 39.301ms total 8.500s
10-04 02:23:27.968  3380  3380 I Choreographer: Skipped 111 frames!  The application may be doing too much work on its main thread.
10-04 02:23:28.488  1709  1763 D gralloc_ranchu: gralloc_alloc: Creating ashmem region of size 1343488
10-04 02:23:28.496  1709  1763 I chatty  : uid=1000(system) HwBinder:1709_2 identical 1 line
10-04 02:23:28.502  1709  1763 D gralloc_ranchu: gralloc_alloc: Creating ashmem region of size 1343488
10-04 02:23:28.597  3380  3402 D EGL_emulation: eglMakeCurrent: 0x7c94d1a0df00: ver 3 0 (tinfo 0x7c951ab59560)
10-04 02:23:28.801  3380  3380 I Choreographer: Skipped 36 frames!  The application may be doing too much work on its main thread.
10-04 02:23:29.174  3380  3380 D LifecycleMonitor: Lifecycle status change: com.nothatcher.sproutbook.MainActivity@4e427a8 in: PAUSED
10-04 02:23:29.175  3380  3380 V ActivityScenario: Update currentActivityStage to PAUSED, currentActivity=com.nothatcher.sproutbook.MainActivity@4e427a8
10-04 02:23:29.195  3380  3402 D EGL_emulation: eglMakeCurrent: 0x7c94d1a0df00: ver 3 0 (tinfo 0x7c951ab59560)
10-04 02:23:29.211  3380  3380 D LifecycleMonitor: Lifecycle status change: com.nothatcher.sproutbook.MainActivity@4e427a8 in: STOPPED
10-04 02:23:29.212  3380  3380 V ActivityScenario: Update currentActivityStage to STOPPED, currentActivity=com.nothatcher.sproutbook.MainActivity@4e427a8
10-04 02:23:29.378  1928  3056 E InputDispatcher: Window handle Window{28bb10c u0 com.nothatcher.sproutbook/com.nothatcher.sproutbook.MainActivity} has no registered input channel
10-04 02:23:29.409  1928  2395 E InputDispatcher: Window handle Window{28bb10c u0 com.nothatcher.sproutbook/com.nothatcher.sproutbook.MainActivity} has no registered input channel
10-04 02:23:29.674  3380  3380 D LifecycleMonitor: Lifecycle status change: com.nothatcher.sproutbook.MainActivity@4e427a8 in: DESTROYED
10-04 02:23:29.675  3380  3380 V ActivityScenario: Update currentActivityStage to DESTROYED, currentActivity=null
10-04 02:23:29.794  3380  3380 D LifecycleMonitor: Lifecycle status change: com.nothatcher.sproutbook.MainActivity@f1ae141 in: PRE_ON_CREATE
10-04 02:23:29.795  3380  3380 V ActivityScenario: Activity lifecycle changed event received but ignored because the reported transition was not ON_CREATE while the last known transition was DESTROYED
10-04 02:23:29.857  3380  3380 D LifecycleMonitor: Lifecycle status change: com.nothatcher.sproutbook.MainActivity@f1ae141 in: CREATED
10-04 02:23:29.858  3380  3380 V ActivityScenario: Update currentActivityStage to CREATED, currentActivity=com.nothatcher.sproutbook.MainActivity@f1ae141
10-04 02:23:29.877  3380  3380 D LifecycleMonitor: Lifecycle status change: com.nothatcher.sproutbook.MainActivity@f1ae141 in: STARTED
10-04 02:23:29.878  3380  3380 V ActivityScenario: Update currentActivityStage to STARTED, currentActivity=com.nothatcher.sproutbook.MainActivity@f1ae141
10-04 02:23:29.882  3380  3380 D LifecycleMonitor: Lifecycle status change: com.nothatcher.sproutbook.MainActivity@f1ae141 in: RESUMED
10-04 02:23:29.883  3380  3380 V ActivityScenario: Update currentActivityStage to RESUMED, currentActivity=com.nothatcher.sproutbook.MainActivity@f1ae141
10-04 02:23:29.925  3380  3380 I Choreographer: Skipped 44 frames!  The application may be doing too much work on its main thread.
10-04 02:23:30.963  1709  1763 D gralloc_ranchu: gralloc_alloc: Creating ashmem region of size 1155072
10-04 02:23:30.984  1709  1763 I chatty  : uid=1000(system) HwBinder:1709_2 identical 1 line
10-04 02:23:30.990  1709  1763 D gralloc_ranchu: gralloc_alloc: Creating ashmem region of size 1155072
10-04 02:23:31.302  3380  3402 D EGL_emulation: eglMakeCurrent: 0x7c94d1a0df00: ver 3 0 (tinfo 0x7c951ab59560)
10-04 02:23:31.406  3380  3402 I OpenGLRenderer: Davey! duration=2223ms; Flags=1, IntendedVsync=553643828542, Vsync=554377161846, OldestInputEvent=9223372036854775807, NewestInputEvent=0, HandleInputStart=554388882344, AnimationStart=554389013018, PerformTraversalsStart=554389028785, DrawStart=555608866274, SyncQueued=555764220239, SyncStart=555766261406, IssueDrawCommandsStart=555775101855, SwapBuffers=555846068914, FrameCompleted=555869076788, DequeueBufferDuration=625000, QueueBufferDuration=2366000, 
10-04 02:23:31.461  3380  3380 I Choreographer: Skipped 86 frames!  The application may be doing too much work on its main thread.
10-04 02:23:31.831  1928  1946 W system_server: Long monitor contention with owner android.bg (1953) at boolean android.os.MessageQueue.enqueueMessage(android.os.Message, long)(MessageQueue.java:556) waiters=0 in android.os.Message android.os.MessageQueue.next() for 520ms
10-04 02:23:31.832  1928  1946 I DropBoxManagerService: add tag=system_server_strictmode isTagEnabled=true flags=0x2
10-04 02:23:32.592  3380  3380 I Choreographer: Skipped 63 frames!  The application may be doing too much work on its main thread.
10-04 02:23:32.610  3380  3397 I cher.sproutboo: Waiting for a blocking GC ProfileSaver
10-04 02:23:32.810  3380  3402 I OpenGLRenderer: Davey! duration=1278ms; Flags=0, IntendedVsync=555993815782, Vsync=557043815740, OldestInputEvent=9223372036854775807, NewestInputEvent=0, HandleInputStart=557055663869, AnimationStart=557055856327, PerformTraversalsStart=557055872622, DrawStart=557057250891, SyncQueued=557186064689, SyncStart=557187301724, IssueDrawCommandsStart=557187813908, SwapBuffers=557259744057, FrameCompleted=557273782595, DequeueBufferDuration=9913000, QueueBufferDuration=1522000, 
10-04 02:23:33.170  1709  1763 D gralloc_ranchu: gralloc_alloc: Creating ashmem region of size 1343488
10-04 02:23:33.179  1709  1763 I chatty  : uid=1000(system) HwBinder:1709_2 identical 1 line
10-04 02:23:33.185  1709  1763 D gralloc_ranchu: gralloc_alloc: Creating ashmem region of size 1343488
10-04 02:23:33.290  3380  3402 D EGL_emulation: eglMakeCurrent: 0x7c94d1a0df00: ver 3 0 (tinfo 0x7c951ab59560)
10-04 02:23:33.311  3380  3402 I OpenGLRenderer: Davey! duration=1778ms; Flags=1, IntendedVsync=555993815782, Vsync=557043815740, OldestInputEvent=9223372036854775807, NewestInputEvent=0, HandleInputStart=557055663869, AnimationStart=557055856327, PerformTraversalsStart=557055872622, DrawStart=557702578245, SyncQueued=557751845100, SyncStart=557754206220, IssueDrawCommandsStart=557755877916, SwapBuffers=557769855598, FrameCompleted=557774621781, DequeueBufferDuration=816000, QueueBufferDuration=1372000, 
10-04 02:23:33.522  3380  3380 I Choreographer: Skipped 42 frames!  The application may be doing too much work on its main thread.
10-04 02:23:33.588  3380  3402 I OpenGLRenderer: Davey! duration=773ms; Flags=0, IntendedVsync=557277148478, Vsync=557977148450, OldestInputEvent=9223372036854775807, NewestInputEvent=0, HandleInputStart=557986109028, AnimationStart=557990035289, PerformTraversalsStart=557990550813, DrawStart=557991413365, SyncQueued=557991584019, SyncStart=557992625504, IssueDrawCommandsStart=558019666292, SwapBuffers=558039963568, FrameCompleted=558051716038, DequeueBufferDuration=463000, QueueBufferDuration=1534000, 
10-04 02:23:34.379  3380  3380 D LifecycleMonitor: Lifecycle status change: com.nothatcher.sproutbook.MainActivity@f1ae141 in: PAUSED
10-04 02:23:34.387  3380  3380 V ActivityScenario: Update currentActivityStage to PAUSED, currentActivity=com.nothatcher.sproutbook.MainActivity@f1ae141
10-04 02:23:34.444  3380  3402 D EGL_emulation: eglMakeCurrent: 0x7c94d1a0df00: ver 3 0 (tinfo 0x7c951ab59560)
10-04 02:23:34.462  3380  3380 D LifecycleMonitor: Lifecycle status change: com.nothatcher.sproutbook.MainActivity@f1ae141 in: STOPPED
10-04 02:23:34.464  3380  3380 V ActivityScenario: Update currentActivityStage to STOPPED, currentActivity=com.nothatcher.sproutbook.MainActivity@f1ae141
10-04 02:23:34.672  3380  3402 D OpenGLRenderer: endAllActiveAnimators on 0x7c94c9526e00 (UnprojectedRipple) with handle 0x7c94c82573c0
10-04 02:23:34.714  1928  3056 E InputDispatcher: Window handle Window{854ac58 u0 com.nothatcher.sproutbook/com.nothatcher.sproutbook.MainActivity} has no registered input channel
10-04 02:23:34.741  1928  3056 E InputDispatcher: Window handle Window{854ac58 u0 com.nothatcher.sproutbook/com.nothatcher.sproutbook.MainActivity} has no registered input channel
10-04 02:23:35.023  3380  3380 D LifecycleMonitor: Lifecycle status change: com.nothatcher.sproutbook.MainActivity@f1ae141 in: DESTROYED
10-04 02:23:35.024  3380  3380 V ActivityScenario: Update currentActivityStage to DESTROYED, currentActivity=null
10-04 02:23:35.161  3380  3380 D LifecycleMonitor: Lifecycle status change: com.nothatcher.sproutbook.MainActivity@23a07ff in: PRE_ON_CREATE
10-04 02:23:35.164  3380  3380 V ActivityScenario: Activity lifecycle changed event received but ignored because the reported transition was not ON_CREATE while the last known transition was DESTROYED
10-04 02:23:35.246  3380  3380 D LifecycleMonitor: Lifecycle status change: com.nothatcher.sproutbook.MainActivity@23a07ff in: CREATED
10-04 02:23:35.247  3380  3380 V ActivityScenario: Update currentActivityStage to CREATED, currentActivity=com.nothatcher.sproutbook.MainActivity@23a07ff
10-04 02:23:35.264  3380  3380 D LifecycleMonitor: Lifecycle status change: com.nothatcher.sproutbook.MainActivity@23a07ff in: STARTED
10-04 02:23:35.265  3380  3380 V ActivityScenario: Update currentActivityStage to STARTED, currentActivity=com.nothatcher.sproutbook.MainActivity@23a07ff
10-04 02:23:35.270  3380  3380 D LifecycleMonitor: Lifecycle status change: com.nothatcher.sproutbook.MainActivity@23a07ff in: RESUMED
10-04 02:23:35.271  3380  3380 V ActivityScenario: Update currentActivityStage to RESUMED, currentActivity=com.nothatcher.sproutbook.MainActivity@23a07ff
10-04 02:23:35.342  3380  3380 I Choreographer: Skipped 60 frames!  The application may be doing too much work on its main thread.
10-04 02:23:36.096  1928  2449 D HostConnection: HostConnection::get() New Host Connection established 0x7c94be648500, tid 2449
10-04 02:23:36.164  1928  2449 D HostConnection: HostComposition ext ANDROID_EMU_CHECKSUM_HELPER_v1 ANDROID_EMU_native_sync_v2 ANDROID_EMU_dma_v1 ANDROID_EMU_direct_mem ANDROID_EMU_host_composition_v1 ANDROID_EMU_host_composition_v2 ANDROID_EMU_sync_buffer_data ANDROID_EMU_hwc_color_transform GL_OES_EGL_image_external_essl3 GL_OES_vertex_array_object GL_KHR_texture_compression_astc_ldr ANDROID_EMU_host_side_tracing ANDROID_EMU_gles_max_version_3_0 
10-04 02:23:36.617  1709  1763 D gralloc_ranchu: gralloc_alloc: Creating ashmem region of size 1155072
10-04 02:23:36.631  1709  1763 I chatty  : uid=1000(system) HwBinder:1709_2 identical 1 line
10-04 02:23:36.641  1709  1763 D gralloc_ranchu: gralloc_alloc: Creating ashmem region of size 1155072
10-04 02:23:36.700  1928  2449 D EGL_emulation: eglCreateContext: 0x7c94be648640: maj 3 min 0 rcv 3
10-04 02:23:36.702  1928  2449 D EGL_emulation: eglMakeCurrent: 0x7c94be648640: ver 3 0 (tinfo 0x7c94ccb78da0)
10-04 02:23:37.106  3380  3402 D EGL_emulation: eglMakeCurrent: 0x7c94d1a0df00: ver 3 0 (tinfo 0x7c951ab59560)
10-04 02:23:37.187  3380  3402 I OpenGLRenderer: Davey! duration=2849ms; Flags=1, IntendedVsync=558793346006, Vsync=559793345966, OldestInputEvent=9223372036854775807, NewestInputEvent=0, HandleInputStart=559806420022, AnimationStart=559806734811, PerformTraversalsStart=559808730361, DrawStart=561300287614, SyncQueued=561563385779, SyncStart=561571679359, IssueDrawCommandsStart=561573123401, SwapBuffers=561643962115, FrameCompleted=561650768594, DequeueBufferDuration=665000, QueueBufferDuration=2728000, 
10-04 02:23:37.240  3380  3380 I Choreographer: Skipped 109 frames!  The application may be doing too much work on its main thread.
10-04 02:23:38.308  3380  3380 I Choreographer: Skipped 57 frames!  The application may be doing too much work on its main thread.
10-04 02:23:38.545  3380  3402 I OpenGLRenderer: Davey! duration=1197ms; Flags=0, IntendedVsync=561810231989, Vsync=562760231951, OldestInputEvent=9223372036854775807, NewestInputEvent=0, HandleInputStart=562771959782, AnimationStart=562772111521, PerformTraversalsStart=562772128203, DrawStart=562773240155, SyncQueued=562907400488, SyncStart=562908641684, IssueDrawCommandsStart=562909112257, SwapBuffers=562977248584, FrameCompleted=563009123582, DequeueBufferDuration=1362000, QueueBufferDuration=16657000, 
10-04 02:23:31.861  1928  1946 I DropBoxManagerService: add tag=system_server_strictmode isTagEnabled=true flags=0x2
10-04 02:23:38.685  1928  3056 I ActivityTaskManager: START u0 {act=android.intent.action.MAIN cat=[android.intent.category.LAUNCHER] flg=0x10000000 cmp=com.nothatcher.sproutbook.test/androidx.test.core.app.InstrumentationActivityInvoker$EmptyActivity} from uid 10116
10-04 02:23:38.785  1928  1948 E system_server: Invalid ID 0x00000000.
10-04 02:23:38.884  1709  1763 D gralloc_ranchu: gralloc_alloc: Creating ashmem region of size 1155072
10-04 02:23:38.894  3380  3380 D LifecycleMonitor: Lifecycle status change: com.nothatcher.sproutbook.MainActivity@23a07ff in: PAUSED
10-04 02:23:38.896  3380  3380 V ActivityScenario: Update currentActivityStage to PAUSED, currentActivity=com.nothatcher.sproutbook.MainActivity@23a07ff
10-04 02:23:38.903  1928  3056 W InputReader: Device has associated, but no associated display id.
10-04 02:23:38.906  1928  3056 I chatty  : uid=1000(system) Binder:1928_B identical 28 lines
10-04 02:23:38.906  1928  3056 W InputReader: Device has associated, but no associated display id.
10-04 02:23:38.928  3434  3434 W ActivityThread: handleWindowVisibility: no activity for token android.os.BinderProxy@c507292
10-04 02:23:38.944  1928  3056 W InputReader: Device has associated, but no associated display id.
10-04 02:23:38.961  1928  3056 I chatty  : uid=1000(system) Binder:1928_B identical 18 lines
10-04 02:23:38.961  1928  3056 W InputReader: Device has associated, but no associated display id.
10-04 02:23:39.074  1928  1948 W InputReader: Device has associated, but no associated display id.
10-04 02:23:39.076  1928  1948 I chatty  : uid=1000(system) android.anim identical 18 lines
10-04 02:23:39.076  1928  1948 W InputReader: Device has associated, but no associated display id.
10-04 02:23:39.088  1709  1763 D gralloc_ranchu: gralloc_alloc: Creating ashmem region of size 1155072
10-04 02:23:39.158  1928  1947 W system_server: Long monitor contention with owner android.anim (1948) at void com.android.server.wm.WindowSurfacePlacer.lambda$new$0$WindowSurfacePlacer()(WindowSurfacePlacer.java:61) waiters=0 in void com.android.server.wm.WindowManagerService$H.handleMessage(android.os.Message) for 104ms
10-04 02:23:39.248  1709  1763 D gralloc_ranchu: gralloc_alloc: Creating ashmem region of size 1155072
10-04 02:23:39.462  1709  1763 I chatty  : uid=1000(system) HwBinder:1709_2 identical 2 lines
10-04 02:23:39.466  1709  1763 D gralloc_ranchu: gralloc_alloc: Creating ashmem region of size 1155072
10-04 02:23:39.550  3434  3452 D EGL_emulation: eglMakeCurrent: 0x7c951c8496e0: ver 3 0 (tinfo 0x7c951c8186c0)
10-04 02:23:39.773  3380  3380 I Choreographer: Skipped 51 frames!  The application may be doing too much work on its main thread.
10-04 02:23:40.143  3380  3390 I cher.sproutboo: NativeAlloc concurrent copying GC freed 188425(7494KB) AllocSpace objects, 0(0B) LOS objects, 39% free, 9326KB/15MB, paused 9.603ms total 8.424s
10-04 02:23:40.177  3380  3402 D EGL_emulation: eglMakeCurrent: 0x7c94d1a0df00: ver 3 0 (tinfo 0x7c951ab59560)
10-04 02:23:40.201  3380  3380 D LifecycleMonitor: Lifecycle status change: com.nothatcher.sproutbook.MainActivity@23a07ff in: STOPPED
10-04 02:23:40.202  3380  3380 V ActivityScenario: Update currentActivityStage to STOPPED, currentActivity=com.nothatcher.sproutbook.MainActivity@23a07ff
10-04 02:23:40.310  3380  3397 I cher.sproutboo: WaitForGcToComplete blocked ProfileSaver on HeapTrim for 7.700s
10-04 02:23:40.345  3380  3380 I Choreographer: Skipped 32 frames!  The application may be doing too much work on its main thread.
10-04 02:23:40.483  1928  3056 W InputReader: Device has associated, but no associated display id.
10-04 02:23:40.484  1928  3056 I chatty  : uid=1000(system) Binder:1928_B identical 8 lines
10-04 02:23:40.484  1928  3056 W InputReader: Device has associated, but no associated display id.
10-04 02:23:40.533  1928  2395 W InputReader: Device has associated, but no associated display id.
10-04 02:23:40.533  1928  2395 I chatty  : uid=1000(system) Binder:1928_8 identical 8 lines
10-04 02:23:40.533  1928  2395 W InputReader: Device has associated, but no associated display id.
10-04 02:23:40.579  1715  1736 W hw-IPCThreadState: All binder threads in pool (2 threads) busy for 114 ms
10-04 02:23:40.781  1715  1736 W hw-IPCThreadState: All binder threads in pool (2 threads) busy for 109 ms
10-04 02:23:40.798  1709  1763 D gralloc_ranchu: gralloc_alloc: Creating ashmem region of size 1155072
10-04 02:23:40.807  1709  1763 I chatty  : uid=1000(system) HwBinder:1709_2 identical 1 line
10-04 02:23:40.809  1709  1763 D gralloc_ranchu: gralloc_alloc: Creating ashmem region of size 1155072
10-04 02:23:40.823  2288  2544 D EGL_emulation: eglMakeCurrent: 0x7c951c84b440: ver 3 0 (tinfo 0x7c951c8189e0)
10-04 02:23:40.924  1928  1948 W InputReader: Device has associated, but no associated display id.
10-04 02:23:40.924  1928  1948 I chatty  : uid=1000(system) android.anim identical 8 lines
10-04 02:23:40.925  1928  1948 W InputReader: Device has associated, but no associated display id.
10-04 02:23:40.939  1709  1763 D gralloc_ranchu: gralloc_alloc: Creating ashmem region of size 1155072
10-04 02:23:41.010  1928  1947 W system_server: Long monitor contention with owner android.anim (1948) at void com.android.server.wm.WindowSurfacePlacer.lambda$new$0$WindowSurfacePlacer()(WindowSurfacePlacer.java:61) waiters=0 in void com.android.server.wm.WindowManagerService$H.handleMessage(android.os.Message) for 118ms
10-04 02:23:41.030  1715  1736 W hw-IPCThreadState: All binder threads in pool (2 threads) busy for 137 ms
10-04 02:23:41.487  1928  2197 I ActivityTaskManager: Activity reported stop, but no longer stopping: ActivityRecord{1c66b50 u0 com.nothatcher.sproutbook/.MainActivity t10 f}
10-04 02:23:41.617  3434  3452 D EGL_emulation: eglMakeCurrent: 0x7c951c8496e0: ver 3 0 (tinfo 0x7c951c8186c0)
10-04 02:23:41.680  1715  1736 W hw-IPCThreadState: All binder threads in pool (2 threads) busy for 110 ms
10-04 02:23:41.907  1928  1953 I ActivityTaskManager: Displayed com.nothatcher.sproutbook.test/androidx.test.core.app.InstrumentationActivityInvoker$EmptyActivity: +1s20ms
10-04 02:23:42.052  1715  1736 W hw-IPCThreadState: All binder threads in pool (2 threads) busy for 107 ms
10-04 02:23:42.457  3434  3434 I Choreographer: Skipped 36 frames!  The application may be doing too much work on its main thread.
10-04 02:23:42.856  2288  2306 I droid.launcher: NativeAlloc concurrent copying GC freed 5368(389KB) AllocSpace objects, 0(0B) LOS objects, 49% free, 2644KB/5288KB, paused 83us total 1.758s
10-04 02:23:42.936  1928  1946 I DropBoxManagerService: add tag=system_app_strictmode isTagEnabled=true flags=0x2
10-04 02:23:43.255  3380  3380 D LifecycleMonitor: Lifecycle status change: com.nothatcher.sproutbook.MainActivity@23a07ff in: DESTROYED
10-04 02:23:43.255  3380  3380 V ActivityScenario: Update currentActivityStage to DESTROYED, currentActivity=null
10-04 02:23:43.395  3380  3380 I Choreographer: Skipped 90 frames!  The application may be doing too much work on its main thread.
10-04 02:23:43.476  3380  3400 D IdlingRegistry: Unregistering idling resources: [androidx.compose.ui.test.EspressoLink@6928942]
10-04 02:23:43.491  3380  3400 I TestRunner: finished: todayLeafDeepLinkSurvivesRecreationAndDismissalStaysDismissed(com.nothatcher.sproutbook.MemoryLeafFlowTest)
10-04 02:23:43.524  3380  3400 I TestRunner: started: pregnancySessionsPersist(com.nothatcher.sproutbook.CareFlowTest)
10-04 02:23:43.571  3227  3238 I ndroid.systemu: NativeAlloc concurrent copying GC freed 7755(529KB) AllocSpace objects, 0(0B) LOS objects, 49% free, 4638KB/9276KB, paused 97us total 2.059s
10-04 02:23:43.582  3380  3400 D IdlingRegistry: Registering idling resources: [androidx.compose.ui.test.EspressoLink@d41aab0]
10-04 02:23:43.605  3380  3400 W Settings: Setting always_finish_activities has moved from android.provider.Settings.System to android.provider.Settings.Global, returning read-only value.
10-04 02:23:43.179  1928  1946 I chatty  : uid=1000(system) android.io identical 2 lines
10-04 02:23:43.442  1928  1946 I DropBoxManagerService: add tag=system_app_strictmode isTagEnabled=true flags=0x2
10-04 02:23:43.624  1928  2395 I ActivityTaskManager: START u0 {act=android.intent.action.MAIN cat=[android.intent.category.LAUNCHER] flg=0x10008000 cmp=com.nothatcher.sproutbook/.MainActivity} from uid 10116
10-04 02:23:43.721  1928  3462 W InputReader: Device has associated, but no associated display id.
10-04 02:23:43.733  1928  3462 I chatty  : uid=1000(system) Binder:1928_10 identical 38 lines
10-04 02:23:43.733  1928  3462 W InputReader: Device has associated, but no associated display id.
10-04 02:23:43.947  3380  3380 W ActivityThread: handleWindowVisibility: no activity for token android.os.BinderProxy@7bb164f
10-04 02:23:44.012  1709  1763 D gralloc_ranchu: gralloc_alloc: Creating ashmem region of size 1155072
10-04 02:23:44.037  3380  3380 D LifecycleMonitor: Lifecycle status change: com.nothatcher.sproutbook.MainActivity@eb6f86 in: PRE_ON_CREATE
10-04 02:23:44.038  3380  3380 V ActivityScenario: Activity lifecycle changed event received but ignored because the reported transition was not ON_CREATE while the last known transition was PRE_ON_CREATE
10-04 02:23:44.268  1928  1948 W InputReader: Device has associated, but no associated display id.
10-04 02:23:44.454  1928  1944 W Looper  : Slow dispatch took 133ms android.fg h=android.os.Handler c=com.android.server.Watchdog$HandlerChecker@3e54471 m=0
10-04 02:23:44.269  1928  1948 I chatty  : uid=1000(system) android.anim identical 8 lines
10-04 02:23:44.269  1928  1948 W InputReader: Device has associated, but no associated display id.
10-04 02:23:44.740  1928  2022 E ReportEncoder: No watchlist hash
10-04 02:23:44.791  2288  2544 D EGL_emulation: eglMakeCurrent: 0x7c951c84b440: ver 3 0 (tinfo 0x7c951c8189e0)
10-04 02:23:44.995  3380  3380 D LifecycleMonitor: Lifecycle status change: com.nothatcher.sproutbook.MainActivity@eb6f86 in: CREATED
10-04 02:23:44.998  3380  3380 V ActivityScenario: Update currentActivityStage to CREATED, currentActivity=com.nothatcher.sproutbook.MainActivity@eb6f86
10-04 02:23:45.012  3380  3380 D LifecycleMonitor: Lifecycle status change: com.nothatcher.sproutbook.MainActivity@eb6f86 in: STARTED
10-04 02:23:45.016  3380  3380 V ActivityScenario: Update currentActivityStage to STARTED, currentActivity=com.nothatcher.sproutbook.MainActivity@eb6f86
10-04 02:23:45.019  3380  3380 D LifecycleMonitor: Lifecycle status change: com.nothatcher.sproutbook.MainActivity@eb6f86 in: RESUMED
10-04 02:23:45.020  3380  3380 V ActivityScenario: Update currentActivityStage to RESUMED, currentActivity=com.nothatcher.sproutbook.MainActivity@eb6f86
10-04 02:23:45.728  1709  1763 D gralloc_ranchu: gralloc_alloc: Creating ashmem region of size 1155072
10-04 02:23:45.741  1709  1763 I chatty  : uid=1000(system) HwBinder:1709_2 identical 1 line
10-04 02:23:45.742  1709  1763 D gralloc_ranchu: gralloc_alloc: Creating ashmem region of size 1155072
10-04 02:23:45.912  3380  3402 D EGL_emulation: eglMakeCurrent: 0x7c94d1a0df00: ver 3 0 (tinfo 0x7c951ab59560)
10-04 02:23:45.935  3380  3402 I OpenGLRenderer: Davey! duration=935ms; Flags=1, IntendedVsync=569460374070, Vsync=569543707400, OldestInputEvent=9223372036854775807, NewestInputEvent=0, HandleInputStart=569558058327, AnimationStart=569558175823, PerformTraversalsStart=569558190915, DrawStart=570316770252, SyncQueued=570374204193, SyncStart=570376673080, IssueDrawCommandsStart=570380441722, SwapBuffers=570386904301, FrameCompleted=570398469304, DequeueBufferDuration=574000, QueueBufferDuration=1243000, 
10-04 02:23:46.000  3380  3380 I Choreographer: Skipped 50 frames!  The application may be doing too much work on its main thread.
10-04 02:23:46.027  1756  1756 E wifi_forwarder: RemoteConnection failed to initialize: RemoteConnection failed to open pipe
10-04 02:23:46.211  3380  3409 W cher.sproutboo: Accessing hidden method Lsun/misc/Unsafe;->getObject(Ljava/lang/Object;J)Ljava/lang/Object; (greylist, linking, allowed)
10-04 02:23:46.211  3380  3409 W cher.sproutboo: Accessing hidden method Lsun/misc/Unsafe;->putObject(Ljava/lang/Object;JLjava/lang/Object;)V (greylist, linking, allowed)
10-04 02:23:46.212  3380  3409 W cher.sproutboo: Accessing hidden method Lsun/misc/Unsafe;->putInt(Ljava/lang/Object;JI)V (greylist, linking, allowed)
10-04 02:23:46.212  3380  3409 W cher.sproutboo: Accessing hidden method Lsun/misc/Unsafe;->getInt(Ljava/lang/Object;J)I (greylist, linking, allowed)
10-04 02:23:46.476  3380  3409 W cher.sproutboo: Accessing hidden method Lsun/misc/Unsafe;->putObject(Ljava/lang/Object;JLjava/lang/Object;)V (greylist, linking, allowed)
10-04 02:23:46.583  3380  3409 W cher.sproutboo: Accessing hidden method Lsun/misc/Unsafe;->putInt(Ljava/lang/Object;JI)V (greylist, linking, allowed)
10-04 02:23:46.583  3380  3409 W cher.sproutboo: Accessing hidden method Lsun/misc/Unsafe;->getInt(Ljava/lang/Object;J)I (greylist, linking, allowed)
10-04 02:23:46.737  3380  3409 W cher.sproutboo: Accessing hidden method Lsun/misc/Unsafe;->getInt(Ljava/lang/Object;J)I (greylist, linking, allowed)
10-04 02:23:46.738  3380  3409 W cher.sproutboo: Accessing hidden method Lsun/misc/Unsafe;->putObject(Ljava/lang/Object;JLjava/lang/Object;)V (greylist, linking, allowed)
10-04 02:23:46.739  3380  3409 W cher.sproutboo: Accessing hidden method Lsun/misc/Unsafe;->putInt(Ljava/lang/Object;JI)V (greylist, linking, allowed)
10-04 02:23:46.739  3380  3409 W cher.sproutboo: Accessing hidden method Lsun/misc/Unsafe;->getInt(Ljava/lang/Object;J)I (greylist, linking, allowed)
10-04 02:23:46.785  3380  3409 I chatty  : uid=10116(com.nothatcher.sproutbook) DefaultDispatch identical 1 line
10-04 02:23:46.835  3380  3409 W cher.sproutboo: Accessing hidden method Lsun/misc/Unsafe;->getInt(Ljava/lang/Object;J)I (greylist, linking, allowed)
10-04 02:23:46.847  3380  3409 W cher.sproutboo: Accessing hidden method Lsun/misc/Unsafe;->putInt(Ljava/lang/Object;JI)V (greylist, linking, allowed)
10-04 02:23:46.847  3380  3409 W cher.sproutboo: Accessing hidden method Lsun/misc/Unsafe;->getInt(Ljava/lang/Object;J)I (greylist, linking, allowed)
10-04 02:23:46.855  1928  1953 I ActivityTaskManager: Displayed com.nothatcher.sproutbook/.MainActivity: +2s391ms
10-04 02:23:47.154  1928  2022 I WatchlistLoggingHandler: Milliseconds spent on tryAggregateRecords(): 501697
10-04 02:23:47.457  1741  1741 E netmgr  : Failed to open QEMU pipe 'qemud:network': Invalid argument
10-04 02:23:47.474  1928  1946 I DropBoxManagerService: add tag=system_server_strictmode isTagEnabled=true flags=0x2
10-04 02:23:47.695  1928  1946 W system_server: Long monitor contention with owner NetworkWatchlistService (2022) at boolean android.os.MessageQueue.enqueueMessage(android.os.Message, long)(MessageQueue.java:556) waiters=0 in android.os.Message android.os.MessageQueue.next() for 207ms
10-04 02:23:47.947  1928  1946 I chatty  : uid=1000(system) android.io identical 2 lines
10-04 02:23:48.169  1928  1946 I DropBoxManagerService: add tag=system_server_strictmode isTagEnabled=true flags=0x2
10-04 02:23:48.355  1928  2453 E TaskPersister: File error accessing recents directory (directory doesn't exist?).
10-04 02:23:48.447  1928  1946 I DropBoxManagerService: add tag=system_server_strictmode isTagEnabled=true flags=0x2
10-04 02:23:48.739  3380  3380 I Choreographer: Skipped 72 frames!  The application may be doing too much work on its main thread.
10-04 02:23:48.894  3380  3402 I OpenGLRenderer: Davey! duration=1363ms; Flags=0, IntendedVsync=571993799380, Vsync=573193799332, OldestInputEvent=9223372036854775807, NewestInputEvent=0, HandleInputStart=573202781836, AnimationStart=573206493053, PerformTraversalsStart=573207172874, DrawStart=573207721176, SyncQueued=573324526751, SyncStart=573325696056, IssueDrawCommandsStart=573327473234, SwapBuffers=573349739527, FrameCompleted=573358024982, DequeueBufferDuration=4566000, QueueBufferDuration=2199000, 
10-04 02:23:49.522  1928  1946 W system_server: Long monitor contention with owner NetworkWatchlistService (2022) at boolean android.os.MessageQueue.enqueueMessage(android.os.Message, long)(MessageQueue.java:556) waiters=0 in android.os.Message android.os.MessageQueue.next() for 414ms
10-04 02:23:49.876  1928  1946 W system_server: Long monitor contention with owner NetworkWatchlistService (2022) at boolean android.os.MessageQueue.enqueueMessage(android.os.Message, long)(MessageQueue.java:556) waiters=0 in android.os.Message android.os.MessageQueue.next() for 277ms
10-04 02:23:50.178  1928  1946 W system_server: Long monitor contention with owner NetworkWatchlistService (2022) at boolean android.os.MessageQueue.enqueueMessage(android.os.Message, long)(MessageQueue.java:556) waiters=0 in android.os.Message android.os.MessageQueue.next() for 279ms
10-04 02:23:51.262  3380  3380 I Choreographer: Skipped 120 frames!  The application may be doing too much work on its main thread.
10-04 02:23:51.402  3380  3402 I OpenGLRenderer: Davey! duration=2154ms; Flags=0, IntendedVsync=573710471796, Vsync=575710471716, OldestInputEvent=9223372036854775807, NewestInputEvent=0, HandleInputStart=575725965844, AnimationStart=575726129779, PerformTraversalsStart=575731623416, DrawStart=575732167889, SyncQueued=575833495927, SyncStart=575834653505, IssueDrawCommandsStart=575835284825, SwapBuffers=575856562618, FrameCompleted=575866008566, DequeueBufferDuration=782000, QueueBufferDuration=6910000, 
10-04 02:23:52.875  3380  3380 I Choreographer: Skipped 74 frames!  The application may be doing too much work on its main thread.
10-04 02:23:52.987  3380  3402 I OpenGLRenderer: Davey! duration=1356ms; Flags=0, IntendedVsync=576093741463, Vsync=577327074747, OldestInputEvent=9223372036854775807, NewestInputEvent=0, HandleInputStart=577339300753, AnimationStart=577339459096, PerformTraversalsStart=577339475280, DrawStart=577340012678, SyncQueued=577412548651, SyncStart=577413807703, IssueDrawCommandsStart=577414319235, SwapBuffers=577445051920, FrameCompleted=577451069357, DequeueBufferDuration=703000, QueueBufferDuration=4194000, 
10-04 02:23:54.005  3380  3380 I Choreographer: Skipped 45 frames!  The application may be doing too much work on its main thread.
10-04 02:23:54.101  3380  3402 I OpenGLRenderer: Davey! duration=852ms; Flags=0, IntendedVsync=577710370971, Vsync=578460370941, OldestInputEvent=9223372036854775807, NewestInputEvent=0, HandleInputStart=578469165379, AnimationStart=578469301350, PerformTraversalsStart=578469316945, DrawStart=578470311008, SyncQueued=578532246458, SyncStart=578533485132, IssueDrawCommandsStart=578534165034, SwapBuffers=578555473731, FrameCompleted=578564277445, DequeueBufferDuration=4749000, QueueBufferDuration=2424000, 
10-04 02:23:56.737  3380  3380 I Choreographer: Skipped 141 frames!  The application may be doing too much work on its main thread.
10-04 02:23:56.880  3380  3402 I OpenGLRenderer: Davey! duration=2498ms; Flags=0, IntendedVsync=578843665925, Vsync=581193665831, OldestInputEvent=9223372036854775807, NewestInputEvent=0, HandleInputStart=581201191551, AnimationStart=581201330106, PerformTraversalsStart=581202393849, DrawStart=581202855131, SyncQueued=581306407424, SyncStart=581307627841, IssueDrawCommandsStart=581308310540, SwapBuffers=581330001804, FrameCompleted=581343162021, DequeueBufferDuration=1055000, QueueBufferDuration=7971000, 
10-04 02:23:57.793  1928  2449 D HostConnection: HostConnection::get() New Host Connection established 0x7c94be648500, tid 2449
10-04 02:23:57.794  1928  2449 D HostConnection: HostComposition ext ANDROID_EMU_CHECKSUM_HELPER_v1 ANDROID_EMU_native_sync_v2 ANDROID_EMU_dma_v1 ANDROID_EMU_direct_mem ANDROID_EMU_host_composition_v1 ANDROID_EMU_host_composition_v2 ANDROID_EMU_sync_buffer_data ANDROID_EMU_hwc_color_transform GL_OES_EGL_image_external_essl3 GL_OES_vertex_array_object GL_KHR_texture_compression_astc_ldr ANDROID_EMU_host_side_tracing ANDROID_EMU_gles_max_version_3_0 
10-04 02:23:57.893  3380  3390 I cher.sproutboo: ThreadFlipBegin blocked for 54.773ms
10-04 02:23:57.964  3380  3380 I Choreographer: Skipped 50 frames!  The application may be doing too much work on its main thread.
10-04 02:23:58.057  3380  3402 I OpenGLRenderer: Davey! duration=925ms; Flags=0, IntendedVsync=581593658763, Vsync=582426992063, OldestInputEvent=9223372036854775807, NewestInputEvent=0, HandleInputStart=582428085574, AnimationStart=582428260550, PerformTraversalsStart=582432236835, DrawStart=582432946829, SyncQueued=582500332939, SyncStart=582501545290, IssueDrawCommandsStart=582502038861, SwapBuffers=582516484272, FrameCompleted=582519929093, DequeueBufferDuration=648000, QueueBufferDuration=1563000, 
10-04 02:23:58.326  1928  2449 D EGL_emulation: eglCreateContext: 0x7c94be648640: maj 3 min 0 rcv 3
10-04 02:23:59.128  1928  2449 D EGL_emulation: eglMakeCurrent: 0x7c94be648640: ver 3 0 (tinfo 0x7c94ccb78da0)
10-04 02:24:00.128  3227  3227 D KeyguardClockSwitch: Updating clock: 224
10-04 02:24:00.175  3227  3285 D EGL_emulation: eglMakeCurrent: 0x7c951ac52de0: ver 3 0 (tinfo 0x7c94ce350220)
10-04 02:24:01.057  3227  3227 I Choreographer: Skipped 33 frames!  The application may be doing too much work on its main thread.
10-04 02:24:02.478  3380  3380 W cher.sproutboo: Verification of void com.nothatcher.sproutbook.features.pregnancy.PregnancyScreenKt$PregnancyScreen$lambda$145$lambda$144$$inlined$items$default$12.invoke(androidx.compose.foundation.lazy.LazyItemScope, int, androidx.compose.runtime.Composer, int) took 131.075ms
10-04 02:24:02.828  3380  3390 I cher.sproutboo: NativeAlloc concurrent copying GC freed 213245(8220KB) AllocSpace objects, 0(0B) LOS objects, 40% free, 9200KB/14MB, paused 1.058ms total 7.100s
10-04 02:24:03.078  3380  3380 I Choreographer: Skipped 32 frames!  The application may be doing too much work on its main thread.
10-04 02:23:49.877  1928  1946 I chatty  : uid=1000(system) android.io identical 4 lines
10-04 02:23:50.181  1928  1946 I DropBoxManagerService: add tag=system_server_strictmode isTagEnabled=true flags=0x2
10-04 02:24:05.107  1928  2395 I ActivityTaskManager: START u0 {act=android.intent.action.MAIN cat=[android.intent.category.LAUNCHER] flg=0x10000000 cmp=com.nothatcher.sproutbook.test/androidx.test.core.app.InstrumentationActivityInvoker$EmptyActivity} from uid 10116
10-04 02:24:05.322  3380  3380 D LifecycleMonitor: Lifecycle status change: com.nothatcher.sproutbook.MainActivity@eb6f86 in: PAUSED
10-04 02:24:05.323  3380  3380 V ActivityScenario: Update currentActivityStage to PAUSED, currentActivity=com.nothatcher.sproutbook.MainActivity@eb6f86
10-04 02:24:05.342  1928  3462 W InputReader: Device has associated, but no associated display id.
10-04 02:24:05.348  1928  3462 I chatty  : uid=1000(system) Binder:1928_10 identical 28 lines
10-04 02:24:05.348  1928  3462 W InputReader: Device has associated, but no associated display id.
10-04 02:24:05.353  3434  3434 W ActivityThread: handleWindowVisibility: no activity for token android.os.BinderProxy@ca10a8d
10-04 02:24:05.356  1928  3462 W InputReader: Device has associated, but no associated display id.
10-04 02:24:05.370  1928  3462 I chatty  : uid=1000(system) Binder:1928_10 identical 18 lines
10-04 02:24:05.371  1928  3462 W InputReader: Device has associated, but no associated display id.
10-04 02:24:05.522  1709  1763 D gralloc_ranchu: gralloc_alloc: Creating ashmem region of size 1155072
10-04 02:24:05.574  1928  1948 W InputReader: Device has associated, but no associated display id.
10-04 02:24:05.576  1928  1948 I chatty  : uid=1000(system) android.anim identical 18 lines
10-04 02:24:05.576  1928  1948 W InputReader: Device has associated, but no associated display id.
10-04 02:24:05.624  1709  1763 D gralloc_ranchu: gralloc_alloc: Creating ashmem region of size 1155072
10-04 02:24:05.659  3380  3402 D EGL_emulation: eglMakeCurrent: 0x7c94d1a0df00: ver 3 0 (tinfo 0x7c951ab59560)
10-04 02:24:05.870  1928  1953 E memtrack: Couldn't load memtrack module
10-04 02:24:05.870  1928  1953 W android.os.Debug: failed to get memory consumption info: -1
10-04 02:24:06.122  1709  1763 D gralloc_ranchu: gralloc_alloc: Creating ashmem region of size 1155072
10-04 02:24:06.149  1709  1763 I chatty  : uid=1000(system) HwBinder:1709_2 identical 1 line
10-04 02:24:06.152  1709  1763 D gralloc_ranchu: gralloc_alloc: Creating ashmem region of size 1155072
10-04 02:24:06.212  3434  3452 D EGL_emulation: eglMakeCurrent: 0x7c951c8496e0: ver 3 0 (tinfo 0x7c951c8186c0)
10-04 02:24:06.310  1928  2197 W InputReader: Device has associated, but no associated display id.
10-04 02:24:06.401  1928  2197 I chatty  : uid=1000(system) Binder:1928_6 identical 18 lines
10-04 02:24:06.401  1928  2197 W InputReader: Device has associated, but no associated display id.
10-04 02:24:06.590  1709  1763 D gralloc_ranchu: gralloc_alloc: Creating ashmem region of size 1155072
10-04 02:24:06.597  1709  1763 I chatty  : uid=1000(system) HwBinder:1709_2 identical 1 line
10-04 02:24:06.599  1709  1763 D gralloc_ranchu: gralloc_alloc: Creating ashmem region of size 1155072
10-04 02:24:06.628  2288  2544 D EGL_emulation: eglMakeCurrent: 0x7c951c84b440: ver 3 0 (tinfo 0x7c951c8189e0)
10-04 02:24:06.708  1928  1948 W InputReader: Device has associated, but no associated display id.
10-04 02:24:06.708  1928  1948 I chatty  : uid=1000(system) android.anim identical 8 lines
10-04 02:24:06.708  1928  1948 W InputReader: Device has associated, but no associated display id.
10-04 02:24:06.779  1709  1763 D gralloc_ranchu: gralloc_alloc: Creating ashmem region of size 1155072
10-04 02:24:06.871  1928  1948 I WindowManager: Queue is too deep! Purged item with taskid=11
10-04 02:24:06.897  1928  1947 W system_server: Long monitor contention with owner android.anim (1948) at void com.android.server.wm.WindowManagerService.removeWindow(com.android.server.wm.Session, android.view.IWindow)(WindowManagerService.java:1752) waiters=0 in com.android.server.wm.WindowProcessController com.android.server.wm.ActivityTaskManagerService$LocalService.getTopApp() for 193ms
10-04 02:24:07.492  3434  3452 D EGL_emulation: eglMakeCurrent: 0x7c951c8496e0: ver 3 0 (tinfo 0x7c951c8186c0)
10-04 02:24:07.862  1928  1943 W system_server: Long monitor contention with owner android.anim (1948) at void com.android.server.wm.WindowAnimator.animate(long)(WindowAnimator.java:141) waiters=0 in android.app.ActivityManager$StackInfo com.android.server.wm.ActivityTaskManagerService.getFocusedStackInfo() for 156ms
10-04 02:24:08.551  1928  2395 W system_server: Long monitor contention with owner LazyTaskWriterThread (2453) at void com.android.server.wm.TaskPersister$TaskWriteQueueItem.process()(TaskPersister.java:547) waiters=0 in void com.android.server.wm.WindowManagerService.removeWindow(com.android.server.wm.Session, android.view.IWindow) for 243ms
10-04 02:24:08.691  3434  3434 I Choreographer: Skipped 58 frames!  The application may be doing too much work on its main thread.
10-04 02:24:08.950  3380  3380 D LifecycleMonitor: Lifecycle status change: com.nothatcher.sproutbook.MainActivity@eb6f86 in: STOPPED
10-04 02:24:08.951  3380  3380 V ActivityScenario: Update currentActivityStage to STOPPED, currentActivity=com.nothatcher.sproutbook.MainActivity@eb6f86
10-04 02:24:09.391  3227  3238 I ndroid.systemu: NativeAlloc concurrent copying GC freed 8487(611KB) AllocSpace objects, 0(0B) LOS objects, 49% free, 4606KB/9213KB, paused 89us total 1.398s
10-04 02:24:09.487  1928  1953 I ActivityTaskManager: Displayed com.nothatcher.sproutbook.test/androidx.test.core.app.InstrumentationActivityInvoker$EmptyActivity: +1s157ms
10-04 02:24:09.573  3380  3380 D LifecycleMonitor: Lifecycle status change: com.nothatcher.sproutbook.MainActivity@eb6f86 in: DESTROYED
10-04 02:24:09.574  3380  3380 V ActivityScenario: Update currentActivityStage to DESTROYED, currentActivity=null
10-04 02:24:09.709  3380  3380 I Choreographer: Skipped 44 frames!  The application may be doing too much work on its main thread.
10-04 02:24:09.746  3380  3400 D IdlingRegistry: Unregistering idling resources: [androidx.compose.ui.test.EspressoLink@d41aab0]
10-04 02:24:09.812  3380  3400 I TestRunner: finished: pregnancySessionsPersist(com.nothatcher.sproutbook.CareFlowTest)
10-04 02:24:09.868  3380  3400 I TestRunner: started: foodAndMealSave(com.nothatcher.sproutbook.CareFlowTest)
10-04 02:24:09.895  3380  3400 D IdlingRegistry: Registering idling resources: [androidx.compose.ui.test.EspressoLink@19996ad]
10-04 02:24:09.989  3380  3400 W Settings: Setting always_finish_activities has moved from android.provider.Settings.System to android.provider.Settings.Global, returning read-only value.
10-04 02:24:10.056  1928  3462 I ActivityTaskManager: START u0 {act=android.intent.action.MAIN cat=[android.intent.category.LAUNCHER] flg=0x10008000 cmp=com.nothatcher.sproutbook/.MainActivity} from uid 10116
10-04 02:24:10.228  1928  1948 W system_server: Long monitor contention with owner Binder:1928_10 (3462) at int com.android.server.wm.ActivityStarter.startActivityMayWait(android.app.IApplicationThread, int, java.lang.String, int, int, android.content.Intent, java.lang.String, android.service.voice.IVoiceInteractionSession, com.android.internal.app.IVoiceInteractor, android.os.IBinder, java.lang.String, int, int, android.app.ProfilerInfo, android.app.WaitResult, android.content.res.Configuration, com.android.server.wm.SafeActivityOptions, boolean, int, com.android.server.wm.TaskRecord, java.lang.String, boolean, com.android.server.am.PendingIntentRecord, boolean)(ActivityStarter.java:1217) waiters=0 in void com.android.server.wm.WindowAnimator.lambda$new$1$WindowAnimator(long) for 129ms
10-04 02:24:10.230  1928  1947 W system_server: Long monitor contention with owner Binder:1928_10 (3462) at int com.android.server.wm.ActivityStarter.startActivityMayWait(android.app.IApplicationThread, int, java.lang.String, int, int, android.content.Intent, java.lang.String, android.service.voice.IVoiceInteractionSession, com.android.internal.app.IVoiceInteractor, android.os.IBinder, java.lang.String, int, int, android.app.ProfilerInfo, android.app.WaitResult, android.content.res.Configuration, com.android.server.wm.SafeActivityOptions, boolean, int, com.android.server.wm.TaskRecord, java.lang.String, boolean, com.android.server.am.PendingIntentRecord, boolean)(ActivityStarter.java:1217) waiters=1 in void com.android.server.wm.TaskChangeNotificationController.forAllRemoteListeners(com.android.server.wm.TaskChangeNotificationController$TaskStackConsumer, android.os.Message) for 107ms
10-04 02:24:10.279  1928  1943 W InputReader: Device has associated, but no associated display id.
10-04 02:24:10.299  1928  1943 I chatty  : uid=1000(system) Binder:1928_2 identical 38 lines
10-04 02:24:10.299  1928  1943 W InputReader: Device has associated, but no associated display id.
10-04 02:24:10.401  1709  1763 D gralloc_ranchu: gralloc_alloc: Creating ashmem region of size 1155072
10-04 02:24:10.454  3380  3380 W ActivityThread: handleWindowVisibility: no activity for token android.os.BinderProxy@5bbbc30
10-04 02:24:10.492  1928  1948 W InputReader: Device has associated, but no associated display id.
10-04 02:24:10.492  1928  1948 I chatty  : uid=1000(system) android.anim identical 8 lines
10-04 02:24:10.492  1928  1948 W InputReader: Device has associated, but no associated display id.
10-04 02:24:10.678  3380  3380 D LifecycleMonitor: Lifecycle status change: com.nothatcher.sproutbook.MainActivity@f4b9feb in: PRE_ON_CREATE
10-04 02:24:10.697  3380  3380 V ActivityScenario: Activity lifecycle changed event received but ignored because the reported transition was not ON_CREATE while the last known transition was PRE_ON_CREATE
10-04 02:24:10.923  3380  3380 D LifecycleMonitor: Lifecycle status change: com.nothatcher.sproutbook.MainActivity@f4b9feb in: CREATED
10-04 02:24:10.924  3380  3380 V ActivityScenario: Update currentActivityStage to CREATED, currentActivity=com.nothatcher.sproutbook.MainActivity@f4b9feb
10-04 02:24:10.943  3380  3380 D LifecycleMonitor: Lifecycle status change: com.nothatcher.sproutbook.MainActivity@f4b9feb in: STARTED
10-04 02:24:10.944  3380  3380 V ActivityScenario: Update currentActivityStage to STARTED, currentActivity=com.nothatcher.sproutbook.MainActivity@f4b9feb
10-04 02:24:10.956  3380  3380 D LifecycleMonitor: Lifecycle status change: com.nothatcher.sproutbook.MainActivity@f4b9feb in: RESUMED
10-04 02:24:10.964  3380  3380 V ActivityScenario: Update currentActivityStage to RESUMED, currentActivity=com.nothatcher.sproutbook.MainActivity@f4b9feb
10-04 02:24:11.364  2288  2544 D EGL_emulation: eglMakeCurrent: 0x7c951c84b440: ver 3 0 (tinfo 0x7c951c8189e0)
10-04 02:24:11.892  1709  1763 D gralloc_ranchu: gralloc_alloc: Creating ashmem region of size 1155072
10-04 02:24:11.904  1709  1763 I chatty  : uid=1000(system) HwBinder:1709_2 identical 1 line
10-04 02:24:11.907  1709  1763 D gralloc_ranchu: gralloc_alloc: Creating ashmem region of size 1155072
10-04 02:24:12.058  3380  3402 D EGL_emulation: eglMakeCurrent: 0x7c94d1a0df00: ver 3 0 (tinfo 0x7c951ab59560)
10-04 02:24:12.157  3380  3380 I Choreographer: Skipped 62 frames!  The application may be doing too much work on its main thread.
10-04 02:24:12.339  3380  3513 W cher.sproutboo: Accessing hidden method Lsun/misc/Unsafe;->getObject(Ljava/lang/Object;J)Ljava/lang/Object; (greylist, linking, allowed)
10-04 02:24:12.339  3380  3513 W cher.sproutboo: Accessing hidden method Lsun/misc/Unsafe;->putObject(Ljava/lang/Object;JLjava/lang/Object;)V (greylist, linking, allowed)
10-04 02:24:12.339  3380  3513 W cher.sproutboo: Accessing hidden method Lsun/misc/Unsafe;->putInt(Ljava/lang/Object;JI)V (greylist, linking, allowed)
10-04 02:24:12.340  3380  3513 W cher.sproutboo: Accessing hidden method Lsun/misc/Unsafe;->getInt(Ljava/lang/Object;J)I (greylist, linking, allowed)
10-04 02:24:12.714  3380  3513 W cher.sproutboo: Accessing hidden method Lsun/misc/Unsafe;->putObject(Ljava/lang/Object;JLjava/lang/Object;)V (greylist, linking, allowed)
10-04 02:24:12.714  3380  3513 W cher.sproutboo: Accessing hidden method Lsun/misc/Unsafe;->putInt(Ljava/lang/Object;JI)V (greylist, linking, allowed)
10-04 02:24:12.715  3380  3513 W cher.sproutboo: Accessing hidden method Lsun/misc/Unsafe;->getInt(Ljava/lang/Object;J)I (greylist, linking, allowed)
10-04 02:24:13.077  1928  1953 I ActivityTaskManager: Displayed com.nothatcher.sproutbook/.MainActivity: +2s62ms
10-04 02:24:14.091  3380  3380 I Choreographer: Skipped 80 frames!  The application may be doing too much work on its main thread.
10-04 02:24:15.477  1928  2453 E TaskPersister: File error accessing recents directory (directory doesn't exist?).
10-04 02:24:16.171  3380  3380 I Choreographer: Skipped 95 frames!  The application may be doing too much work on its main thread.
10-04 02:24:17.063  3380  3380 I Choreographer: Skipped 34 frames!  The application may be doing too much work on its main thread.
10-04 02:24:17.868  3380  3380 I Choreographer: Skipped 31 frames!  The application may be doing too much work on its main thread.
10-04 02:24:18.544  3380  3380 I Choreographer: Skipped 30 frames!  The application may be doing too much work on its main thread.
10-04 02:24:20.587  3380  3380 I Choreographer: Skipped 101 frames!  The application may be doing too much work on its main thread.
10-04 02:24:21.545  3380  3380 I Choreographer: Skipped 33 frames!  The application may be doing too much work on its main thread.
10-04 02:24:22.163  1928  2449 D HostConnection: HostConnection::get() New Host Connection established 0x7c94be648500, tid 2449
10-04 02:24:22.164  1928  2449 D HostConnection: HostComposition ext ANDROID_EMU_CHECKSUM_HELPER_v1 ANDROID_EMU_native_sync_v2 ANDROID_EMU_dma_v1 ANDROID_EMU_direct_mem ANDROID_EMU_host_composition_v1 ANDROID_EMU_host_composition_v2 ANDROID_EMU_sync_buffer_data ANDROID_EMU_hwc_color_transform GL_OES_EGL_image_external_essl3 GL_OES_vertex_array_object GL_KHR_texture_compression_astc_ldr ANDROID_EMU_host_side_tracing ANDROID_EMU_gles_max_version_3_0 
10-04 02:24:22.166  1928  2449 D EGL_emulation: eglCreateContext: 0x7c94be648640: maj 3 min 0 rcv 3
10-04 02:24:22.600  1928  2449 D EGL_emulation: eglMakeCurrent: 0x7c94be648640: ver 3 0 (tinfo 0x7c94ccb78da0)
10-04 02:24:22.842  1709  1763 D gralloc_ranchu: gralloc_alloc: Creating ashmem region of size 1155072
10-04 02:24:22.850  1709  1763 I chatty  : uid=1000(system) HwBinder:1709_2 identical 1 line
10-04 02:24:22.852  1709  1763 D gralloc_ranchu: gralloc_alloc: Creating ashmem region of size 1155072
10-04 02:24:22.959  3227  3285 D EGL_emulation: eglMakeCurrent: 0x7c951ac52de0: ver 3 0 (tinfo 0x7c94ce350220)
10-04 02:24:23.128  3227  3285 I chatty  : uid=10102(com.android.systemui) RenderThread identical 1 line
10-04 02:24:23.141  3227  3285 D EGL_emulation: eglMakeCurrent: 0x7c951ac52de0: ver 3 0 (tinfo 0x7c94ce350220)
10-04 02:24:23.263  3380  3402 D EGL_emulation: eglMakeCurrent: 0x7c94d1a0df00: ver 3 0 (tinfo 0x7c951ab59560)
10-04 02:24:23.473  3380  3380 I Choreographer: Skipped 112 frames!  The application may be doing too much work on its main thread.
10-04 02:24:24.244  3380  3402 D EGL_emulation: eglMakeCurrent: 0x7c94d1a0df00: ver 3 0 (tinfo 0x7c951ab59560)
10-04 02:24:24.559  3380  3380 D Autofill Status: Autofill popup isn't shown because autofill is not available.
10-04 02:24:24.559  3380  3380 D Autofill Status: 
10-04 02:24:24.559  3380  3380 D Autofill Status: Did you set up autofill?
10-04 02:24:24.559  3380  3380 D Autofill Status: 1. Go to Settings > System > Languages&input > Advanced > Autofill Service
10-04 02:24:24.559  3380  3380 D Autofill Status: 2. Pick a service
10-04 02:24:24.559  3380  3380 D Autofill Status: 
10-04 02:24:24.559  3380  3380 D Autofill Status: Did you add an account?
10-04 02:24:24.559  3380  3380 D Autofill Status: 1. Go to Settings > System > Languages&input > Advanced
10-04 02:24:24.559  3380  3380 D Autofill Status: 2. Click on the settings icon next to the Autofill Service
10-04 02:24:24.559  3380  3380 D Autofill Status: 3. Add your account
10-04 02:24:24.655  3380  3402 D EGL_emulation: eglMakeCurrent: 0x7c94d1a0df00: ver 3 0 (tinfo 0x7c951ab59560)
10-04 02:24:25.543  2364  2364 I LatinIME: Starting input. Cursor position = 0,0
10-04 02:24:25.568  3380  3380 I Choreographer: Skipped 48 frames!  The application may be doing too much work on its main thread.
10-04 02:24:27.414  2364  2364 I Choreographer: Skipped 110 frames!  The application may be doing too much work on its main thread.
10-04 02:24:27.467  1709  1763 D gralloc_ranchu: gralloc_alloc: Creating ashmem region of size 1118208
10-04 02:24:27.474  1709  1763 I chatty  : uid=1000(system) HwBinder:1709_2 identical 1 line
10-04 02:24:27.483  1709  1763 D gralloc_ranchu: gralloc_alloc: Creating ashmem region of size 1118208
10-04 02:24:27.545  2364  3466 D EGL_emulation: eglMakeCurrent: 0x7c951c84bda0: ver 3 0 (tinfo 0x7c951c8187e0)
10-04 02:24:27.582  2364  3466 I OpenGLRenderer: Davey! duration=1999ms; Flags=1, IntendedVsync=610043767040, Vsync=611877100300, OldestInputEvent=9223372036854775807, NewestInputEvent=0, HandleInputStart=611878157846, AnimationStart=611879381532, PerformTraversalsStart=611879389655, DrawStart=611993826161, SyncQueued=612007766687, SyncStart=612010010398, IssueDrawCommandsStart=612010878677, SwapBuffers=612039136841, FrameCompleted=612045801069, DequeueBufferDuration=1105000, QueueBufferDuration=1315000, 
10-04 02:24:27.794  1928  1947 W system_server: Long monitor contention with owner android.anim (1948) at void com.android.server.wm.WindowSurfacePlacer.lambda$new$0$WindowSurfacePlacer()(WindowSurfacePlacer.java:61) waiters=0 in void com.android.server.wm.WindowManagerService$H.handleMessage(android.os.Message) for 152ms
10-04 02:24:27.896  3380  3402 D EGL_emulation: eglMakeCurrent: 0x7c94d1a0df00: ver 3 0 (tinfo 0x7c951ab59560)
10-04 02:24:27.948  1928  3462 E InputDispatcher: Window handle Window{85e63a3 u0 com.nothatcher.sproutbook/com.nothatcher.sproutbook.MainActivity} has no registered input channel
10-04 02:24:27.974  1928  3462 E InputDispatcher: Window handle Window{85e63a3 u0 com.nothatcher.sproutbook/com.nothatcher.sproutbook.MainActivity} has no registered input channel
10-04 02:24:28.012  1928  1943 E InputDispatcher: Window handle Window{85e63a3 u0 com.nothatcher.sproutbook/com.nothatcher.sproutbook.MainActivity} has no registered input channel
10-04 02:24:28.024  1928  3462 E InputDispatcher: Window handle Window{85e63a3 u0 com.nothatcher.sproutbook/com.nothatcher.sproutbook.MainActivity} has no registered input channel
10-04 02:24:28.113  1928  1943 E InputDispatcher: Window handle Window{85e63a3 u0 com.nothatcher.sproutbook/com.nothatcher.sproutbook.MainActivity} has no registered input channel
10-04 02:24:28.129  1928  3462 E InputDispatcher: Window handle Window{85e63a3 u0 com.nothatcher.sproutbook/com.nothatcher.sproutbook.MainActivity} has no registered input channel
10-04 02:24:28.131  1928  3462 E InputDispatcher: Window handle Window{85e63a3 u0 com.nothatcher.sproutbook/com.nothatcher.sproutbook.MainActivity} has no registered input channel
10-04 02:24:28.195  3380  3390 I cher.sproutboo: NativeAlloc concurrent copying GC freed 235841(8900KB) AllocSpace objects, 0(0B) LOS objects, 37% free, 10130KB/15MB, paused 12.912ms total 9.354s
10-04 02:24:28.335  3227  3227 I Choreographer: Skipped 36 frames!  The application may be doing too much work on its main thread.
10-04 02:24:28.590  3227  3285 D EGL_emulation: eglMakeCurrent: 0x7c951ac52de0: ver 3 0 (tinfo 0x7c94ce350220)
10-04 02:24:28.690  3380  3380 I Choreographer: Skipped 91 frames!  The application may be doing too much work on its main thread.
10-04 02:24:28.705  3380  3402 D EGL_emulation: eglMakeCurrent: 0x7c94d1a0df00: ver 3 0 (tinfo 0x7c951ab59560)
10-04 02:24:28.765  3380  3380 W IInputConnectionWrapper: getTextAfterCursor on inactive InputConnection
10-04 02:24:28.766  2364  2364 W RichInputConnection: Slow InputConnection: GET_TEXT_AFTER_CURSOR took 1129 ms.
10-04 02:24:28.894  3380  3380 W IInputConnectionWrapper: getTextBeforeCursor on inactive InputConnection
10-04 02:24:28.895  2364  2364 E RichInputConnection: Unable to connect to the editor to retrieve text.
10-04 02:24:28.895  2364  2364 D RichInputConnection: Will try to retrieve text later.
10-04 02:24:29.029  3380  3380 W IInputConnectionWrapper: getTextBeforeCursor on inactive InputConnection
10-04 02:24:29.044  2364  2364 E RichInputConnection: Unable to connect to the editor to retrieve text.
10-04 02:24:29.044  2364  2364 W RichInputConnection: Unable to connect to the editor. Setting caps mode without knowing text.
10-04 02:24:29.044  2364  2364 I Choreographer: Skipped 86 frames!  The application may be doing too much work on its main thread.
10-04 02:24:29.101  2364  3466 I OpenGLRenderer: Davey! duration=1503ms; Flags=0, IntendedVsync=612060302252, Vsync=613493635528, OldestInputEvent=9223372036854775807, NewestInputEvent=0, HandleInputStart=613508405720, AnimationStart=613508411542, PerformTraversalsStart=613508721375, DrawStart=613511481014, SyncQueued=613512096203, SyncStart=613512980583, IssueDrawCommandsStart=613513139944, SwapBuffers=613516690362, FrameCompleted=613564368760, DequeueBufferDuration=3241000, QueueBufferDuration=21147000, 
10-04 02:24:29.237  2364  3466 D EGL_emulation: eglMakeCurrent: 0x7c951c84bda0: ver 3 0 (tinfo 0x7c951c8187e0)
10-04 02:24:29.260  3227  3285 D EGL_emulation: eglMakeCurrent: 0x7c951ac52de0: ver 3 0 (tinfo 0x7c94ce350220)
10-04 02:24:30.027  3227  3227 I Choreographer: Skipped 30 frames!  The application may be doing too much work on its main thread.
10-04 02:24:31.011  3380  3380 I Choreographer: Skipped 77 frames!  The application may be doing too much work on its main thread.
10-04 02:24:32.066  3380  3380 I Choreographer: Skipped 33 frames!  The application may be doing too much work on its main thread.
10-04 02:24:32.682  1709  1763 D gralloc_ranchu: gralloc_alloc: Creating ashmem region of size 1155072
10-04 02:24:32.692  1709  1763 I chatty  : uid=1000(system) HwBinder:1709_2 identical 1 line
10-04 02:24:32.695  1709  1763 D gralloc_ranchu: gralloc_alloc: Creating ashmem region of size 1155072
10-04 02:24:32.726  3227  3285 D EGL_emulation: eglMakeCurrent: 0x7c951ac52de0: ver 3 0 (tinfo 0x7c94ce350220)
10-04 02:24:32.838  3227  3285 D EGL_emulation: eglMakeCurrent: 0x7c951ac52de0: ver 3 0 (tinfo 0x7c94ce350220)
10-04 02:24:32.845  3380  3402 D EGL_emulation: eglMakeCurrent: 0x7c94d1a0df00: ver 3 0 (tinfo 0x7c951ab59560)
10-04 02:24:32.882  3380  3402 I OpenGLRenderer: Davey! duration=1347ms; Flags=1, IntendedVsync=615977117830, Vsync=616527117808, OldestInputEvent=9223372036854775807, NewestInputEvent=0, HandleInputStart=616530572988, AnimationStart=616530724401, PerformTraversalsStart=616541615582, DrawStart=617267885753, SyncQueued=617307917536, SyncStart=617309685014, IssueDrawCommandsStart=617315620680, SwapBuffers=617317591466, FrameCompleted=617326056178, DequeueBufferDuration=537000, QueueBufferDuration=850000, 
10-04 02:24:33.053  3380  3380 I Choreographer: Skipped 57 frames!  The application may be doing too much work on its main thread.
10-04 02:24:33.086  3380  3402 I OpenGLRenderer: Davey! duration=988ms; Flags=0, IntendedVsync=616560350102, Vsync=617510350064, OldestInputEvent=9223372036854775807, NewestInputEvent=0, HandleInputStart=617517497438, AnimationStart=617517650363, PerformTraversalsStart=617517665132, DrawStart=617518217986, SyncQueued=617518319494, SyncStart=617519296230, IssueDrawCommandsStart=617525479977, SwapBuffers=617545209980, FrameCompleted=617549563095, DequeueBufferDuration=710000, QueueBufferDuration=1334000, 
10-04 02:24:33.319  3227  3227 I Choreographer: Skipped 35 frames!  The application may be doing too much work on its main thread.
10-04 02:24:33.424  3227  3285 D EGL_emulation: eglMakeCurrent: 0x7c951ac52de0: ver 3 0 (tinfo 0x7c94ce350220)
10-04 02:24:33.469  3227  3285 I OpenGLRenderer: Davey! duration=736ms; Flags=0, IntendedVsync=617193683410, Vsync=617777016720, OldestInputEvent=9223372036854775807, NewestInputEvent=0, HandleInputStart=617782831452, AnimationStart=617782838401, PerformTraversalsStart=617861045155, DrawStart=617861188001, SyncQueued=617886859634, SyncStart=617888780388, IssueDrawCommandsStart=617920323743, SwapBuffers=617928606451, FrameCompleted=617932297003, DequeueBufferDuration=642000, QueueBufferDuration=2449000, 
10-04 02:24:33.472  3227  3285 D EGL_emulation: eglMakeCurrent: 0x7c951ac52de0: ver 3 0 (tinfo 0x7c94ce350220)
10-04 02:24:34.199  3380  3380 D Autofill Status: Autofill popup isn't shown because autofill is not available.
10-04 02:24:34.199  3380  3380 D Autofill Status: 
10-04 02:24:34.199  3380  3380 D Autofill Status: Did you set up autofill?
10-04 02:24:34.199  3380  3380 D Autofill Status: 1. Go to Settings > System > Languages&input > Advanced > Autofill Service
10-04 02:24:34.199  3380  3380 D Autofill Status: 2. Pick a service
10-04 02:24:34.199  3380  3380 D Autofill Status: 
10-04 02:24:34.199  3380  3380 D Autofill Status: Did you add an account?
10-04 02:24:34.199  3380  3380 D Autofill Status: 1. Go to Settings > System > Languages&input > Advanced
10-04 02:24:34.199  3380  3380 D Autofill Status: 2. Click on the settings icon next to the Autofill Service
10-04 02:24:34.199  3380  3380 D Autofill Status: 3. Add your account
10-04 02:24:35.219  2364  2364 I LatinIME: Starting input. Cursor position = 0,0
10-04 02:24:35.223  3380  3380 I Choreographer: Skipped 47 frames!  The application may be doing too much work on its main thread.
10-04 02:24:35.278  3380  3402 I OpenGLRenderer: Davey! duration=847ms; Flags=0, IntendedVsync=618893669105, Vsync=619677002407, OldestInputEvent=9223372036854775807, NewestInputEvent=0, HandleInputStart=619687247815, AnimationStart=619687401947, PerformTraversalsStart=619687936678, DrawStart=619688530977, SyncQueued=619724115802, SyncStart=619725523152, IssueDrawCommandsStart=619726308788, SwapBuffers=619737134016, FrameCompleted=619742098403, DequeueBufferDuration=761000, QueueBufferDuration=1295000, 
10-04 02:24:35.460  1709  1763 D gralloc_ranchu: gralloc_alloc: Creating ashmem region of size 1118208
10-04 02:24:35.504  1709  1763 I chatty  : uid=1000(system) HwBinder:1709_2 identical 1 line
10-04 02:24:35.511  1709  1763 D gralloc_ranchu: gralloc_alloc: Creating ashmem region of size 1118208
10-04 02:24:35.585  2364  3466 D EGL_emulation: eglMakeCurrent: 0x7c951c84bda0: ver 3 0 (tinfo 0x7c951c8187e0)
10-04 02:24:36.057  3227  3227 I Choreographer: Skipped 40 frames!  The application may be doing too much work on its main thread.
10-04 02:24:36.315  2364  2383 I putmethod.lati: CollectorTransition concurrent copying GC freed 2799(221KB) AllocSpace objects, 1(16KB) LOS objects, 49% free, 2697KB/5394KB, paused 128us total 2.478s
10-04 02:24:37.272  1928  1943 I ActivityTaskManager: START u0 {act=android.intent.action.MAIN cat=[android.intent.category.LAUNCHER] flg=0x10000000 cmp=com.nothatcher.sproutbook.test/androidx.test.core.app.InstrumentationActivityInvoker$EmptyActivity} from uid 10116
10-04 02:24:37.478  1709  1763 D gralloc_ranchu: gralloc_alloc: Creating ashmem region of size 1155072
10-04 02:24:37.541  3380  3380 D LifecycleMonitor: Lifecycle status change: com.nothatcher.sproutbook.MainActivity@f4b9feb in: PAUSED
10-04 02:24:37.542  3380  3380 V ActivityScenario: Update currentActivityStage to PAUSED, currentActivity=com.nothatcher.sproutbook.MainActivity@f4b9feb
10-04 02:24:37.565  1928  1943 W InputReader: Device has associated, but no associated display id.
10-04 02:24:37.568  1928  1943 I chatty  : uid=1000(system) Binder:1928_2 identical 28 lines
10-04 02:24:37.568  1928  1943 W InputReader: Device has associated, but no associated display id.
10-04 02:24:37.572  3434  3434 W ActivityThread: handleWindowVisibility: no activity for token android.os.BinderProxy@f58b954
10-04 02:24:37.573  1928  1943 W InputReader: Device has associated, but no associated display id.
10-04 02:24:37.683  1928  1943 I chatty  : uid=1000(system) Binder:1928_2 identical 38 lines
10-04 02:24:37.683  1928  1943 W InputReader: Device has associated, but no associated display id.
10-04 02:24:37.702  1709  1763 D gralloc_ranchu: gralloc_alloc: Creating ashmem region of size 1155072
10-04 02:24:37.842  1928  1948 W system_server: Long monitor contention with owner Binder:1928_2 (1943) at void com.android.server.wm.ActivityTaskManagerService.activityPaused(android.os.IBinder)(ActivityTaskManagerService.java:1696) waiters=1 in void com.android.server.wm.InputMonitor$1.run() for 255ms
10-04 02:24:37.970  3380  3380 I Choreographer: Skipped 36 frames!  The application may be doing too much work on its main thread.
10-04 02:24:38.339  1709  1763 D gralloc_ranchu: gralloc_alloc: Creating ashmem region of size 1155072
10-04 02:24:38.351  1709  1763 I chatty  : uid=1000(system) HwBinder:1709_2 identical 1 line
10-04 02:24:38.353  1709  1763 D gralloc_ranchu: gralloc_alloc: Creating ashmem region of size 1155072
10-04 02:24:38.391  3434  3452 D EGL_emulation: eglMakeCurrent: 0x7c951c8496e0: ver 3 0 (tinfo 0x7c951c8186c0)
10-04 02:24:38.462  3227  3285 D EGL_emulation: eglMakeCurrent: 0x7c951ac52de0: ver 3 0 (tinfo 0x7c94ce350220)
10-04 02:24:38.545  2364  3466 D EGL_emulation: eglMakeCurrent: 0x7c951c84bda0: ver 3 0 (tinfo 0x7c951c8187e0)
10-04 02:24:38.584  3380  3402 D EGL_emulation: eglMakeCurrent: 0x7c94d1a0df00: ver 3 0 (tinfo 0x7c951ab59560)
10-04 02:24:38.793  3380  3380 D LifecycleMonitor: Lifecycle status change: com.nothatcher.sproutbook.MainActivity@f4b9feb in: STOPPED
10-04 02:24:38.794  3380  3380 V ActivityScenario: Update currentActivityStage to STOPPED, currentActivity=com.nothatcher.sproutbook.MainActivity@f4b9feb
10-04 02:24:39.159  3380  3380 I Choreographer: Skipped 70 frames!  The application may be doing too much work on its main thread.
10-04 02:24:39.220  3227  3285 D EGL_emulation: eglMakeCurrent: 0x7c951ac52de0: ver 3 0 (tinfo 0x7c94ce350220)
10-04 02:24:39.607  1928  3519 W InputReader: Device has associated, but no associated display id.
10-04 02:24:39.658  1928  3519 I chatty  : uid=1000(system) Binder:1928_11 identical 18 lines
10-04 02:24:39.658  1928  3519 W InputReader: Device has associated, but no associated display id.
10-04 02:24:39.964  1709  1763 D gralloc_ranchu: gralloc_alloc: Creating ashmem region of size 1155072
10-04 02:24:39.978  1709  1763 I chatty  : uid=1000(system) HwBinder:1709_2 identical 1 line
10-04 02:24:39.998  1709  1763 D gralloc_ranchu: gralloc_alloc: Creating ashmem region of size 1155072
10-04 02:24:40.041  2288  2544 D EGL_emulation: eglMakeCurrent: 0x7c951c84b440: ver 3 0 (tinfo 0x7c951c8189e0)
10-04 02:24:40.092  1928  1948 W InputReader: Device has associated, but no associated display id.
10-04 02:24:40.092  1928  1948 I chatty  : uid=1000(system) android.anim identical 8 lines
10-04 02:24:40.092  1928  1948 W InputReader: Device has associated, but no associated display id.
10-04 02:24:40.110  1709  1763 D gralloc_ranchu: gralloc_alloc: Creating ashmem region of size 1155072
10-04 02:24:40.118  1928  1948 I WindowManager: Queue is too deep! Purged item with taskid=13
10-04 02:24:40.750  3434  3452 D EGL_emulation: eglMakeCurrent: 0x7c951c8496e0: ver 3 0 (tinfo 0x7c951c8186c0)
10-04 02:24:40.929  1928  1953 I ActivityTaskManager: Displayed com.nothatcher.sproutbook.test/androidx.test.core.app.InstrumentationActivityInvoker$EmptyActivity: +1s179ms
10-04 02:24:42.095  2288  2306 I droid.launcher: NativeAlloc concurrent copying GC freed 5845(422KB) AllocSpace objects, 0(0B) LOS objects, 49% free, 2648KB/5296KB, paused 81us total 1.848s
10-04 02:24:42.110  1928  1946 I DropBoxManagerService: add tag=system_app_strictmode isTagEnabled=true flags=0x2
10-04 02:24:42.445  3227  3238 I ndroid.systemu: NativeAlloc concurrent copying GC freed 12293(779KB) AllocSpace objects, 0(0B) LOS objects, 49% free, 4609KB/9218KB, paused 121us total 1.575s
10-04 02:24:42.779  3380  3380 D LifecycleMonitor: Lifecycle status change: com.nothatcher.sproutbook.MainActivity@f4b9feb in: DESTROYED
10-04 02:24:42.783  3380  3380 V ActivityScenario: Update currentActivityStage to DESTROYED, currentActivity=null
10-04 02:24:42.870  3380  3380 I Choreographer: Skipped 171 frames!  The application may be doing too much work on its main thread.
10-04 02:24:42.904  3380  3400 D IdlingRegistry: Unregistering idling resources: [androidx.compose.ui.test.EspressoLink@19996ad]
10-04 02:24:42.961  3380  3400 I TestRunner: finished: foodAndMealSave(com.nothatcher.sproutbook.CareFlowTest)
10-04 02:24:42.979  3380  3400 I TestRunner: started: memoryAddTimelineEditDelete(com.nothatcher.sproutbook.CareFlowTest)
10-04 02:24:43.019  3380  3400 D IdlingRegistry: Registering idling resources: [androidx.compose.ui.test.EspressoLink@1407c52]
10-04 02:24:43.042  3380  3400 W Settings: Setting always_finish_activities has moved from android.provider.Settings.System to android.provider.Settings.Global, returning read-only value.
10-04 02:24:42.341  1928  1946 I chatty  : uid=1000(system) android.io identical 2 lines
10-04 02:24:42.584  1928  1946 I DropBoxManagerService: add tag=system_app_strictmode isTagEnabled=true flags=0x2
10-04 02:24:43.061  1928  1999 I ActivityTaskManager: START u0 {act=android.intent.action.MAIN cat=[android.intent.category.LAUNCHER] flg=0x10008000 cmp=com.nothatcher.sproutbook/.MainActivity} from uid 10116
10-04 02:24:43.166  1928  3519 W InputReader: Device has associated, but no associated display id.
10-04 02:24:43.173  1928  3519 I chatty  : uid=1000(system) Binder:1928_11 identical 38 lines
10-04 02:24:43.173  1928  3519 W InputReader: Device has associated, but no associated display id.
10-04 02:24:43.321  1709  1763 D gralloc_ranchu: gralloc_alloc: Creating ashmem region of size 1155072
10-04 02:24:43.346  3380  3380 W ActivityThread: handleWindowVisibility: no activity for token android.os.BinderProxy@8f245d9
10-04 02:24:43.438  1928  1948 W InputReader: Device has associated, but no associated display id.
10-04 02:24:43.439  1928  1948 I chatty  : uid=1000(system) android.anim identical 8 lines
10-04 02:24:43.464  1928  1948 W InputReader: Device has associated, but no associated display id.
10-04 02:24:43.529  3380  3380 D LifecycleMonitor: Lifecycle status change: com.nothatcher.sproutbook.MainActivity@fb1b38 in: PRE_ON_CREATE
10-04 02:24:43.545  3380  3380 V ActivityScenario: Activity lifecycle changed event received but ignored because the reported transition was not ON_CREATE while the last known transition was PRE_ON_CREATE
10-04 02:24:43.838  1928  3519 W system_server: Long monitor contention with owner LazyTaskWriterThread (2453) at void com.android.server.wm.TaskPersister.writeTaskIdsFiles()(TaskPersister.java:450) waiters=3 in android.os.Bundle com.android.server.wm.ActivityTaskManagerService.getActivityOptions(android.os.IBinder) for 111ms
10-04 02:24:43.856  3380  3380 D LifecycleMonitor: Lifecycle status change: com.nothatcher.sproutbook.MainActivity@fb1b38 in: CREATED
10-04 02:24:43.857  3380  3380 V ActivityScenario: Update currentActivityStage to CREATED, currentActivity=com.nothatcher.sproutbook.MainActivity@fb1b38
10-04 02:24:43.924  3380  3380 D LifecycleMonitor: Lifecycle status change: com.nothatcher.sproutbook.MainActivity@fb1b38 in: STARTED
10-04 02:24:43.924  3380  3380 V ActivityScenario: Update currentActivityStage to STARTED, currentActivity=com.nothatcher.sproutbook.MainActivity@fb1b38
10-04 02:24:43.934  3380  3380 D LifecycleMonitor: Lifecycle status change: com.nothatcher.sproutbook.MainActivity@fb1b38 in: RESUMED
10-04 02:24:43.936  3380  3380 V ActivityScenario: Update currentActivityStage to RESUMED, currentActivity=com.nothatcher.sproutbook.MainActivity@fb1b38
10-04 02:24:44.417  2288  2544 I OpenGLRenderer: Davey! duration=721ms; Flags=0, IntendedVsync=627760410951, Vsync=628160410935, OldestInputEvent=9223372036854775807, NewestInputEvent=0, HandleInputStart=628170293704, AnimationStart=628170353565, PerformTraversalsStart=628170826675, DrawStart=628171211923, SyncQueued=628172186099, SyncStart=628570434776, IssueDrawCommandsStart=628600818799, SwapBuffers=628657286609, FrameCompleted=628880633758, DequeueBufferDuration=3546000, QueueBufferDuration=35881000, 
10-04 02:24:44.756  1928  2449 D HostConnection: HostConnection::get() New Host Connection established 0x7c94be648500, tid 2449
10-04 02:24:44.777  2288  2544 D EGL_emulation: eglMakeCurrent: 0x7c951c84b440: ver 3 0 (tinfo 0x7c951c8189e0)
10-04 02:24:45.619  1709  1763 D gralloc_ranchu: gralloc_alloc: Creating ashmem region of size 1155072
10-04 02:24:45.653  1709  1763 I chatty  : uid=1000(system) HwBinder:1709_2 identical 1 line
10-04 02:24:45.687  1709  1763 D gralloc_ranchu: gralloc_alloc: Creating ashmem region of size 1155072
10-04 02:24:45.875  3380  3402 D EGL_emulation: eglMakeCurrent: 0x7c94d1a0df00: ver 3 0 (tinfo 0x7c951ab59560)
10-04 02:24:46.017  3380  3380 I Choreographer: Skipped 116 frames!  The application may be doing too much work on its main thread.
10-04 02:24:46.087  1756  1756 E wifi_forwarder: RemoteConnection failed to initialize: RemoteConnection failed to open pipe
10-04 02:24:46.186  3380  3409 W cher.sproutboo: Accessing hidden method Lsun/misc/Unsafe;->getObject(Ljava/lang/Object;J)Ljava/lang/Object; (greylist, linking, allowed)
10-04 02:24:46.186  3380  3409 W cher.sproutboo: Accessing hidden method Lsun/misc/Unsafe;->putObject(Ljava/lang/Object;JLjava/lang/Object;)V (greylist, linking, allowed)
10-04 02:24:46.317  3380  3409 W cher.sproutboo: Accessing hidden method Lsun/misc/Unsafe;->putInt(Ljava/lang/Object;JI)V (greylist, linking, allowed)
10-04 02:24:46.317  3380  3409 W cher.sproutboo: Accessing hidden method Lsun/misc/Unsafe;->getInt(Ljava/lang/Object;J)I (greylist, linking, allowed)
10-04 02:24:46.590  1928  1948 I Choreographer: Skipped 36 frames!  The application may be doing too much work on its main thread.
10-04 02:24:46.879  1928  2449 D HostConnection: HostComposition ext ANDROID_EMU_CHECKSUM_HELPER_v1 ANDROID_EMU_native_sync_v2 ANDROID_EMU_dma_v1 ANDROID_EMU_direct_mem ANDROID_EMU_host_composition_v1 ANDROID_EMU_host_composition_v2 ANDROID_EMU_sync_buffer_data ANDROID_EMU_hwc_color_transform GL_OES_EGL_image_external_essl3 GL_OES_vertex_array_object GL_KHR_texture_compression_astc_ldr ANDROID_EMU_host_side_tracing ANDROID_EMU_gles_max_version_3_0 
10-04 02:24:46.882  1928  2449 D EGL_emulation: eglCreateContext: 0x7c94be648640: maj 3 min 0 rcv 3
10-04 02:24:46.884  1928  2449 D EGL_emulation: eglMakeCurrent: 0x7c94be648640: ver 3 0 (tinfo 0x7c94ccb78da0)
10-04 02:24:47.117  3380  3407 W cher.sproutboo: Accessing hidden method Lsun/misc/Unsafe;->putObject(Ljava/lang/Object;JLjava/lang/Object;)V (greylist, linking, allowed)
10-04 02:24:47.117  3380  3407 W cher.sproutboo: Accessing hidden method Lsun/misc/Unsafe;->putInt(Ljava/lang/Object;JI)V (greylist, linking, allowed)
10-04 02:24:47.118  3380  3407 W cher.sproutboo: Accessing hidden method Lsun/misc/Unsafe;->getInt(Ljava/lang/Object;J)I (greylist, linking, allowed)
10-04 02:24:47.130  3380  3407 W cher.sproutboo: Accessing hidden method Lsun/misc/Unsafe;->getInt(Ljava/lang/Object;J)I (greylist, linking, allowed)
10-04 02:24:47.131  3380  3407 W cher.sproutboo: Accessing hidden method Lsun/misc/Unsafe;->putInt(Ljava/lang/Object;JI)V (greylist, linking, allowed)
10-04 02:24:47.132  3380  3407 W cher.sproutboo: Accessing hidden method Lsun/misc/Unsafe;->getInt(Ljava/lang/Object;J)I (greylist, linking, allowed)
10-04 02:24:47.250  3380  3407 W cher.sproutboo: Accessing hidden method Lsun/misc/Unsafe;->putObject(Ljava/lang/Object;JLjava/lang/Object;)V (greylist, linking, allowed)
10-04 02:24:47.251  3380  3407 W cher.sproutboo: Accessing hidden method Lsun/misc/Unsafe;->putInt(Ljava/lang/Object;JI)V (greylist, linking, allowed)
10-04 02:24:47.251  3380  3407 W cher.sproutboo: Accessing hidden method Lsun/misc/Unsafe;->getInt(Ljava/lang/Object;J)I (greylist, linking, allowed)
10-04 02:24:47.260  1928  1953 I ActivityTaskManager: Displayed com.nothatcher.sproutbook/.MainActivity: +2s883ms
10-04 02:24:47.320  3380  3407 W cher.sproutboo: Accessing hidden method Lsun/misc/Unsafe;->getInt(Ljava/lang/Object;J)I (greylist, linking, allowed)
10-04 02:24:47.321  3380  3407 W cher.sproutboo: Accessing hidden method Lsun/misc/Unsafe;->putInt(Ljava/lang/Object;JI)V (greylist, linking, allowed)
10-04 02:24:47.322  3380  3407 W cher.sproutboo: Accessing hidden method Lsun/misc/Unsafe;->getInt(Ljava/lang/Object;J)I (greylist, linking, allowed)
10-04 02:24:47.524  1741  1741 E netmgr  : Failed to open QEMU pipe 'qemud:network': Invalid argument
10-04 02:24:47.335  1928  2453 E TaskPersister: File error accessing recents directory (directory doesn't exist?).
10-04 02:24:49.441  3380  3380 I Choreographer: Skipped 72 frames!  The application may be doing too much work on its main thread.
10-04 02:24:52.590  3380  3380 I Choreographer: Skipped 154 frames!  The application may be doing too much work on its main thread.
10-04 02:24:53.244  1809  1809 W livelock: sample 9.510s
10-04 02:24:53.969  3380  3380 I Choreographer: Skipped 54 frames!  The application may be doing too much work on its main thread.
10-04 02:24:54.005  3380  3390 I cher.sproutboo: Background young concurrent copying GC freed 175849(6520KB) AllocSpace objects, 1(24KB) LOS objects, 34% free, 10MB/15MB, paused 26.894ms total 3.598s
10-04 02:24:55.046  3380  3380 I Choreographer: Skipped 39 frames!  The application may be doing too much work on its main thread.
10-04 02:24:57.439  3380  3380 I Choreographer: Skipped 81 frames!  The application may be doing too much work on its main thread.
10-04 02:24:58.470  3380  3380 I Choreographer: Skipped 34 frames!  The application may be doing too much work on its main thread.
10-04 02:24:59.226  1709  1763 D gralloc_ranchu: gralloc_alloc: Creating ashmem region of size 1155072
10-04 02:24:59.241  1709  1763 I chatty  : uid=1000(system) HwBinder:1709_2 identical 1 line
10-04 02:24:59.243  1709  1763 D gralloc_ranchu: gralloc_alloc: Creating ashmem region of size 1155072
10-04 02:24:59.301  3227  3285 D EGL_emulation: eglMakeCurrent: 0x7c951ac52de0: ver 3 0 (tinfo 0x7c94ce350220)
10-04 02:24:59.513  3227  3285 I chatty  : uid=10102(com.android.systemui) RenderThread identical 2 lines
10-04 02:24:59.576  3227  3285 D EGL_emulation: eglMakeCurrent: 0x7c951ac52de0: ver 3 0 (tinfo 0x7c94ce350220)
10-04 02:24:59.647  3380  3402 D EGL_emulation: eglMakeCurrent: 0x7c94d1a0df00: ver 3 0 (tinfo 0x7c951ab59560)
10-04 02:24:59.670  3380  3402 I OpenGLRenderer: Davey! duration=1752ms; Flags=1, IntendedVsync=642360149012, Vsync=642926815656, OldestInputEvent=9223372036854775807, NewestInputEvent=0, HandleInputStart=642933845993, AnimationStart=642933986664, PerformTraversalsStart=642934898905, DrawStart=643937882952, SyncQueued=644090719114, SyncStart=644111641003, IssueDrawCommandsStart=644115882247, SwapBuffers=644121011130, FrameCompleted=644133277487, DequeueBufferDuration=571000, QueueBufferDuration=1705000, 
10-04 02:24:59.873  3380  3380 I Choreographer: Skipped 82 frames!  The application may be doing too much work on its main thread.
10-04 02:24:59.887  3380  3402 I OpenGLRenderer: Davey! duration=1389ms; Flags=0, IntendedVsync=642960186261, Vsync=644326852873, OldestInputEvent=9223372036854775807, NewestInputEvent=0, HandleInputStart=644337132161, AnimationStart=644337313330, PerformTraversalsStart=644337993406, DrawStart=644338656109, SyncQueued=644338780684, SyncStart=644339937817, IssueDrawCommandsStart=644341736563, SwapBuffers=644343461961, FrameCompleted=644350465469, DequeueBufferDuration=1974000, QueueBufferDuration=1498000, 
10-04 02:25:00.147  3227  3227 I Choreographer: Skipped 41 frames!  The application may be doing too much work on its main thread.
10-04 02:25:00.369  3227  3227 D KeyguardClockSwitch: Updating clock: 225
10-04 02:25:00.429  1928  1928 W Looper  : Slow dispatch took 424ms main h=com.android.server.AlarmManagerService$AlarmHandler c=com.android.server.-$$Lambda$AlarmManagerService$2$Eo-D98J-N9R2METkD-12gPs320c@994ccc8 m=0
10-04 02:25:00.429  1928  1928 W Looper  : Slow delivery took 381ms main h=com.android.server.AlarmManagerService$AlarmHandler c=null m=4
10-04 02:25:00.522  3227  3285 D EGL_emulation: eglMakeCurrent: 0x7c951ac52de0: ver 3 0 (tinfo 0x7c94ce350220)
10-04 02:25:00.575  3380  3380 I Choreographer: Skipped 40 frames!  The application may be doing too much work on its main thread.
10-04 02:25:00.644  3380  3402 I OpenGLRenderer: Davey! duration=733ms; Flags=1, IntendedVsync=644359792723, Vsync=645026459363, OldestInputEvent=9223372036854775807, NewestInputEvent=0, HandleInputStart=645038723240, AnimationStart=645038855337, PerformTraversalsStart=645038870103, DrawStart=645068011313, SyncQueued=645075907820, SyncStart=645090562745, IssueDrawCommandsStart=645092671320, SwapBuffers=645101945356, FrameCompleted=645107508215, DequeueBufferDuration=781000, QueueBufferDuration=1667000, 
10-04 02:25:00.903  1928  1928 W Looper  : Drained
10-04 02:25:00.918  3380  3380 D Autofill Status: Autofill popup isn't shown because autofill is not available.
10-04 02:25:00.918  3380  3380 D Autofill Status: 
10-04 02:25:00.918  3380  3380 D Autofill Status: Did you set up autofill?
10-04 02:25:00.918  3380  3380 D Autofill Status: 1. Go to Settings > System > Languages&input > Advanced > Autofill Service
10-04 02:25:00.918  3380  3380 D Autofill Status: 2. Pick a service
10-04 02:25:00.918  3380  3380 D Autofill Status: 
10-04 02:25:00.918  3380  3380 D Autofill Status: Did you add an account?
10-04 02:25:00.918  3380  3380 D Autofill Status: 1. Go to Settings > System > Languages&input > Advanced
10-04 02:25:00.918  3380  3380 D Autofill Status: 2. Click on the settings icon next to the Autofill Service
10-04 02:25:00.918  3380  3380 D Autofill Status: 3. Add your account
10-04 02:25:01.725  2364  2364 I LatinIME: Starting input. Cursor position = 0,0
10-04 02:25:01.734  3380  3380 I Choreographer: Skipped 37 frames!  The application may be doing too much work on its main thread.
10-04 02:25:01.908  1709  1763 D gralloc_ranchu: gralloc_alloc: Creating ashmem region of size 1118208
10-04 02:25:01.923  1709  1763 I chatty  : uid=1000(system) HwBinder:1709_2 identical 1 line
10-04 02:25:01.940  1709  1763 D gralloc_ranchu: gralloc_alloc: Creating ashmem region of size 1118208
10-04 02:25:02.024  2364  3466 D EGL_emulation: eglMakeCurrent: 0x7c951c84bda0: ver 3 0 (tinfo 0x7c951c8187e0)
10-04 02:25:02.323  3227  3285 D EGL_emulation: eglMakeCurrent: 0x7c951ac52de0: ver 3 0 (tinfo 0x7c94ce350220)
10-04 02:25:04.382  3380  3402 D EGL_emulation: eglMakeCurrent: 0x7c94d1a0df00: ver 3 0 (tinfo 0x7c951ab59560)
10-04 02:25:04.410  1928  1942 E InputDispatcher: Window handle Window{ccdb7b0 u0 com.nothatcher.sproutbook/com.nothatcher.sproutbook.MainActivity} has no registered input channel
10-04 02:25:04.458  1928  1943 E InputDispatcher: Window handle Window{ccdb7b0 u0 com.nothatcher.sproutbook/com.nothatcher.sproutbook.MainActivity} has no registered input channel
10-04 02:25:04.532  1928  1943 I chatty  : uid=1000(system) Binder:1928_2 identical 2 lines
10-04 02:25:04.596  1928  1943 E InputDispatcher: Window handle Window{ccdb7b0 u0 com.nothatcher.sproutbook/com.nothatcher.sproutbook.MainActivity} has no registered input channel
10-04 02:25:04.702  3227  3285 D EGL_emulation: eglMakeCurrent: 0x7c951ac52de0: ver 3 0 (tinfo 0x7c94ce350220)
10-04 02:25:05.015  3380  3380 I Choreographer: Skipped 44 frames!  The application may be doing too much work on its main thread.
10-04 02:25:05.079  1928  1938 I system_server: NativeAlloc concurrent copying GC freed 76040(4625KB) AllocSpace objects, 31(1260KB) LOS objects, 42% free, 7937KB/13MB, paused 163us total 8.214s
10-04 02:25:05.142  3380  3402 D EGL_emulation: eglMakeCurrent: 0x7c94d1a0df00: ver 3 0 (tinfo 0x7c951ab59560)
10-04 02:25:05.313  2364  3466 D EGL_emulation: eglMakeCurrent: 0x7c951c84bda0: ver 3 0 (tinfo 0x7c951c8187e0)
10-04 02:25:05.342  3227  3285 D EGL_emulation: eglMakeCurrent: 0x7c951ac52de0: ver 3 0 (tinfo 0x7c94ce350220)
10-04 02:25:07.575  1709  1763 D gralloc_ranchu: gralloc_alloc: Creating ashmem region of size 1343488
10-04 02:25:07.584  1709  1763 I chatty  : uid=1000(system) HwBinder:1709_2 identical 1 line
10-04 02:25:07.590  1709  1763 D gralloc_ranchu: gralloc_alloc: Creating ashmem region of size 1343488
10-04 02:25:07.683  3380  3402 D EGL_emulation: eglMakeCurrent: 0x7c94d1a0df00: ver 3 0 (tinfo 0x7c951ab59560)
10-04 02:25:07.719  3380  3402 I OpenGLRenderer: Davey! duration=852ms; Flags=1, IntendedVsync=651327004707, Vsync=651727004691, OldestInputEvent=9223372036854775807, NewestInputEvent=0, HandleInputStart=651739512942, AnimationStart=651739681178, PerformTraversalsStart=651744615182, DrawStart=652119882296, SyncQueued=652145487684, SyncStart=652147393052, IssueDrawCommandsStart=652152343523, SwapBuffers=652174846216, FrameCompleted=652181736525, DequeueBufferDuration=710000, QueueBufferDuration=1301000, 
10-04 02:25:07.940  3380  3380 I Choreographer: Skipped 37 frames!  The application may be doing too much work on its main thread.
10-04 02:25:07.977  3380  3402 D EGL_emulation: eglMakeCurrent: 0x7c94d1a0df00: ver 3 0 (tinfo 0x7c951ab59560)
10-04 02:25:08.481  3380  3402 I chatty  : uid=10116(com.nothatcher.sproutbook) RenderThread identical 1 line
10-04 02:25:08.934  3380  3402 D EGL_emulation: eglMakeCurrent: 0x7c94d1a0df00: ver 3 0 (tinfo 0x7c951ab59560)
10-04 02:25:08.959  1928  1943 E InputDispatcher: Window handle Window{5c7a2d3 u0 com.nothatcher.sproutbook/com.nothatcher.sproutbook.MainActivity} has no registered input channel
10-04 02:25:09.005  1928  3519 E InputDispatcher: Window handle Window{5c7a2d3 u0 com.nothatcher.sproutbook/com.nothatcher.sproutbook.MainActivity} has no registered input channel
10-04 02:25:09.059  1928  3519 I chatty  : uid=1000(system) Binder:1928_11 identical 1 line
10-04 02:25:09.098  1928  3519 E InputDispatcher: Window handle Window{5c7a2d3 u0 com.nothatcher.sproutbook/com.nothatcher.sproutbook.MainActivity} has no registered input channel
10-04 02:25:09.149  3380  3380 I Choreographer: Skipped 40 frames!  The application may be doing too much work on its main thread.
10-04 02:25:10.131  1709  1763 D gralloc_ranchu: gralloc_alloc: Creating ashmem region of size 1155072
10-04 02:25:10.143  1709  1763 I chatty  : uid=1000(system) HwBinder:1709_2 identical 1 line
10-04 02:25:10.146  1709  1763 D gralloc_ranchu: gralloc_alloc: Creating ashmem region of size 1155072
10-04 02:25:10.198  3227  3285 D EGL_emulation: eglMakeCurrent: 0x7c951ac52de0: ver 3 0 (tinfo 0x7c94ce350220)
10-04 02:25:10.339  3227  3285 I chatty  : uid=10102(com.android.systemui) RenderThread identical 2 lines
10-04 02:25:10.373  3227  3285 D EGL_emulation: eglMakeCurrent: 0x7c951ac52de0: ver 3 0 (tinfo 0x7c94ce350220)
10-04 02:25:10.443  3380  3402 D EGL_emulation: eglMakeCurrent: 0x7c94d1a0df00: ver 3 0 (tinfo 0x7c951ab59560)
10-04 02:25:10.457  3380  3402 I OpenGLRenderer: Davey! duration=1975ms; Flags=1, IntendedVsync=652943691774, Vsync=653610358414, OldestInputEvent=9223372036854775807, NewestInputEvent=0, HandleInputStart=653613491842, AnimationStart=653613648047, PerformTraversalsStart=653614323120, DrawStart=654751169955, SyncQueued=654905990575, SyncStart=654907986668, IssueDrawCommandsStart=654910809665, SwapBuffers=654913015314, FrameCompleted=654920769580, DequeueBufferDuration=456000, QueueBufferDuration=1220000, 
10-04 02:25:10.572  3380  3390 I cher.sproutboo: Background young concurrent copying GC freed 145805(5322KB) AllocSpace objects, 1(24KB) LOS objects, 26% free, 11MB/15MB, paused 112us total 4.351s
10-04 02:25:10.652  3380  3380 I Choreographer: Skipped 87 frames!  The application may be doing too much work on its main thread.
10-04 02:25:10.674  3380  3402 I OpenGLRenderer: Davey! duration=1476ms; Flags=0, IntendedVsync=653660390270, Vsync=655110390212, OldestInputEvent=9223372036854775807, NewestInputEvent=0, HandleInputStart=655116212383, AnimationStart=655116422617, PerformTraversalsStart=655116438565, DrawStart=655116898476, SyncQueued=655117018067, SyncStart=655117880740, IssueDrawCommandsStart=655122497862, SwapBuffers=655124429136, FrameCompleted=655137468725, DequeueBufferDuration=589000, QueueBufferDuration=8314000, 
10-04 02:25:11.490  3380  3380 D Autofill Status: Autofill popup isn't shown because autofill is not available.
10-04 02:25:11.490  3380  3380 D Autofill Status: 
10-04 02:25:11.490  3380  3380 D Autofill Status: Did you set up autofill?
10-04 02:25:11.490  3380  3380 D Autofill Status: 1. Go to Settings > System > Languages&input > Advanced > Autofill Service
10-04 02:25:11.490  3380  3380 D Autofill Status: 2. Pick a service
10-04 02:25:11.490  3380  3380 D Autofill Status: 
10-04 02:25:11.490  3380  3380 D Autofill Status: Did you add an account?
10-04 02:25:11.490  3380  3380 D Autofill Status: 1. Go to Settings > System > Languages&input > Advanced
10-04 02:25:11.490  3380  3380 D Autofill Status: 2. Click on the settings icon next to the Autofill Service
10-04 02:25:11.490  3380  3380 D Autofill Status: 3. Add your account
10-04 02:25:12.008  2364  2364 I LatinIME: Starting input. Cursor position = 0,0
10-04 02:25:12.243  1709  1763 D gralloc_ranchu: gralloc_alloc: Creating ashmem region of size 1118208
10-04 02:25:12.260  1709  1763 I chatty  : uid=1000(system) HwBinder:1709_2 identical 1 line
10-04 02:25:12.262  1709  1763 D gralloc_ranchu: gralloc_alloc: Creating ashmem region of size 1118208
10-04 02:25:12.352  2364  3466 D EGL_emulation: eglMakeCurrent: 0x7c951c84bda0: ver 3 0 (tinfo 0x7c951c8187e0)
10-04 02:25:12.602  1928  1947 W system_server: Long monitor contention with owner android.anim (1948) at void com.android.server.wm.WindowSurfacePlacer.lambda$new$0$WindowSurfacePlacer()(WindowSurfacePlacer.java:61) waiters=0 in void com.android.server.wm.WindowManagerService$H.handleMessage(android.os.Message) for 219ms
10-04 02:25:12.723  3227  3227 I Choreographer: Skipped 34 frames!  The application may be doing too much work on its main thread.
10-04 02:25:12.874  3380  3402 D EGL_emulation: eglMakeCurrent: 0x7c94d1a0df00: ver 3 0 (tinfo 0x7c951ab59560)
10-04 02:25:14.754  1928  1999 I ActivityTaskManager: START u0 {act=android.intent.action.MAIN cat=[android.intent.category.LAUNCHER] flg=0x10000000 cmp=com.nothatcher.sproutbook.test/androidx.test.core.app.InstrumentationActivityInvoker$EmptyActivity} from uid 10116
10-04 02:25:13.075  3380  3402 D EGL_emulation: eglMakeCurrent: 0x7c94d1a0df00: ver 3 0 (tinfo 0x7c951ab59560)
10-04 02:25:14.881  1928  1948 E system_server: Invalid ID 0x00000000.
10-04 02:25:14.978  3380  3380 D LifecycleMonitor: Lifecycle status change: com.nothatcher.sproutbook.MainActivity@fb1b38 in: PAUSED
10-04 02:25:14.979  3380  3380 V ActivityScenario: Update currentActivityStage to PAUSED, currentActivity=com.nothatcher.sproutbook.MainActivity@fb1b38
10-04 02:25:14.982  1709  1763 D gralloc_ranchu: gralloc_alloc: Creating ashmem region of size 1155072
10-04 02:25:14.993  1928  1999 W InputReader: Device has associated, but no associated display id.
10-04 02:25:14.998  1928  1999 I chatty  : uid=1000(system) Binder:1928_3 identical 28 lines
10-04 02:25:14.998  1928  1999 W InputReader: Device has associated, but no associated display id.
10-04 02:25:15.001  3434  3434 W ActivityThread: handleWindowVisibility: no activity for token android.os.BinderProxy@9594197
10-04 02:25:15.009  1928  1999 W InputReader: Device has associated, but no associated display id.
10-04 02:25:15.021  1928  1999 I chatty  : uid=1000(system) Binder:1928_3 identical 18 lines
10-04 02:25:15.021  1928  1999 W InputReader: Device has associated, but no associated display id.
10-04 02:25:15.169  1928  1948 W InputReader: Device has associated, but no associated display id.
10-04 02:25:15.170  1928  1948 I chatty  : uid=1000(system) android.anim identical 18 lines
10-04 02:25:15.170  1928  1948 W InputReader: Device has associated, but no associated display id.
10-04 02:25:15.193  1709  1763 D gralloc_ranchu: gralloc_alloc: Creating ashmem region of size 1155072
10-04 02:25:15.278  3380  3415 W cher.sproutboo: Long monitor contention with owner arch_disk_io_2 (3414) at boolean android.os.MessageQueue.enqueueMessage(android.os.Message, long)(MessageQueue.java:556) waiters=1 in boolean android.os.MessageQueue.enqueueMessage(android.os.Message, long) for 483ms
10-04 02:25:15.570  1709  1763 D gralloc_ranchu: gralloc_alloc: Creating ashmem region of size 1155072
10-04 02:25:15.661  3380  3402 D EGL_emulation: eglMakeCurrent: 0x7c94d1a0df00: ver 3 0 (tinfo 0x7c951ab59560)
10-04 02:25:15.683  1709  1763 D gralloc_ranchu: gralloc_alloc: Creating ashmem region of size 1155072
10-04 02:25:15.692  1709  1763 I chatty  : uid=1000(system) HwBinder:1709_2 identical 1 line
10-04 02:25:15.694  1709  1763 D gralloc_ranchu: gralloc_alloc: Creating ashmem region of size 1155072
10-04 02:25:15.750  3434  3452 D EGL_emulation: eglMakeCurrent: 0x7c951c8496e0: ver 3 0 (tinfo 0x7c951c8186c0)
10-04 02:25:15.879  2364  3466 D EGL_emulation: eglMakeCurrent: 0x7c951c84bda0: ver 3 0 (tinfo 0x7c951c8187e0)
10-04 02:25:16.087  1928  1928 W Looper  : Slow dispatch took 145ms main h=com.android.server.accessibility.AbstractAccessibilityServiceConnection$1 c=null m=32
10-04 02:25:16.174  1928  2449 D HostConnection: HostConnection::get() New Host Connection established 0x7c94be648500, tid 2449
10-04 02:25:16.176  1928  2449 D HostConnection: HostComposition ext ANDROID_EMU_CHECKSUM_HELPER_v1 ANDROID_EMU_native_sync_v2 ANDROID_EMU_dma_v1 ANDROID_EMU_direct_mem ANDROID_EMU_host_composition_v1 ANDROID_EMU_host_composition_v2 ANDROID_EMU_sync_buffer_data ANDROID_EMU_hwc_color_transform GL_OES_EGL_image_external_essl3 GL_OES_vertex_array_object GL_KHR_texture_compression_astc_ldr ANDROID_EMU_host_side_tracing ANDROID_EMU_gles_max_version_3_0 
10-04 02:25:16.587  3227  3285 D EGL_emulation: eglMakeCurrent: 0x7c951ac52de0: ver 3 0 (tinfo 0x7c94ce350220)
10-04 02:25:16.665  3227  3285 I chatty  : uid=10102(com.android.systemui) RenderThread identical 2 lines
10-04 02:25:16.677  3227  3285 D EGL_emulation: eglMakeCurrent: 0x7c951ac52de0: ver 3 0 (tinfo 0x7c94ce350220)
10-04 02:25:16.719  3380  3380 D LifecycleMonitor: Lifecycle status change: com.nothatcher.sproutbook.MainActivity@fb1b38 in: STOPPED
10-04 02:25:16.720  3380  3380 V ActivityScenario: Update currentActivityStage to STOPPED, currentActivity=com.nothatcher.sproutbook.MainActivity@fb1b38
10-04 02:25:16.729  3227  3285 D EGL_emulation: eglMakeCurrent: 0x7c951ac52de0: ver 3 0 (tinfo 0x7c94ce350220)
10-04 02:25:16.740  3227  3285 D EGL_emulation: eglMakeCurrent: 0x7c951ac52de0: ver 3 0 (tinfo 0x7c94ce350220)
10-04 02:25:16.865  1928  1942 W InputReader: Device has associated, but no associated display id.
10-04 02:25:16.866  1928  1942 I chatty  : uid=1000(system) Binder:1928_1 identical 8 lines
10-04 02:25:16.866  1928  1942 W InputReader: Device has associated, but no associated display id.
10-04 02:25:16.932  1928  3519 W InputReader: Device has associated, but no associated display id.
10-04 02:25:16.933  1928  3519 I chatty  : uid=1000(system) Binder:1928_11 identical 8 lines
10-04 02:25:16.933  1928  3519 W InputReader: Device has associated, but no associated display id.
10-04 02:25:17.123  1709  1763 D gralloc_ranchu: gralloc_alloc: Creating ashmem region of size 1155072
10-04 02:25:17.132  1709  1763 I chatty  : uid=1000(system) HwBinder:1709_2 identical 1 line
10-04 02:25:17.137  1709  1763 D gralloc_ranchu: gralloc_alloc: Creating ashmem region of size 1155072
10-04 02:25:17.161  2288  2544 D EGL_emulation: eglMakeCurrent: 0x7c951c84b440: ver 3 0 (tinfo 0x7c951c8189e0)
10-04 02:25:17.344  1928  1948 W InputReader: Device has associated, but no associated display id.
10-04 02:25:17.345  1928  1948 I chatty  : uid=1000(system) android.anim identical 8 lines
10-04 02:25:17.345  1928  1948 W InputReader: Device has associated, but no associated display id.
10-04 02:25:17.399  1709  1763 D gralloc_ranchu: gralloc_alloc: Creating ashmem region of size 1155072
10-04 02:25:17.432  1928  2449 D EGL_emulation: eglCreateContext: 0x7c94be648640: maj 3 min 0 rcv 3
10-04 02:25:17.434  1928  2449 D EGL_emulation: eglMakeCurrent: 0x7c94be648640: ver 3 0 (tinfo 0x7c94ccb78da0)
10-04 02:25:17.778  1928  1943 W system_server: Long monitor contention with owner android.anim (1948) at void com.android.server.wm.WindowAnimator.animate(long)(WindowAnimator.java:141) waiters=1 in android.os.IBinder com.android.server.wm.WindowManagerService$LocalService.getFocusedWindowToken() for 125ms
10-04 02:25:17.951  3434  3452 D EGL_emulation: eglMakeCurrent: 0x7c951c8496e0: ver 3 0 (tinfo 0x7c951c8186c0)
10-04 02:25:18.184  1928  1942 I ActivityTaskManager: Activity reported stop, but no longer stopping: ActivityRecord{7c26cb4 u0 com.nothatcher.sproutbook/.MainActivity t16 f}
10-04 02:25:18.190  1928  1953 I ActivityTaskManager: Displayed com.nothatcher.sproutbook.test/androidx.test.core.app.InstrumentationActivityInvoker$EmptyActivity: +1s201ms
10-04 02:25:18.655  1928  1947 W system_server: Long monitor contention with owner Binder:1928_1 (1942) at void com.android.server.wm.ActivityTaskManagerService.activityDestroyed(android.os.IBinder)(ActivityTaskManagerService.java:1751) waiters=0 in void com.android.server.wm.TaskChangeNotificationController.forAllRemoteListeners(com.android.server.wm.TaskChangeNotificationController$TaskStackConsumer, android.os.Message) for 130ms
10-04 02:25:19.770  3227  3238 I ndroid.systemu: NativeAlloc concurrent copying GC freed 14400(918KB) AllocSpace objects, 0(0B) LOS objects, 49% free, 4623KB/9246KB, paused 91us total 1.608s
10-04 02:25:20.261  3380  3380 D LifecycleMonitor: Lifecycle status change: com.nothatcher.sproutbook.MainActivity@fb1b38 in: DESTROYED
10-04 02:25:20.262  3380  3380 V ActivityScenario: Update currentActivityStage to DESTROYED, currentActivity=null
10-04 02:25:20.393  3380  3380 I Choreographer: Skipped 127 frames!  The application may be doing too much work on its main thread.
10-04 02:25:20.542  3380  3400 D IdlingRegistry: Unregistering idling resources: [androidx.compose.ui.test.EspressoLink@1407c52]
10-04 02:25:20.887  3380  3400 E TestRunner: failed: memoryAddTimelineEditDelete(com.nothatcher.sproutbook.CareFlowTest)
10-04 02:25:20.982  1928  1928 W Looper  : Slow delivery took 213ms main h=com.android.server.accessibility.AbstractAccessibilityServiceConnection$1 c=null m=2048
10-04 02:25:21.127  1928  1928 W Looper  : Drained
10-04 02:25:21.829  3380  3400 E TestRunner: ----- begin exception -----
10-04 02:25:21.829  3380  3400 E TestRunner: java.lang.AssertionError: Failed to inject touch input.
10-04 02:25:21.829  3380  3400 E TestRunner: Reason: Expected exactly '1' node but could not find any node that satisfies: (Text + InputText + EditableText contains 'Close' (ignoreCase: false))
10-04 02:25:21.829  3380  3400 E TestRunner: 
10-04 02:25:21.829  3380  3400 E TestRunner: 	at androidx.compose.ui.test.SemanticsNodeInteraction.fetchOneOrThrow(SemanticsNodeInteraction.kt:178)
10-04 02:25:21.829  3380  3400 E TestRunner: 	at androidx.compose.ui.test.SemanticsNodeInteraction.fetchOneOrThrow$default(SemanticsNodeInteraction.kt:150)
10-04 02:25:21.829  3380  3400 E TestRunner: 	at androidx.compose.ui.test.SemanticsNodeInteraction.fetchSemanticsNode(SemanticsNodeInteraction.kt:84)
10-04 02:25:21.829  3380  3400 E TestRunner: 	at androidx.compose.ui.test.ActionsKt.performTouchInput(Actions.kt:389)
10-04 02:25:21.829  3380  3400 E TestRunner: 	at androidx.compose.ui.test.AndroidActions.performClickImpl(Actions.android.kt:23)
10-04 02:25:21.829  3380  3400 E TestRunner: 	at androidx.compose.ui.test.ActionsKt.performClick(Actions.kt:60)
10-04 02:25:21.829  3380  3400 E TestRunner: 	at com.nothatcher.sproutbook.CareFlowTest.memoryAddTimelineEditDelete(CareFlowTest.kt:54)
10-04 02:25:21.829  3380  3400 E TestRunner: 	at java.lang.reflect.Method.invoke(Native Method)
10-04 02:25:21.829  3380  3400 E TestRunner: 	at org.junit.runners.model.FrameworkMethod$1.runReflectiveCall(FrameworkMethod.java:59)
10-04 02:25:21.829  3380  3400 E TestRunner: 	at org.junit.internal.runners.model.ReflectiveCallable.run(ReflectiveCallable.java:12)
10-04 02:25:21.829  3380  3400 E TestRunner: 	at org.junit.runners.model.FrameworkMethod.invokeExplosively(FrameworkMethod.java:56)
10-04 02:25:21.829  3380  3400 E TestRunner: 	at org.junit.internal.runners.statements.InvokeMethod.evaluate(InvokeMethod.java:17)
10-04 02:25:21.829  3380  3400 E TestRunner: 	at androidx.test.internal.runner.junit4.statement.RunBefores.evaluate(RunBefores.java:80)
10-04 02:25:21.829  3380  3400 E TestRunner: 	at org.junit.rules.ExternalResource$1.evaluate(ExternalResource.java:54)
10-04 02:25:21.829  3380  3400 E TestRunner: 	at androidx.compose.ui.test.junit4.AndroidComposeTestRule$apply$1$evaluate$1.invoke(AndroidComposeTestRule.android.kt:295)
10-04 02:25:21.829  3380  3400 E TestRunner: 	at androidx.compose.ui.test.junit4.AndroidComposeTestRule$apply$1$evaluate$1.invoke(AndroidComposeTestRule.android.kt:295)
10-04 02:25:21.829  3380  3400 E TestRunner: 	at androidx.compose.ui.test.AndroidComposeUiTestEnvironment$AndroidComposeUiTestImpl.withDisposableContent(ComposeUiTest.android.kt:565)
10-04 02:25:21.829  3380  3400 E TestRunner: 	at androidx.compose.ui.test.AndroidComposeUiTestEnvironment$runTest$1$1$1$1$1$1.invoke(ComposeUiTest.android.kt:370)
10-04 02:25:21.829  3380  3400 E TestRunner: 	at androidx.compose.ui.test.AndroidComposeUiTestEnvironment.withComposeIdlingResource(ComposeUiTest.android.kt:439)
10-04 02:25:21.829  3380  3400 E TestRunner: 	at androidx.compose.ui.test.AndroidComposeUiTestEnvironment.access$withComposeIdlingResource(ComposeUiTest.android.kt:235)
10-04 02:25:21.829  3380  3400 E TestRunner: 	at androidx.compose.ui.test.AndroidComposeUiTestEnvironment$runTest$1$1$1$1$1.invoke(ComposeUiTest.android.kt:369)
10-04 02:25:21.829  3380  3400 E TestRunner: 	at androidx.compose.ui.test.AndroidComposeUiTestEnvironment.withWindowRecomposer(ComposeUiTest.android.kt:413)
10-04 02:25:21.829  3380  3400 E TestRunner: 	at androidx.compose.ui.test.AndroidComposeUiTestEnvironment.access$withWindowRecomposer(ComposeUiTest.android.kt:235)
10-04 02:25:21.829  3380  3400 E TestRunner: 	at androidx.compose.ui.test.AndroidComposeUiTestEnvironment$runTest$1$1$1$1.invoke(ComposeUiTest.android.kt:368)
10-04 02:25:21.829  3380  3400 E TestRunner: 	at androidx.compose.ui.test.AndroidComposeUiTestEnvironment.withTestCoroutines(ComposeUiTest.android.kt:426)
10-04 02:25:21.829  3380  3400 E TestRunner: 	at androidx.compose.ui.test.AndroidComposeUiTestEnvironment.access$withTestCoroutines(ComposeUiTest.android.kt:235)
10-04 02:25:21.829  3380  3400 E TestRunner: 	at androidx.compose.ui.test.AndroidComposeUiTestEnvironment$runTest$1$1$1.invoke(ComposeUiTest.android.kt:367)
10-04 02:25:21.829  3380  3400 E TestRunner: 	at androidx.compose.ui.test.EspressoLink.withStrategy(EspressoLink.android.kt:69)
10-04 02:25:21.829  3380  3400 E TestRunner: 	at androidx.compose.ui.test.AndroidComposeUiTestEnvironment$runTest$1$1.invoke(ComposeUiTest.android.kt:366)
10-04 02:25:21.829  3380  3400 E TestRunner: 	at androidx.compose.ui.test.IdlingResourceRegistry.withRegistry(IdlingResourceRegistry.jvm.kt:148)
10-04 02:25:21.829  3380  3400 E TestRunner: 	at androidx.compose.ui.test.AndroidComposeUiTestEnvironment$runTest$1.invoke(ComposeUiTest.android.kt:365)
10-04 02:25:21.829  3380  3400 E TestRunner: 	at androidx.compose.ui.test.ComposeRootRegistry.withRegistry(ComposeRootRegistry.android.kt:139)
10-04 02:25:21.829  3380  3400 E TestRunner: 	at androidx.compose.ui.test.AndroidComposeUiTestEnvironment.runTest(ComposeUiTest.android.kt:364)
10-04 02:25:21.829  3380  3400 E TestRunner: 	at androidx.compose.ui.test.junit4.AndroidComposeTestRule$apply$1.evaluate(AndroidComposeTestRule.android.kt:295)
10-04 02:25:21.829  3380  3400 E TestRunner: 	at org.junit.runners.ParentRunner$3.evaluate(ParentRunner.java:306)
10-04 02:25:21.829  3380  3400 E TestRunner: 	at org.junit.runners.BlockJUnit4ClassRunner$1.evaluate(BlockJUnit4ClassRunner.java:100)
10-04 02:25:21.829  3380  3400 E TestRunner: 	at org.junit.runners.ParentRunner.runLeaf(ParentRunner.java:366)
10-04 02:25:21.829  3380  3400 E TestRunner: 	at org.junit.runners.BlockJUnit4ClassRunner.runChild(BlockJUnit4ClassRunner.java:103)
10-04 02:25:21.839  3380  3400 E TestRunner: 	at org.junit.runners.BlockJUnit4ClassRunner.runChild(BlockJUnit4ClassRunner.java:63)
10-04 02:25:21.839  3380  3400 E TestRunner: 	at org.junit.runners.ParentRunner$4.run(ParentRunner.java:331)
10-04 02:25:21.839  3380  3400 E TestRunner: 	at org.junit.runners.ParentRunner$1.schedule(ParentRunner.java:79)
10-04 02:25:21.839  3380  3400 E TestRunner: 	at org.junit.runners.ParentRunner.runChildren(ParentRunner.java:329)
10-04 02:25:21.839  3380  3400 E TestRunner: 	at org.junit.runners.ParentRunner.access$100(ParentRunner.java:66)
10-04 02:25:21.839  3380  3400 E TestRunner: 	at org.junit.runners.ParentRunner$2.evaluate(ParentRunner.java:293)
10-04 02:25:21.839  3380  3400 E TestRunner: 	at org.junit.runners.ParentRunner$3.evaluate(ParentRunner.java:306)
10-04 02:25:21.839  3380  3400 E TestRunner: 	at org.junit.runners.ParentRunner.run(ParentRunner.java:413)
10-04 02:25:21.839  3380  3400 E TestRunner: 	at org.junit.runners.Suite.runChild(Suite.java:128)
10-04 02:25:21.839  3380  3400 E TestRunner: 	at org.junit.runners.Suite.runChild(Suite.java:27)
10-04 02:25:21.839  3380  3400 E TestRunner: 	at org.junit.runners.ParentRunner$4.run(ParentRunner.java:331)
10-04 02:25:21.839  3380  3400 E TestRunner: 	at org.junit.runners.ParentRunner$1.schedule(ParentRunner.java:79)
10-04 02:25:21.839  3380  3400 E TestRunner: 	at org.junit.runners.ParentRunner.runChildren(ParentRunner.java:329)
10-04 02:25:21.839  3380  3400 E TestRunner: 	at org.junit.runners.ParentRunner.access$100(ParentRunner.java:66)
10-04 02:25:21.839  3380  3400 E TestRunner: 	at org.junit.runners.ParentRunner$2.evaluate(ParentRunner.java:293)
10-04 02:25:21.839  3380  3400 E TestRunner: 	at org.junit.runners.ParentRunner$3.evaluate(ParentRunner.java:306)
10-04 02:25:21.839  3380  3400 E TestRunner: 	at org.junit.runners.ParentRunner.run(ParentRunner.java:413)
10-04 02:25:21.839  3380  3400 E TestRunner: 	at org.junit.runner.JUnitCore.run(JUnitCore.java:137)
10-04 02:25:21.839  3380  3400 E TestRunner: 	at org.junit.runner.JUnitCore.run(JUnitCore.java:115)
10-04 02:25:21.839  3380  3400 E TestRunner: 	at androidx.test.internal.runner.TestExecutor.execute(TestExecutor.java:68)
10-04 02:25:21.839  3380  3400 E TestRunner: 	at androidx.test.internal.runner.TestExecutor.execute(TestExecutor.java:59)
10-04 02:25:21.839  3380  3400 E TestRunner: 	at androidx.test.runner.AndroidJUnitRunner.onStart(AndroidJUnitRunner.java:463)
10-04 02:25:21.839  3380  3400 E TestRunner: 	at android.app.Instrumentation$InstrumentationThread.run(Instrumentation.java:2189)
10-04 02:25:21.839  3380  3400 E TestRunner: ----- end exception -----
10-04 02:25:21.846  3380  3400 I TestRunner: finished: memoryAddTimelineEditDelete(com.nothatcher.sproutbook.CareFlowTest)
10-04 02:25:21.867  3380  3400 I TestRunner: started: inventorySaveAdjustAndDelete(com.nothatcher.sproutbook.CareFlowTest)
10-04 02:25:21.895  3380  3400 D IdlingRegistry: Registering idling resources: [androidx.compose.ui.test.EspressoLink@ed9fda3]
10-04 02:25:21.924  3380  3400 W Settings: Setting always_finish_activities has moved from android.provider.Settings.System to android.provider.Settings.Global, returning read-only value.
10-04 02:25:21.956  1928  1999 I ActivityTaskManager: START u0 {act=android.intent.action.MAIN cat=[android.intent.category.LAUNCHER] flg=0x10008000 cmp=com.nothatcher.sproutbook/.MainActivity} from uid 10116
10-04 02:25:22.072  1928  1942 W InputReader: Device has associated, but no associated display id.
10-04 02:25:22.081  1928  1942 I chatty  : uid=1000(system) Binder:1928_1 identical 38 lines
10-04 02:25:22.081  1928  1942 W InputReader: Device has associated, but no associated display id.
10-04 02:25:22.102  3380  3380 W ActivityThread: handleWindowVisibility: no activity for token android.os.BinderProxy@5ff301e
10-04 02:25:22.261  1709  1763 D gralloc_ranchu: gralloc_alloc: Creating ashmem region of size 1155072
10-04 02:25:22.332  3380  3380 D LifecycleMonitor: Lifecycle status change: com.nothatcher.sproutbook.MainActivity@9790d91 in: PRE_ON_CREATE
10-04 02:25:22.332  3380  3380 V ActivityScenario: Activity lifecycle changed event received but ignored because the reported transition was not ON_CREATE while the last known transition was PRE_ON_CREATE
10-04 02:25:22.358  1928  1948 W InputReader: Device has associated, but no associated display id.
10-04 02:25:22.358  1928  1948 I chatty  : uid=1000(system) android.anim identical 8 lines
10-04 02:25:22.358  1928  1948 W InputReader: Device has associated, but no associated display id.
10-04 02:25:22.650  1928  3163 W system_server: Long monitor contention with owner android.display (1947) at void com.android.server.wm.WindowManagerService$H.handleMessage(android.os.Message)(WindowManagerService.java:4876) waiters=2 in void com.android.server.wm.WindowManagerService.reportSystemGestureExclusionChanged(com.android.server.wm.Session, android.view.IWindow, java.util.List) for 177ms
10-04 02:25:22.651  1928  1948 W system_server: Long monitor contention with owner android.display (1947) at void com.android.server.wm.WindowManagerService$H.handleMessage(android.os.Message)(WindowManagerService.java:4876) waiters=3 in void com.android.server.wm.InputMonitor$1.run() for 178ms
10-04 02:25:22.762  1928  1947 W system_server: Long monitor contention with owner LazyTaskWriterThread (2453) at void com.android.server.wm.TaskPersister.writeTaskIdsFiles()(TaskPersister.java:450) waiters=1 in void com.android.server.wm.WindowManagerService$H.handleMessage(android.os.Message) for 105ms
10-04 02:25:22.790  3380  3380 D LifecycleMonitor: Lifecycle status change: com.nothatcher.sproutbook.MainActivity@9790d91 in: CREATED
10-04 02:25:22.791  3380  3380 V ActivityScenario: Update currentActivityStage to CREATED, currentActivity=com.nothatcher.sproutbook.MainActivity@9790d91
10-04 02:25:22.828  3380  3380 D LifecycleMonitor: Lifecycle status change: com.nothatcher.sproutbook.MainActivity@9790d91 in: STARTED
10-04 02:25:22.829  3380  3380 V ActivityScenario: Update currentActivityStage to STARTED, currentActivity=com.nothatcher.sproutbook.MainActivity@9790d91
10-04 02:25:22.833  3380  3380 D LifecycleMonitor: Lifecycle status change: com.nothatcher.sproutbook.MainActivity@9790d91 in: RESUMED
10-04 02:25:22.836  3380  3380 V ActivityScenario: Update currentActivityStage to RESUMED, currentActivity=com.nothatcher.sproutbook.MainActivity@9790d91
10-04 02:25:23.400  2288  2544 D EGL_emulation: eglMakeCurrent: 0x7c951c84b440: ver 3 0 (tinfo 0x7c951c8189e0)
10-04 02:25:23.809  1709  1763 D gralloc_ranchu: gralloc_alloc: Creating ashmem region of size 1155072
10-04 02:25:23.829  1709  1763 I chatty  : uid=1000(system) HwBinder:1709_2 identical 1 line
10-04 02:25:23.832  1709  1763 D gralloc_ranchu: gralloc_alloc: Creating ashmem region of size 1155072
10-04 02:25:23.984  3380  3402 D EGL_emulation: eglMakeCurrent: 0x7c94d1a0df00: ver 3 0 (tinfo 0x7c951ab59560)
10-04 02:25:24.104  3380  3380 I Choreographer: Skipped 68 frames!  The application may be doing too much work on its main thread.
10-04 02:25:24.350  3380  3406 W cher.sproutboo: Accessing hidden method Lsun/misc/Unsafe;->getObject(Ljava/lang/Object;J)Ljava/lang/Object; (greylist, linking, allowed)
10-04 02:25:24.351  3380  3406 W cher.sproutboo: Accessing hidden method Lsun/misc/Unsafe;->putObject(Ljava/lang/Object;JLjava/lang/Object;)V (greylist, linking, allowed)
10-04 02:25:24.353  3380  3406 W cher.sproutboo: Accessing hidden method Lsun/misc/Unsafe;->putInt(Ljava/lang/Object;JI)V (greylist, linking, allowed)
10-04 02:25:24.353  3380  3406 W cher.sproutboo: Accessing hidden method Lsun/misc/Unsafe;->getInt(Ljava/lang/Object;J)I (greylist, linking, allowed)
10-04 02:25:24.807  3380  3406 W cher.sproutboo: Accessing hidden method Lsun/misc/Unsafe;->putObject(Ljava/lang/Object;JLjava/lang/Object;)V (greylist, linking, allowed)
10-04 02:25:24.807  3380  3406 W cher.sproutboo: Accessing hidden method Lsun/misc/Unsafe;->putInt(Ljava/lang/Object;JI)V (greylist, linking, allowed)
10-04 02:25:24.808  3380  3406 W cher.sproutboo: Accessing hidden method Lsun/misc/Unsafe;->getInt(Ljava/lang/Object;J)I (greylist, linking, allowed)
10-04 02:25:25.278  1928  1953 I ActivityTaskManager: Displayed com.nothatcher.sproutbook/.MainActivity: +2s101ms
10-04 02:25:25.932  1928  2453 E TaskPersister: File error accessing recents directory (directory doesn't exist?).
10-04 02:25:26.361  3380  3380 I Choreographer: Skipped 74 frames!  The application may be doing too much work on its main thread.
10-04 02:25:28.751  3380  3380 I Choreographer: Skipped 111 frames!  The application may be doing too much work on its main thread.
10-04 02:25:30.094  3380  3380 I Choreographer: Skipped 54 frames!  The application may be doing too much work on its main thread.
10-04 02:25:31.212  3380  3380 I Choreographer: Skipped 47 frames!  The application may be doing too much work on its main thread.
10-04 02:25:32.722  1928  2449 D HostConnection: HostConnection::get() New Host Connection established 0x7c94be648500, tid 2449
10-04 02:25:33.261  3380  3390 I cher.sproutboo: Background concurrent copying GC freed 202295(7794KB) AllocSpace objects, 2(68KB) LOS objects, 36% free, 10MB/16MB, paused 8.011ms total 7.138s
10-04 02:25:33.457  1928  2449 D HostConnection: HostComposition ext ANDROID_EMU_CHECKSUM_HELPER_v1 ANDROID_EMU_native_sync_v2 ANDROID_EMU_dma_v1 ANDROID_EMU_direct_mem ANDROID_EMU_host_composition_v1 ANDROID_EMU_host_composition_v2 ANDROID_EMU_sync_buffer_data ANDROID_EMU_hwc_color_transform GL_OES_EGL_image_external_essl3 GL_OES_vertex_array_object GL_KHR_texture_compression_astc_ldr ANDROID_EMU_host_side_tracing ANDROID_EMU_gles_max_version_3_0 
10-04 02:25:33.462  1928  2449 D EGL_emulation: eglCreateContext: 0x7c94be648640: maj 3 min 0 rcv 3
10-04 02:25:34.131  3380  3380 I Choreographer: Skipped 82 frames!  The application may be doing too much work on its main thread.
10-04 02:25:34.400  1928  2449 D EGL_emulation: eglMakeCurrent: 0x7c94be648640: ver 3 0 (tinfo 0x7c94ccb78da0)
10-04 02:25:35.021  3380  3380 I Choreographer: Skipped 32 frames!  The application may be doing too much work on its main thread.
10-04 02:25:35.893  1709  1763 D gralloc_ranchu: gralloc_alloc: Creating ashmem region of size 1155072
10-04 02:25:35.917  1709  1763 I chatty  : uid=1000(system) HwBinder:1709_2 identical 1 line
10-04 02:25:35.920  1709  1763 D gralloc_ranchu: gralloc_alloc: Creating ashmem region of size 1155072
10-04 02:25:35.931  3227  3285 D EGL_emulation: eglMakeCurrent: 0x7c951ac52de0: ver 3 0 (tinfo 0x7c94ce350220)
10-04 02:25:35.992  3227  3285 D EGL_emulation: eglMakeCurrent: 0x7c951ac52de0: ver 3 0 (tinfo 0x7c94ce350220)
10-04 02:25:36.095  3380  3402 D EGL_emulation: eglMakeCurrent: 0x7c94d1a0df00: ver 3 0 (tinfo 0x7c951ab59560)
10-04 02:25:36.266  3380  3380 I Choreographer: Skipped 73 frames!  The application may be doing too much work on its main thread.
10-04 02:25:36.403  3227  3285 D EGL_emulation: eglMakeCurrent: 0x7c951ac52de0: ver 3 0 (tinfo 0x7c94ce350220)
10-04 02:25:36.475  3227  3285 D EGL_emulation: eglMakeCurrent: 0x7c951ac52de0: ver 3 0 (tinfo 0x7c94ce350220)
10-04 02:25:36.934  3380  3380 I Choreographer: Skipped 38 frames!  The application may be doing too much work on its main thread.
10-04 02:25:37.022  3380  3402 D EGL_emulation: eglMakeCurrent: 0x7c94d1a0df00: ver 3 0 (tinfo 0x7c951ab59560)
10-04 02:25:37.281  3380  3380 D Autofill Status: Autofill popup isn't shown because autofill is not available.
10-04 02:25:37.281  3380  3380 D Autofill Status: 
10-04 02:25:37.281  3380  3380 D Autofill Status: Did you set up autofill?
10-04 02:25:37.281  3380  3380 D Autofill Status: 1. Go to Settings > System > Languages&input > Advanced > Autofill Service
10-04 02:25:37.281  3380  3380 D Autofill Status: 2. Pick a service
10-04 02:25:37.281  3380  3380 D Autofill Status: 
10-04 02:25:37.281  3380  3380 D Autofill Status: Did you add an account?
10-04 02:25:37.281  3380  3380 D Autofill Status: 1. Go to Settings > System > Languages&input > Advanced
10-04 02:25:37.281  3380  3380 D Autofill Status: 2. Click on the settings icon next to the Autofill Service
10-04 02:25:37.281  3380  3380 D Autofill Status: 3. Add your account
10-04 02:25:37.373  3380  3402 D EGL_emulation: eglMakeCurrent: 0x7c94d1a0df00: ver 3 0 (tinfo 0x7c951ab59560)
10-04 02:25:38.040  2364  2364 I LatinIME: Starting input. Cursor position = 0,0
10-04 02:25:38.045  3380  3380 I Choreographer: Skipped 35 frames!  The application may be doing too much work on its main thread.
10-04 02:25:38.224  1709  1763 D gralloc_ranchu: gralloc_alloc: Creating ashmem region of size 1118208
10-04 02:25:38.234  1709  1763 I chatty  : uid=1000(system) HwBinder:1709_2 identical 1 line
10-04 02:25:38.236  1709  1763 D gralloc_ranchu: gralloc_alloc: Creating ashmem region of size 1118208
10-04 02:25:38.309  2364  3466 D EGL_emulation: eglMakeCurrent: 0x7c951c84bda0: ver 3 0 (tinfo 0x7c951c8187e0)
10-04 02:25:39.127  3227  3227 I Choreographer: Skipped 36 frames!  The application may be doing too much work on its main thread.
10-04 02:25:39.775  3380  3380 D Autofill Status: Autofill popup isn't shown because autofill is not available.
10-04 02:25:39.775  3380  3380 D Autofill Status: 
10-04 02:25:39.775  3380  3380 D Autofill Status: Did you set up autofill?
10-04 02:25:39.775  3380  3380 D Autofill Status: 1. Go to Settings > System > Languages&input > Advanced > Autofill Service
10-04 02:25:39.775  3380  3380 D Autofill Status: 2. Pick a service
10-04 02:25:39.775  3380  3380 D Autofill Status: 
10-04 02:25:39.775  3380  3380 D Autofill Status: Did you add an account?
10-04 02:25:39.775  3380  3380 D Autofill Status: 1. Go to Settings > System > Languages&input > Advanced
10-04 02:25:39.775  3380  3380 D Autofill Status: 2. Click on the settings icon next to the Autofill Service
10-04 02:25:39.775  3380  3380 D Autofill Status: 3. Add your account
10-04 02:25:39.861  2364  2364 I LatinIME: Starting input. Cursor position = 0,0
10-04 02:25:40.676  2364  2364 I Choreographer: Skipped 49 frames!  The application may be doing too much work on its main thread.
10-04 02:25:40.751  2364  3466 I OpenGLRenderer: Davey! duration=902ms; Flags=0, IntendedVsync=684310418725, Vsync=685127085359, OldestInputEvent=9223372036854775807, NewestInputEvent=0, HandleInputStart=685139923962, AnimationStart=685139987882, PerformTraversalsStart=685139993431, DrawStart=685152810746, SyncQueued=685165620860, SyncStart=685166704231, IssueDrawCommandsStart=685179861374, SwapBuffers=685189024201, FrameCompleted=685214180408, DequeueBufferDuration=748000, QueueBufferDuration=21112000, 
10-04 02:25:42.066  3380  3402 D EGL_emulation: eglMakeCurrent: 0x7c94d1a0df00: ver 3 0 (tinfo 0x7c951ab59560)
10-04 02:25:42.098  1928  3163 E InputDispatcher: Window handle Window{64e68b5 u0 com.nothatcher.sproutbook/com.nothatcher.sproutbook.MainActivity} has no registered input channel
10-04 02:25:42.149  1928  1942 E InputDispatcher: Window handle Window{64e68b5 u0 com.nothatcher.sproutbook/com.nothatcher.sproutbook.MainActivity} has no registered input channel
10-04 02:25:42.436  3227  3285 D EGL_emulation: eglMakeCurrent: 0x7c951ac52de0: ver 3 0 (tinfo 0x7c94ce350220)
10-04 02:25:42.877  3380  3380 I Choreographer: Skipped 56 frames!  The application may be doing too much work on its main thread.
10-04 02:25:42.906  3380  3402 D EGL_emulation: eglMakeCurrent: 0x7c94d1a0df00: ver 3 0 (tinfo 0x7c951ab59560)
10-04 02:25:43.027  2364  3466 D EGL_emulation: eglMakeCurrent: 0x7c951c84bda0: ver 3 0 (tinfo 0x7c951c8187e0)
10-04 02:25:43.465  3227  3285 D EGL_emulation: eglMakeCurrent: 0x7c951ac52de0: ver 3 0 (tinfo 0x7c94ce350220)
10-04 02:25:46.148  1756  1756 E wifi_forwarder: RemoteConnection failed to initialize: RemoteConnection failed to open pipe
10-04 02:25:47.581  1741  1741 E netmgr  : Failed to open QEMU pipe 'qemud:network': Invalid argument
