--------- beginning of main
10-04 11:06:52.895  1568  1568 I SELinux : SELinux: Loaded service_contexts from:
10-04 11:06:53.031  1568  1568 I SELinux :     /system/etc/selinux/plat_service_contexts
10-04 11:06:53.196  1570  1570 I SELinux : SELinux: Loaded service_contexts from:
10-04 11:06:53.197  1570  1570 I SELinux :     /vendor/etc/selinux/vndservice_contexts
--------- beginning of system
10-04 11:06:53.621  1572  1572 I vold    : Vold 3.0 (the awakening) firing up
10-04 11:06:53.625  1572  1572 D vold    : Detected support for: ext4 f2fs vfat
10-04 11:06:53.686  1572  1572 D vold    : Found unmanaged dm device named vendor
10-04 11:06:53.687  1572  1572 D vold    : Found unmanaged dm device named system
10-04 11:06:53.687  1572  1572 D vold    : Found unmanaged dm device named system-verity
10-04 11:06:53.688  1572  1572 W vold    : Failed to LOOP_GET_STATUS64 /dev/block/loop3: No such device or address
10-04 11:06:53.706  1572  1572 W vold    : Failed to LOOP_GET_STATUS64 /dev/block/loop5: No such device or address
10-04 11:06:53.706  1572  1572 W vold    : Failed to LOOP_GET_STATUS64 /dev/block/loop7: No such device or address
10-04 11:06:53.706  1572  1572 W vold    : Failed to LOOP_GET_STATUS64 /dev/block/loop0: No such device or address
10-04 11:06:53.706  1572  1572 W vold    : Failed to LOOP_GET_STATUS64 /dev/block/loop2: No such device or address
10-04 11:06:53.706  1572  1572 W vold    : Failed to LOOP_GET_STATUS64 /dev/block/loop4: No such device or address
10-04 11:06:53.707  1572  1572 W vold    : Failed to LOOP_GET_STATUS64 /dev/block/loop6: No such device or address
10-04 11:06:53.707  1572  1572 W vold    : Failed to LOOP_GET_STATUS64 /dev/block/loop1: No such device or address
10-04 11:06:53.726  1572  1572 I vold    : Skip mounting partition: /product
10-04 11:06:53.726  1572  1572 I vold    : Skip mounting partition: /product_services
10-04 11:06:53.765  1572  1572 D vold    : VoldNativeService::start() completed OK
10-04 11:06:41.420  1567  1567 W auditd  : type=2000 audit(0.0:1): state=initialized audit_enabled=0 res=1
10-04 11:06:48.690  1567  1567 I auditd  : type=1403 audit(0.0:2): policy loaded auid=4294967295 ses=4294967295
10-04 11:06:48.700  1567  1567 W auditd  : type=1404 audit(0.0:3): enforcing=1 old_enforcing=0 auid=4294967295 ses=4294967295
10-04 11:06:55.172  1569  1569 I hwservicemanager: hwservicemanager is ready now.
10-04 11:06:56.072  1627  1627 I android.hardware.keymaster@3.0-impl: Fetching keymaster device name default
10-04 11:06:56.074  1627  1627 I android.hardware.keymaster@3.0-impl: Could not find any keystore module, using software-only implementation.
10-04 11:06:56.098  1627  1627 I ServiceManagement: Registered android.hardware.keymaster@3.0::IKeymasterDevice/default (start delay of 578ms)
10-04 11:06:56.110  1627  1627 I ServiceManagement: Removing namespace from process name android.hardware.keymaster@3.0-service to keymaster@3.0-service.
10-04 11:06:56.111  1627  1627 I android.hardware.keymaster@3.0-service: Registration complete for android.hardware.keymaster@3.0::IKeymasterDevice/default.
10-04 11:06:56.130  1572  1572 I vold    : fscrypt_initialize_global_de
10-04 11:06:56.131  1572  1572 D vold    : Key exists, using: /data/unencrypted/key
10-04 11:06:56.157  1569  1569 I hwservicemanager: getTransport: Cannot find entry android.hardware.keymaster@4.0::IKeymasterDevice/default in either framework or device manifest.
10-04 11:06:56.165  1572  1572 I vold    : List of Keymaster HALs found:
10-04 11:06:56.167  1572  1572 I vold    : Keymaster HAL #1: SoftwareKeymasterDevice from Google SecurityLevel: SOFTWARE HAL: android.hardware.keymaster@3.0::IKeymasterDevice/default
10-04 11:06:56.170  1572  1572 I vold    : Using SoftwareKeymasterDevice from Google for encryption.  Security level: SOFTWARE, HAL: android.hardware.keymaster@3.0::IKeymasterDevice/default
10-04 11:06:56.200  1572  1572 D RefBase : RefBase: Explicit destruction, weak count = 0 (in 0x71950d01e1f0)
10-04 11:06:56.200  1572  1572 W RefBase : CallStack::getCurrentInternal not linked, returning null
10-04 11:06:56.200  1572  1572 W RefBase : CallStack::logStackInternal not linked
10-04 11:06:56.202  1572  1572 D vold    : Added key 580325687 (ext4:8a59ddbf65427c67) to keyring 573748494 in process 1572
10-04 11:06:56.202  1572  1572 D vold    : Added key 501841835 (f2fs:8a59ddbf65427c67) to keyring 573748494 in process 1572
10-04 11:06:56.202  1572  1572 D vold    : Added key 116583964 (fscrypt:8a59ddbf65427c67) to keyring 573748494 in process 1572
10-04 11:06:56.228  1572  1572 I vold    : Wrote system DE key reference to:/data/unencrypted/ref
10-04 11:06:56.566  1633  1633 E fsverity_init: Failed to load /product/etc/security/fsverity/*.der
10-04 11:06:56.655  1634  1634 E /system/bin/mini-keyctl: Cannot find keyring id
10-04 11:06:56.754  1635  1635 E fsverity_init: Failed to restrict .fs-verity keyring
10-04 11:06:57.020  1638  1638 W ls      : type=1400 audit(0.0:4): avc: denied { dac_read_search } for capability=2 scontext=u:r:toolbox:s0 tcontext=u:r:toolbox:s0 tclass=capability permissive=0
10-04 11:06:57.030  1638  1638 W ls      : type=1400 audit(0.0:5): avc: denied { dac_override } for capability=1 scontext=u:r:toolbox:s0 tcontext=u:r:toolbox:s0 tclass=capability permissive=0
10-04 11:06:57.048  1636  1636 I apexd   : Marking APEXd as starting
10-04 11:06:57.050     1     1 I ls      : ls: /data/misc: Permission denied
10-04 11:06:57.052     1     1 I ls      : ls terminated by exit(1)
10-04 11:06:57.076  1636  1636 I apexd   : Scanning /system/apex for embedded keys
10-04 11:06:57.107  1636  1636 V apexd   : Found bundled key in package /system/apex/com.android.apex.cts.shim.apex
10-04 11:06:57.119  1636  1636 I apexd   : Scanning /product/apex for embedded keys
10-04 11:06:57.120  1636  1636 I apexd   : ... does not exist. Skipping
10-04 11:06:57.120  1636  1636 I apexd   : Populating APEX database from mounts...
10-04 11:06:57.121  1636  1636 E apexd   : Failed to walk /product/apex : Can't open /product/apex for reading : No such file or directory
10-04 11:06:57.125  1636  1636 I apexd   : Found "/apex/com.android.tzdata@290000000"
10-04 11:06:57.126  1636  1636 I apexd   : Found "/apex/com.android.runtime@1"
10-04 11:06:57.126  1636  1636 I apexd   : 2 packages restored.
10-04 11:06:57.127  1636  1636 I apexd   : Scanning /data/apex/sessions looking for sessions to be activated.
10-04 11:06:57.139  1636  1636 I apexd   : Scanning /data/apex/active looking for APEX packages.
10-04 11:06:57.142  1636  1636 I apexd   : Activated 0 packages. Skipped: 0
10-04 11:06:57.142  1636  1636 I apexd   : Scanning /system/apex looking for APEX packages.
10-04 11:06:57.144  1636  1636 I apexd   : Found /system/apex/com.android.media.swcodec
10-04 11:06:57.145  1636  1636 V apexd   : Creating mount point: /apex/com.android.media.swcodec@290000000
10-04 11:06:57.146  1636  1636 I apexd   : Successfully bind-mounted flattened package /system/apex/com.android.media.swcodec on /apex/com.android.media.swcodec@290000000
10-04 11:06:57.147  1636  1636 V apexd   : Creating bind-mount for /apex/com.android.media.swcodec for /apex/com.android.media.swcodec@290000000
10-04 11:06:57.147  1636  1636 V apexd   : Creating mountpoint /apex/com.android.media.swcodec
10-04 11:06:57.147  1636  1636 V apexd   : Bind-mounting /apex/com.android.media.swcodec@290000000 to /apex/com.android.media.swcodec
10-04 11:06:57.148  1636  1636 D apexd   : Successfully activated /system/apex/com.android.media.swcodec package_name: com.android.media.swcodec version: 290000000
10-04 11:06:57.148  1636  1636 I apexd   : Found /system/apex/com.android.tzdata
10-04 11:06:57.158  1636  1636 I apexd   : Skipping activation of /system/apex/com.android.tzdata same package with higher version 290000000 is already active
10-04 11:06:57.165  1636  1636 I apexd   : Found /system/apex/com.android.apex.cts.shim.apex
10-04 11:06:57.166  1636  1636 V apexd   : Found bundled key in package /system/apex/com.android.apex.cts.shim.apex
10-04 11:06:57.166  1636  1636 I apexd   : Skipping activation of non-flattened apex package /system/apex/com.android.apex.cts.shim.apex because device doesn't support it
10-04 11:06:57.167  1636  1636 I apexd   : Found /system/apex/com.android.runtime.debug
10-04 11:06:57.167  1636  1636 I apexd   : Skipping activation of /system/apex/com.android.runtime.debug same package with higher version 1 is already active
10-04 11:06:57.168  1636  1636 I apexd   : Found /system/apex/com.android.conscrypt
10-04 11:06:57.170  1636  1636 V apexd   : Creating mount point: /apex/com.android.conscrypt@290000000
10-04 11:06:57.170  1636  1636 I apexd   : Successfully bind-mounted flattened package /system/apex/com.android.conscrypt on /apex/com.android.conscrypt@290000000
10-04 11:06:57.171  1636  1636 V apexd   : Creating bind-mount for /apex/com.android.conscrypt for /apex/com.android.conscrypt@290000000
10-04 11:06:57.171  1636  1636 V apexd   : Creating mountpoint /apex/com.android.conscrypt
10-04 11:06:57.171  1636  1636 V apexd   : Bind-mounting /apex/com.android.conscrypt@290000000 to /apex/com.android.conscrypt
10-04 11:06:57.171  1636  1636 D apexd   : Successfully activated /system/apex/com.android.conscrypt package_name: com.android.conscrypt version: 290000000
10-04 11:06:57.171  1636  1636 I apexd   : Found /system/apex/com.android.resolv
10-04 11:06:57.172  1636  1636 V apexd   : Creating mount point: /apex/com.android.resolv@290000000
10-04 11:06:57.173  1636  1636 I apexd   : Successfully bind-mounted flattened package /system/apex/com.android.resolv on /apex/com.android.resolv@290000000
10-04 11:06:57.173  1636  1636 V apexd   : Creating bind-mount for /apex/com.android.resolv for /apex/com.android.resolv@290000000
10-04 11:06:57.173  1636  1636 V apexd   : Creating mountpoint /apex/com.android.resolv
10-04 11:06:57.174  1636  1636 V apexd   : Bind-mounting /apex/com.android.resolv@290000000 to /apex/com.android.resolv
10-04 11:06:57.174  1636  1636 D apexd   : Successfully activated /system/apex/com.android.resolv package_name: com.android.resolv version: 290000000
10-04 11:06:57.174  1636  1636 I apexd   : Found /system/apex/com.android.media
10-04 11:06:57.175  1636  1636 V apexd   : Creating mount point: /apex/com.android.media@290000000
10-04 11:06:57.175  1636  1636 I apexd   : Successfully bind-mounted flattened package /system/apex/com.android.media on /apex/com.android.media@290000000
10-04 11:06:57.175  1636  1636 V apexd   : Creating bind-mount for /apex/com.android.media for /apex/com.android.media@290000000
10-04 11:06:57.175  1636  1636 V apexd   : Creating mountpoint /apex/com.android.media
10-04 11:06:57.175  1636  1636 V apexd   : Bind-mounting /apex/com.android.media@290000000 to /apex/com.android.media
10-04 11:06:57.176  1636  1636 D apexd   : Successfully activated /system/apex/com.android.media package_name: com.android.media version: 290000000
10-04 11:06:57.176  1636  1636 I apexd   : Activated 4 packages. Skipped: 3
10-04 11:06:57.176  1636  1636 I apexd   : Scanning /product/apex looking for APEX packages.
10-04 11:06:57.176  1636  1636 E apexd   : Failed to activate packages from /product/apex : Failed to scan /product/apex : Can't open /product/apex for reading : No such file or directory
10-04 11:06:57.191  1636  1636 I apexd   : Marking APEXd as ready
10-04 11:06:57.499  1572  1572 D vold    : fscrypt_init_user0
10-04 11:06:57.499  1572  1572 D vold    : Preparing: /data/misc/vold/user_keys
10-04 11:06:57.501  1572  1572 D vold    : Preparing: /data/misc/vold/user_keys/ce
10-04 11:06:57.502  1572  1572 D vold    : Preparing: /data/misc/vold/user_keys/de
10-04 11:06:57.504  1572  1572 D vold    : Skipping non-de-key .
10-04 11:06:57.504  1572  1572 D vold    : Skipping non-de-key ..
10-04 11:06:57.517  1569  1569 I hwservicemanager: getTransport: Cannot find entry android.hardware.keymaster@4.0::IKeymasterDevice/default in either framework or device manifest.
10-04 11:06:57.523  1572  1572 I vold    : List of Keymaster HALs found:
10-04 11:06:57.524  1572  1572 I vold    : Keymaster HAL #1: SoftwareKeymasterDevice from Google SecurityLevel: SOFTWARE HAL: android.hardware.keymaster@3.0::IKeymasterDevice/default
10-04 11:06:57.525  1572  1572 I vold    : Using SoftwareKeymasterDevice from Google for encryption.  Security level: SOFTWARE, HAL: android.hardware.keymaster@3.0::IKeymasterDevice/default
10-04 11:06:57.529  1572  1572 D RefBase : RefBase: Explicit destruction, weak count = 0 (in 0x71950d01e170)
10-04 11:06:57.529  1572  1572 W RefBase : CallStack::getCurrentInternal not linked, returning null
10-04 11:06:57.529  1572  1572 W RefBase : CallStack::logStackInternal not linked
10-04 11:06:57.529  1572  1572 D vold    : Added key 776444832 (ext4:f45199519cefa444) to keyring 573748494 in process 1572
10-04 11:06:57.530  1572  1572 D vold    : Added key 40679436 (f2fs:f45199519cefa444) to keyring 573748494 in process 1572
10-04 11:06:57.530  1572  1572 D vold    : Added key 64677731 (fscrypt:f45199519cefa444) to keyring 573748494 in process 1572
10-04 11:06:57.530  1572  1572 D vold    : Installed de key for user 0
10-04 11:06:57.531  1572  1572 D vold    : fscrypt_prepare_user_storage for volume null, user 0, serial 0, flags 1
10-04 11:06:57.531  1572  1572 D vold    : Preparing: /data/system/users/0
10-04 11:06:57.532  1572  1572 D vold    : Preparing: /data/misc/profiles/cur/0
10-04 11:06:57.533  1572  1572 D vold    : Preparing: /data/system_de/0
10-04 11:06:57.534  1572  1572 D vold    : Preparing: /data/misc_de/0
10-04 11:06:57.535  1572  1572 D vold    : Preparing: /data/vendor_de/0
10-04 11:06:57.536  1572  1572 D vold    : Preparing: /data/user_de/0
10-04 11:06:57.540  1572  1572 I vold    : Found policy f45199519cefa444 at /data/system_de/0 which matches expected value
10-04 11:06:57.542  1572  1572 I vold    : Found policy f45199519cefa444 at /data/misc_de/0 which matches expected value
10-04 11:06:57.544  1572  1572 I vold    : Found policy f45199519cefa444 at /data/vendor_de/0 which matches expected value
10-04 11:06:57.546  1572  1572 I vold    : Found policy f45199519cefa444 at /data/user_de/0 which matches expected value
10-04 11:06:57.547  1572  1572 D vold    : /system/bin/vold_prepare_subdirs
10-04 11:06:57.547  1572  1572 D vold    :     prepare
10-04 11:06:57.547  1572  1572 D vold    :     
10-04 11:06:57.547  1572  1572 D vold    :     0
10-04 11:06:57.547  1572  1572 D vold    :     1
10-04 11:06:57.696  1642  1642 D vold_prepare_subdirs: Setting up mode 700 uid 0 gid 0 context u:object_r:vold_data_file:s0 on path: /data/misc_de/0/vold
10-04 11:06:57.700  1642  1642 D vold_prepare_subdirs: Setting up mode 700 uid 0 gid 0 context u:object_r:storaged_data_file:s0 on path: /data/misc_de/0/storaged
10-04 11:06:57.702  1642  1642 D vold_prepare_subdirs: Setting up mode 700 uid 0 gid 0 context u:object_r:rollback_data_file:s0 on path: /data/misc_de/0/rollback
10-04 11:06:57.704  1642  1642 D vold_prepare_subdirs: Setting up mode 700 uid 1000 gid 1000 context u:object_r:fingerprint_vendor_data_file:s0 on path: /data/vendor_de/0/fpdata
10-04 11:06:57.706  1642  1642 D vold_prepare_subdirs: Setting up mode 700 uid 1000 gid 1000 context u:object_r:face_vendor_data_file:s0 on path: /data/vendor_de/0/facedata
10-04 11:06:57.819  1644  1644 I /system/bin/tzdatacheck: timezone distro dir /data/misc/zoneinfo/current does not exist. No action required.
10-04 11:06:58.397  1648  1648 I art_apex: === ART pre-boot integrity checks ===
10-04 11:06:58.764  1652  1652 F art_apex: Device is not fsverity-enabled.
10-04 11:06:59.543  1671  1671 W otapreopt_slot: Slot property empty.
10-04 11:07:00.056  1683  1683 I /system/bin/flags_health_check: ServerConfigurableFlagsReset reset_mode value: 0
10-04 11:07:00.058  1683  1683 I /system/bin/flags_health_check: ServerConfigurableFlagsReset attempted boot count is under threshold, skipping reset.
10-04 11:07:01.900  1686  1686 I netdClient: Skipping libnetd_client init since *we* are netd
10-04 11:07:02.208  1693  1693 I ServiceManagement: Registered android.hidl.allocator@1.0::IAllocator/ashmem (start delay of 1245ms)
10-04 11:07:02.267  1693  1693 I ServiceManagement: Removing namespace from process name android.hidl.allocator@1.0-service to allocator@1.0-service.
10-04 11:07:02.302  1686  1686 I netd    : netd 1.0 starting
10-04 11:07:02.517  1695  1695 I health@2.0/: health@2.0/backup: Hal starting main loop...
10-04 11:07:02.569  1695  1695 I health@2.0/: health@2.0/backup Hal is starting up...
10-04 11:07:02.581  1569  1569 I hwservicemanager: getTransport: Cannot find entry android.hardware.health@1.0::IHealth/default in either framework or device manifest.
10-04 11:07:02.745  1695  1695 I ServiceManagement: Registered android.hardware.health@2.0::IHealth/backup (start delay of 1436ms)
10-04 11:07:02.747  1695  1695 I health@2.0/: health@2.0/backup: Hal init done
10-04 11:07:02.815  1694  1694 I ServiceManagement: Registered android.system.suspend@1.0::ISystemSuspend/default (start delay of 1752ms)
10-04 11:07:02.817  1694  1694 I ServiceManagement: Removing namespace from process name android.system.suspend@1.0-service to suspend@1.0-service.
10-04 11:07:02.967  1689  1689 I bootstat: Service started: /system/bin/bootstat --set_system_boot_reason 
10-04 11:07:03.038  1689  1689 I bootstat: Canonical boot reason: reboot
10-04 11:07:03.087  1689  1689 I bootstat: Canonical boot reason: reboot
10-04 11:07:03.294  1697  1697 I ServiceManagement: Registered android.hardware.broadcastradio@1.1::IBroadcastRadioFactory/default (start delay of 1722ms)
10-04 11:07:03.297  1697  1697 I ServiceManagement: Removing namespace from process name android.hardware.broadcastradio@1.1-service to broadcastradio@1.1-service.
10-04 11:07:03.823  1686  1686 I Netd    : Loaded resolver library from /apex/com.android.resolv/lib64/libnetd_resolv.so
10-04 11:07:04.117  1701  1701 W /vendor/bin/hw/android.hardware.configstore@1.1-service: Could not find seccomp policy file at: /vendor/etc/seccomp_policy/configstore@1.1.policy
10-04 11:07:04.291  1701  1701 I ServiceManagement: Registered android.hardware.configstore@1.1::ISurfaceFlingerConfigs/default (start delay of 2192ms)
10-04 11:07:04.293  1701  1701 I ServiceManagement: Removing namespace from process name android.hardware.configstore@1.1-service to configstore@1.1-service.
10-04 11:07:04.987  1707  1707 E GoldfishGatekeeper: called goldfish_gatekeeper_open with gate keeper 0x71285b409050 device 0x71285b12a000
10-04 11:07:05.056  1707  1707 I ServiceManagement: Registered android.hardware.gatekeeper@1.0::IGatekeeper/default (start delay of 2266ms)
10-04 11:07:05.253  1707  1707 I ServiceManagement: Removing namespace from process name android.hardware.gatekeeper@1.0-service to gatekeeper@1.0-service.
10-04 11:07:05.384  1707  1707 I android.hardware.gatekeeper@1.0-service: Registration complete for android.hardware.gatekeeper@1.0::IGatekeeper/default.
10-04 11:07:05.653  1714  1714 I health@2.0/: health@2.0/default: Hal starting main loop...
10-04 11:07:05.655  1714  1714 I health@2.0/: health@2.0/default Hal is starting up...
10-04 11:07:05.683  1715  1715 I android.hardware.power@1.1-service.ranchu: Power HAL Service 1.1 for Ranchu is starting.
10-04 11:07:05.805  1723  1723 I qemu-props: connected to 'boot-properties' qemud service.
10-04 11:07:05.807  1723  1723 I qemu-props: receiving..
10-04 11:07:05.808  1723  1723 I qemu-props: received: qemu.cmdline=androidboot.logcat=*:V androidboot.consolepipe=qemu_pipe,pipe:logcat
10-04 11:07:05.928  1715  1715 I ServiceManagement: Registered android.hardware.power@1.1::IPower/default (start delay of 2388ms)
10-04 11:07:05.937  1714  1714 I ServiceManagement: Registered android.hardware.health@2.0::IHealth/default (start delay of 2528ms)
10-04 11:07:06.000  1715  1715 I ServiceManagement: Removing namespace from process name android.hardware.power@1.1-service.ranchu to power@1.1-service.ranchu.
10-04 11:07:06.002  1715  1715 I android.hardware.power@1.1-service.ranchu: Power Service is ready
10-04 11:07:06.003  1714  1714 I ServiceManagement: Removing namespace from process name android.hardware.health@2.0-service.goldfish to health@2.0-service.goldfish.
10-04 11:07:06.005  1714  1714 I health@2.0/: health@2.0/default: Hal init done
10-04 11:07:06.063  1716  1716 I ServiceManagement: Registered android.hardware.sensors@1.0::ISensors/default (start delay of 2372ms)
10-04 11:07:06.066  1716  1716 I ServiceManagement: Removing namespace from process name android.hardware.sensors@1.0-service to sensors@1.0-service.
10-04 11:07:06.067  1716  1716 I android.hardware.sensors@1.0-service: Registration complete for android.hardware.sensors@1.0::ISensors/default.
10-04 11:07:06.373  1717  1717 I android.hardware.thermal@2.0-service-mock: Thermal HAL Service Mock 2.0 starting...
10-04 11:07:06.526  1717  1717 I ServiceManagement: Registered android.hardware.thermal@2.0::IThermal/default (start delay of 2696ms)
10-04 11:07:06.603  1717  1717 I ServiceManagement: Removing namespace from process name android.hardware.thermal@2.0-service.mock to thermal@2.0-service.mock.
10-04 11:07:06.605  1717  1717 I android.hardware.thermal@2.0-service-mock: Thermal Service started successfully.
10-04 11:07:06.669  1723  1723 I qemu-props: successfully set property 'qemu.cmdline' to 'androidboot.logcat=*:V androidboot.consolepipe=qemu_pipe,pipe:logcat'
10-04 11:07:06.669  1723  1723 I qemu-props: receiving..
10-04 11:07:06.669  1723  1723 I qemu-props: received: qemu.logcat=start
10-04 11:07:06.721  1723  1723 I qemu-props: successfully set property 'vendor.qemu.logcat' to 'start'
10-04 11:07:06.721  1723  1723 I qemu-props: receiving..
10-04 11:07:06.721  1723  1723 I qemu-props: received: ro.opengles.version=196608
10-04 11:07:06.721  1723  1723 I qemu-props: receiving..
10-04 11:07:06.721  1723  1723 I qemu-props: received: qemu.sf.fake_camera=none
10-04 11:07:06.869  1723  1723 I qemu-props: successfully set property 'vendor.qemu.sf.fake_camera' to 'none'
10-04 11:07:06.869  1723  1723 I qemu-props: receiving..
10-04 11:07:06.869  1723  1723 I qemu-props: received: dalvik.vm.heapsize=512m
10-04 11:07:06.869  1723  1723 I qemu-props: receiving..
10-04 11:07:06.869  1723  1723 I qemu-props: received: qemu.hw.mainkeys=0
10-04 11:07:06.908  1723  1723 I qemu-props: successfully set property 'qemu.hw.mainkeys' to '0'
10-04 11:07:06.909  1723  1723 I qemu-props: receiving..
10-04 11:07:06.909  1723  1723 I qemu-props: received: qemu.sf.lcd_density=160
10-04 11:07:06.924  1723  1723 I qemu-props: successfully set property 'vendor.qemu.sf.lcd_density' to '160'
10-04 11:07:06.924  1723  1723 I qemu-props: receiving..
10-04 11:07:06.924  1723  1723 I qemu-props: received: qemu.timezone=Etc/UTC
10-04 11:07:06.930  1723  1723 I qemu-props: successfully set property 'vendor.qemu.timezone' to 'Etc/UTC'
10-04 11:07:06.930  1723  1723 I qemu-props: receiving..
10-04 11:07:07.293  1731  1731 I lowmemorykiller: Using psi monitors for memory pressure detection
10-04 11:07:07.707  1703  1703 I ServiceManagement: Registered android.hardware.drm@1.2::IDrmFactory/clearkey (start delay of 5255ms)
10-04 11:07:07.736  1709  1709 I ServiceManagement: Registered android.hardware.gnss@1.0::IGnss/default (start delay of 4754ms)
10-04 11:07:07.810  1703  1703 I ServiceManagement: Removing namespace from process name android.hardware.drm@1.2-service.clearkey to drm@1.2-service.clearkey.
10-04 11:07:07.819  1709  1709 I ServiceManagement: Removing namespace from process name android.hardware.gnss@1.0-service to gnss@1.0-service.
10-04 11:07:07.820  1709  1709 I android.hardware.gnss@1.0-service: Registration complete for android.hardware.gnss@1.0::IGnss/default.
10-04 11:07:07.860  1703  1703 I ServiceManagement: Registered android.hardware.drm@1.2::ICryptoFactory/clearkey (start delay of 5411ms)
10-04 11:07:07.861  1703  1703 I ServiceManagement: Removing namespace from process name android.hardware.drm@1.2-service.clearkey to drm@1.2-service.clearkey.
10-04 11:07:08.825  1686  1686 D Netd    : netd waited 5s for bpf.progs_loaded, still waiting...
10-04 11:07:09.076  1712  1712 D HostConnection: createUnique: call
10-04 11:07:09.081  1712  1712 D HostConnection: HostConnection::get() New Host Connection established 0x75d0bac21140, tid 1712
10-04 11:07:09.095  1712  1712 D HostConnection: HostComposition ext ANDROID_EMU_CHECKSUM_HELPER_v1 ANDROID_EMU_native_sync_v2 ANDROID_EMU_dma_v1 ANDROID_EMU_direct_mem ANDROID_EMU_host_composition_v1 ANDROID_EMU_host_composition_v2 ANDROID_EMU_sync_buffer_data ANDROID_EMU_hwc_color_transform GL_OES_EGL_image_external_essl3 GL_OES_vertex_array_object GL_KHR_texture_compression_astc_ldr ANDROID_EMU_host_side_tracing ANDROID_EMU_gles_max_version_3_0 
10-04 11:07:09.102  1569  1569 I hwservicemanager: getTransport: Cannot find entry android.hardware.graphics.mapper@3.0::IMapper/default in either framework or device manifest.
10-04 11:07:09.104  1712  1712 W Gralloc3: mapper 3.x is not supported
10-04 11:07:09.167  1569  1569 I hwservicemanager: getTransport: Cannot find entry android.hardware.graphics.allocator@3.0::IAllocator/default in either framework or device manifest.
10-04 11:07:09.168  1712  1712 W Gralloc3: allocator 3.x is not supported
10-04 11:07:09.301  1712  1712 I ServiceManagement: getService: Trying again for android.hardware.graphics.allocator@2.0::IAllocator/default...
10-04 11:07:09.379  1710  1710 D HostConnection: createUnique: call
10-04 11:07:09.383  1710  1710 D HostConnection: HostConnection::get() New Host Connection established 0x7c88e141c0a0, tid 1710
10-04 11:07:09.492  1710  1710 I ServiceManagement: Registered android.hardware.graphics.allocator@2.0::IAllocator/default (start delay of 6372ms)
10-04 11:07:09.494  1710  1710 I ServiceManagement: Removing namespace from process name android.hardware.graphics.allocator@2.0-service to allocator@2.0-service.
10-04 11:07:09.495  1710  1710 I android.hardware.graphics.allocator@2.0-service: Registration complete for android.hardware.graphics.allocator@2.0::IAllocator/default.
10-04 11:07:09.608  1710  1710 D HostConnection: HostComposition ext ANDROID_EMU_CHECKSUM_HELPER_v1 ANDROID_EMU_native_sync_v2 ANDROID_EMU_dma_v1 ANDROID_EMU_direct_mem ANDROID_EMU_host_composition_v1 ANDROID_EMU_host_composition_v2 ANDROID_EMU_sync_buffer_data ANDROID_EMU_hwc_color_transform GL_OES_EGL_image_external_essl3 GL_OES_vertex_array_object GL_KHR_texture_compression_astc_ldr ANDROID_EMU_host_side_tracing ANDROID_EMU_gles_max_version_3_0 
10-04 11:07:09.681  1710  1710 D gralloc_ranchu: gralloc_alloc: Creating ashmem region of size 1155072
10-04 11:07:09.685  1710  1710 D eglCodecCommon: allocate: Ask for block of size 0x1000
10-04 11:07:09.686  1710  1710 D eglCodecCommon: allocate: ioctl allocate returned offset 0x3ffffe000 size 0x2000
10-04 11:07:09.690  1712  1712 D HostConnection: createUnique: call
10-04 11:07:09.691  1712  1712 D HostConnection: HostConnection::get() New Host Connection established 0x75d0bac21780, tid 1712
10-04 11:07:09.693  1712  1712 D HostConnection: HostComposition ext ANDROID_EMU_CHECKSUM_HELPER_v1 ANDROID_EMU_native_sync_v2 ANDROID_EMU_dma_v1 ANDROID_EMU_direct_mem ANDROID_EMU_host_composition_v1 ANDROID_EMU_host_composition_v2 ANDROID_EMU_sync_buffer_data ANDROID_EMU_hwc_color_transform GL_OES_EGL_image_external_essl3 GL_OES_vertex_array_object GL_KHR_texture_compression_astc_ldr ANDROID_EMU_host_side_tracing ANDROID_EMU_gles_max_version_3_0 
10-04 11:07:09.694  1712  1712 D eglCodecCommon: allocate: Ask for block of size 0x1000
10-04 11:07:09.694  1712  1712 D eglCodecCommon: allocate: ioctl allocate returned offset 0x3ffffc000 size 0x2000
10-04 11:07:09.707  1712  1712 I ServiceManagement: Registered android.hardware.graphics.composer@2.1::IComposer/default (start delay of 6446ms)
10-04 11:07:09.708  1712  1712 I ServiceManagement: Removing namespace from process name android.hardware.graphics.composer@2.1-service to composer@2.1-service.
10-04 11:07:09.711  1712  1712 I android.hardware.graphics.composer@2.1-service: Registration complete for android.hardware.graphics.composer@2.1::IComposer/default.
10-04 11:07:10.256  1754  1754 D LibBpfLoader: Loading ELF object /system/etc/bpf/netd.o with license Apache 2.0
10-04 11:07:10.258  1754  1754 D LibBpfLoader: Loaded code section 3 (cgroupskb_ingress_stats)
10-04 11:07:10.262  1754  1754 D LibBpfLoader: Loaded relo section 3 (.relcgroupskb/ingress/stats)
10-04 11:07:10.262  1754  1754 D LibBpfLoader: Adding section 3 to cs list
10-04 11:07:10.263  1754  1754 D LibBpfLoader: Loaded code section 5 (cgroupskb_egress_stats)
10-04 11:07:10.263  1754  1754 D LibBpfLoader: Loaded relo section 5 (.relcgroupskb/egress/stats)
10-04 11:07:10.263  1754  1754 D LibBpfLoader: Adding section 5 to cs list
10-04 11:07:10.263  1754  1754 D LibBpfLoader: Loaded code section 7 (skfilter_egress_xtbpf)
10-04 11:07:10.263  1754  1754 D LibBpfLoader: Loaded relo section 7 (.relskfilter/egress/xtbpf)
10-04 11:07:10.263  1754  1754 D LibBpfLoader: Adding section 7 to cs list
10-04 11:07:10.263  1754  1754 D LibBpfLoader: Loaded code section 9 (skfilter_ingress_xtbpf)
10-04 11:07:10.263  1754  1754 D LibBpfLoader: Loaded relo section 9 (.relskfilter/ingress/xtbpf)
10-04 11:07:10.263  1754  1754 D LibBpfLoader: Adding section 9 to cs list
10-04 11:07:10.264  1754  1754 D LibBpfLoader: Loaded code section 11 (skfilter_whitelist_xtbpf)
10-04 11:07:10.264  1754  1754 D LibBpfLoader: Loaded relo section 11 (.relskfilter/whitelist/xtbpf)
10-04 11:07:10.264  1754  1754 D LibBpfLoader: Adding section 11 to cs list
10-04 11:07:10.264  1754  1754 D LibBpfLoader: Loaded code section 13 (skfilter_blacklist_xtbpf)
10-04 11:07:10.264  1754  1754 D LibBpfLoader: Loaded relo section 13 (.relskfilter/blacklist/xtbpf)
10-04 11:07:10.264  1754  1754 D LibBpfLoader: Adding section 13 to cs list
10-04 11:07:10.264  1754  1754 D LibBpfLoader: Loaded code section 15 (cgroupsock_inet_create)
10-04 11:07:10.264  1754  1754 D LibBpfLoader: Loaded relo section 15 (.relcgroupsock/inet/create)
10-04 11:07:10.264  1754  1754 D LibBpfLoader: Adding section 15 to cs list
10-04 11:07:10.344  1752  1752 I perfetto: probes.cc:56 Starting /system/bin/traced_probes service
10-04 11:07:10.353  1754  1754 D LibBpfLoader: bpf_create_map name cookie_tag_map, ret: 6
10-04 11:07:10.354  1754  1754 D LibBpfLoader: bpf_create_map name uid_counterset_map, ret: 7
10-04 11:07:10.371  1754  1754 D LibBpfLoader: bpf_create_map name app_uid_stats_map, ret: 8
10-04 11:07:10.389  1754  1754 D LibBpfLoader: bpf_create_map name stats_map_A, ret: 9
10-04 11:07:10.391  1754  1754 D LibBpfLoader: bpf_create_map name stats_map_B, ret: 10
10-04 11:07:10.392  1754  1754 D LibBpfLoader: bpf_create_map name iface_stats_map, ret: 11
10-04 11:07:10.392  1754  1754 D LibBpfLoader: bpf_create_map name configuration_map, ret: 12
10-04 11:07:10.393  1754  1754 D LibBpfLoader: bpf_create_map name uid_owner_map, ret: 13
10-04 11:07:10.393  1754  1754 D LibBpfLoader: bpf_create_map name iface_index_name_map, ret: 14
10-04 11:07:10.393  1754  1754 D LibBpfLoader: bpf_create_map name uid_permission_map, ret: 15
10-04 11:07:10.394  1754  1754 D LibBpfLoader: map_fd found at 0 is 6 in /system/etc/bpf/netd.o
10-04 11:07:10.394  1754  1754 D LibBpfLoader: map_fd found at 1 is 7 in /system/etc/bpf/netd.o
10-04 11:07:10.394  1754  1754 D LibBpfLoader: map_fd found at 2 is 8 in /system/etc/bpf/netd.o
10-04 11:07:10.394  1754  1754 D LibBpfLoader: map_fd found at 3 is 9 in /system/etc/bpf/netd.o
10-04 11:07:10.394  1754  1754 D LibBpfLoader: map_fd found at 4 is 10 in /system/etc/bpf/netd.o
10-04 11:07:10.394  1754  1754 D LibBpfLoader: map_fd found at 5 is 11 in /system/etc/bpf/netd.o
10-04 11:07:10.394  1754  1754 D LibBpfLoader: map_fd found at 6 is 12 in /system/etc/bpf/netd.o
10-04 11:07:10.394  1754  1754 D LibBpfLoader: map_fd found at 7 is 13 in /system/etc/bpf/netd.o
10-04 11:07:10.394  1754  1754 D LibBpfLoader: map_fd found at 8 is 14 in /system/etc/bpf/netd.o
10-04 11:07:10.394  1754  1754 D LibBpfLoader: map_fd found at 9 is 15 in /system/etc/bpf/netd.o
10-04 11:07:10.395  1754  1754 D LibBpfLoader: applying relo to instruction at byte offset: 616, 	       insn offset 77 , insn 118
10-04 11:07:10.396  1754  1754 D LibBpfLoader: applying relo to instruction at byte offset: 688, 	       insn offset 86 , insn 118
10-04 11:07:10.396  1754  1754 D LibBpfLoader: applying relo to instruction at byte offset: 1040, 	       insn offset 130 , insn 118
10-04 11:07:10.396  1754  1754 D LibBpfLoader: applying relo to instruction at byte offset: 1184, 	       insn offset 148 , insn 118
10-04 11:07:10.396  1754  1754 D LibBpfLoader: applying relo to instruction at byte offset: 1264, 	       insn offset 158 , insn 118
10-04 11:07:10.396  1754  1754 D LibBpfLoader: applying relo to instruction at byte offset: 1368, 	       insn offset 171 , insn 118
10-04 11:07:10.396  1754  1754 D LibBpfLoader: applying relo to instruction at byte offset: 1472, 	       insn offset 184 , insn 118
10-04 11:07:10.396  1754  1754 D LibBpfLoader: applying relo to instruction at byte offset: 1512, 	       insn offset 189 , insn 118
10-04 11:07:10.396  1754  1754 D LibBpfLoader: applying relo to instruction at byte offset: 1576, 	       insn offset 197 , insn 118
10-04 11:07:10.396  1754  1754 D LibBpfLoader: applying relo to instruction at byte offset: 1680, 	       insn offset 210 , insn 118
10-04 11:07:10.397  1754  1754 D LibBpfLoader: applying relo to instruction at byte offset: 1720, 	       insn offset 215 , insn 118
10-04 11:07:10.397  1754  1754 D LibBpfLoader: applying relo to instruction at byte offset: 1848, 	       insn offset 231 , insn 118
10-04 11:07:10.397  1754  1754 D LibBpfLoader: applying relo to instruction at byte offset: 1952, 	       insn offset 244 , insn 118
10-04 11:07:10.397  1754  1754 D LibBpfLoader: applying relo to instruction at byte offset: 1992, 	       insn offset 249 , insn 118
10-04 11:07:10.397  1754  1754 D LibBpfLoader: applying relo to instruction at byte offset: 2056, 	       insn offset 257 , insn 118
10-04 11:07:10.397  1754  1754 D LibBpfLoader: applying relo to instruction at byte offset: 2160, 	       insn offset 270 , insn 118
10-04 11:07:10.397  1754  1754 D LibBpfLoader: applying relo to instruction at byte offset: 2200, 	       insn offset 275 , insn 118
10-04 11:07:10.397  1754  1754 D LibBpfLoader: applying relo to instruction at byte offset: 2288, 	       insn offset 286 , insn 118
10-04 11:07:10.397  1754  1754 D LibBpfLoader: applying relo to instruction at byte offset: 2392, 	       insn offset 299 , insn 118
10-04 11:07:10.398  1754  1754 D LibBpfLoader: applying relo to instruction at byte offset: 2432, 	       insn offset 304 , insn 118
10-04 11:07:10.398  1754  1754 D LibBpfLoader: applying relo to instruction at byte offset: 608, 	       insn offset 76 , insn 118
10-04 11:07:10.398  1754  1754 D LibBpfLoader: applying relo to instruction at byte offset: 680, 	       insn offset 85 , insn 118
10-04 11:07:10.398  1754  1754 D LibBpfLoader: applying relo to instruction at byte offset: 904, 	       insn offset 113 , insn 118
10-04 11:07:10.398  1754  1754 D LibBpfLoader: applying relo to instruction at byte offset: 1048, 	       insn offset 131 , insn 118
10-04 11:07:10.398  1754  1754 D LibBpfLoader: applying relo to instruction at byte offset: 1128, 	       insn offset 141 , insn 118
10-04 11:07:10.398  1754  1754 D LibBpfLoader: applying relo to instruction at byte offset: 1232, 	       insn offset 154 , insn 118
10-04 11:07:10.474  1754  1754 D LibBpfLoader: applying relo to instruction at byte offset: 1336, 	       insn offset 167 , insn 118
10-04 11:07:10.474  1754  1754 D LibBpfLoader: applying relo to instruction at byte offset: 1376, 	       insn offset 172 , insn 118
10-04 11:07:10.474  1754  1754 D LibBpfLoader: applying relo to instruction at byte offset: 1440, 	       insn offset 180 , insn 118
10-04 11:07:10.474  1754  1754 D LibBpfLoader: applying relo to instruction at byte offset: 1544, 	       insn offset 193 , insn 118
10-04 11:07:10.474  1754  1754 D LibBpfLoader: applying relo to instruction at byte offset: 1584, 	       insn offset 198 , insn 118
10-04 11:07:10.474  1754  1754 D LibBpfLoader: applying relo to instruction at byte offset: 1712, 	       insn offset 214 , insn 118
10-04 11:07:10.475  1754  1754 D LibBpfLoader: applying relo to instruction at byte offset: 1816, 	       insn offset 227 , insn 118
10-04 11:07:10.475  1754  1754 D LibBpfLoader: applying relo to instruction at byte offset: 1856, 	       insn offset 232 , insn 118
10-04 11:07:10.475  1754  1754 D LibBpfLoader: applying relo to instruction at byte offset: 1920, 	       insn offset 240 , insn 118
10-04 11:07:10.475  1754  1754 D LibBpfLoader: applying relo to instruction at byte offset: 2024, 	       insn offset 253 , insn 118
10-04 11:07:10.475  1754  1754 D LibBpfLoader: applying relo to instruction at byte offset: 2064, 	       insn offset 258 , insn 118
10-04 11:07:10.475  1754  1754 D LibBpfLoader: applying relo to instruction at byte offset: 2152, 	       insn offset 269 , insn 118
10-04 11:07:10.475  1754  1754 D LibBpfLoader: applying relo to instruction at byte offset: 2256, 	       insn offset 282 , insn 118
10-04 11:07:10.475  1754  1754 D LibBpfLoader: applying relo to instruction at byte offset: 2296, 	       insn offset 287 , insn 118
10-04 11:07:10.475  1754  1754 D LibBpfLoader: applying relo to instruction at byte offset: 40, 	       insn offset 5 , insn 118
10-04 11:07:10.475  1754  1754 D LibBpfLoader: applying relo to instruction at byte offset: 144, 	       insn offset 18 , insn 118
10-04 11:07:10.476  1754  1754 D LibBpfLoader: applying relo to instruction at byte offset: 184, 	       insn offset 23 , insn 118
10-04 11:07:10.476  1754  1754 D LibBpfLoader: applying relo to instruction at byte offset: 40, 	       insn offset 5 , insn 118
10-04 11:07:10.476  1754  1754 D LibBpfLoader: applying relo to instruction at byte offset: 144, 	       insn offset 18 , insn 118
10-04 11:07:10.476  1754  1754 D LibBpfLoader: applying relo to instruction at byte offset: 184, 	       insn offset 23 , insn 118
10-04 11:07:10.476  1754  1754 D LibBpfLoader: applying relo to instruction at byte offset: 80, 	       insn offset 10 , insn 118
10-04 11:07:10.476  1754  1754 D LibBpfLoader: applying relo to instruction at byte offset: 32, 	       insn offset 4 , insn 118
10-04 11:07:10.476  1754  1754 D LibBpfLoader: applying relo to instruction at byte offset: 80, 	       insn offset 10 , insn 118
10-04 11:07:10.565  1754  1754 D LibBpfLoader: New bpf core prog_load for /system/etc/bpf/netd.o (cgroupskb_ingress_stats) returned: 16
10-04 11:07:10.634  1754  1754 D LibBpfLoader: New bpf core prog_load for /system/etc/bpf/netd.o (cgroupskb_egress_stats) returned: 17
10-04 11:07:10.636  1754  1754 D LibBpfLoader: New bpf core prog_load for /system/etc/bpf/netd.o (skfilter_egress_xtbpf) returned: 18
10-04 11:07:10.637  1754  1754 D LibBpfLoader: New bpf core prog_load for /system/etc/bpf/netd.o (skfilter_ingress_xtbpf) returned: 19
10-04 11:07:10.687  1751  1751 W perfetto: service.cc:65 Started traced, listening on /dev/socket/traced_producer /dev/socket/traced_consumer
10-04 11:07:10.638  1754  1754 D LibBpfLoader: New bpf core prog_load for /system/etc/bpf/netd.o (skfilter_whitelist_xtbpf) returned: 20
10-04 11:07:10.734  1754  1754 D LibBpfLoader: New bpf core prog_load for /system/etc/bpf/netd.o (skfilter_blacklist_xtbpf) returned: 21
10-04 11:07:10.735  1754  1754 D LibBpfLoader: New bpf core prog_load for /system/etc/bpf/netd.o (cgroupsock_inet_create) returned: 22
10-04 11:07:10.736  1754  1754 I bpfloader: Attempted load object: /system/etc/bpf/netd.o, ret: Success
10-04 11:07:10.838  1752  1752 I perfetto: probes_producer.cc:88 Connected to the service
10-04 11:07:10.969  1754  1754 D LibBpfLoader: Loading ELF object /system/etc/bpf/clatd.o with license Apache 2.0
10-04 11:07:10.970  1754  1754 D LibBpfLoader: Loaded code section 3 (schedcls_ingress_clat_ether)
10-04 11:07:10.970  1754  1754 D LibBpfLoader: Loaded relo section 3 (.relschedcls/ingress/clat_ether)
10-04 11:07:10.970  1754  1754 D LibBpfLoader: Adding section 3 to cs list
10-04 11:07:10.970  1754  1754 D LibBpfLoader: Loaded code section 5 (schedcls_ingress_clat_rawip)
10-04 11:07:10.970  1754  1754 D LibBpfLoader: Loaded relo section 5 (.relschedcls/ingress/clat_rawip)
10-04 11:07:10.970  1754  1754 D LibBpfLoader: Adding section 5 to cs list
10-04 11:07:10.971  1754  1754 D LibBpfLoader: bpf_create_map name clat_ingress_map, ret: 23
10-04 11:07:10.972  1754  1754 D LibBpfLoader: map_fd found at 0 is 23 in /system/etc/bpf/clatd.o
10-04 11:07:10.972  1754  1754 D LibBpfLoader: applying relo to instruction at byte offset: 400, 	       insn offset 50 , insn 118
10-04 11:07:10.972  1754  1754 D LibBpfLoader: applying relo to instruction at byte offset: 360, 	       insn offset 45 , insn 118
10-04 11:07:10.975  1754  1754 D LibBpfLoader: New bpf core prog_load for /system/etc/bpf/clatd.o (schedcls_ingress_clat_ether) returned: 24
10-04 11:07:10.976  1754  1754 D LibBpfLoader: New bpf core prog_load for /system/etc/bpf/clatd.o (schedcls_ingress_clat_rawip) returned: 25
10-04 11:07:10.977  1754  1754 I bpfloader: Attempted load object: /system/etc/bpf/clatd.o, ret: Success
10-04 11:07:11.082  1698  1698 I android.hardware.camera.provider@2.4-service: CameraProvider@2.4 legacy service is starting.
10-04 11:07:11.135  1700  1700 I ServiceManagement: Registered android.hardware.cas@1.1::IMediaCasService/default (start delay of 9202ms)
10-04 11:07:11.211  1700  1700 I ServiceManagement: Removing namespace from process name android.hardware.cas@1.1-service to cas@1.1-service.
10-04 11:07:11.236  1766  1766 I installd: installd firing up
10-04 11:07:11.768  1748  1787 I adbd    : opening control endpoint /dev/usb-ffs/adb/ep0
10-04 11:07:12.186  1704  1704 I ServiceManagement: Registered android.hardware.drm@1.2::IDrmFactory/widevine (start delay of 9573ms)
10-04 11:07:12.277  1704  1704 I ServiceManagement: Removing namespace from process name android.hardware.drm@1.2-service.widevine to drm@1.2-service.widevine.
10-04 11:07:12.340  1704  1704 I ServiceManagement: Registered android.hardware.drm@1.2::ICryptoFactory/widevine (start delay of 9731ms)
10-04 11:07:12.341  1704  1704 I ServiceManagement: Removing namespace from process name android.hardware.drm@1.2-service.widevine to drm@1.2-service.widevine.
10-04 11:07:12.743  1748  1748 I adbd    : adbd listening on port 5555
10-04 11:07:12.754  1745  1745 E netmgr  : Failed to open QEMU pipe 'qemud:network': Invalid argument
10-04 11:07:12.797  1686  1686 D TetherController: Setting IP forward enable = 0
10-04 11:07:12.804  1686  1686 D FirewallController: Could not read /proc/self/uid_map, max uid defaulting to 4294967294
10-04 11:07:12.809  1748  1801 I adbd    : host-12: write thread spawning
10-04 11:07:12.810  1748  1800 I adbd    : host-12: read thread spawning
10-04 11:07:12.811  1748  1748 I adbd    : host-12: already offline
10-04 11:07:12.840  1748  1787 I adbd    : UsbFfsConnection constructed
10-04 11:07:12.997  1718  1718 I android.hardware.wifi@1.0-service: Wifi Hal is booting up...
10-04 11:07:13.196  1702  1702 I ServiceManagement: Registered android.hardware.drm@1.0::IDrmFactory/default (start delay of 10913ms)
10-04 11:07:13.200  1718  1718 I ServiceManagement: Registered android.hardware.wifi@1.3::IWifi/default (start delay of 9220ms)
10-04 11:07:13.201  1718  1718 I ServiceManagement: Removing namespace from process name android.hardware.wifi@1.0-service to wifi@1.0-service.
10-04 11:07:13.295  1702  1702 I ServiceManagement: Removing namespace from process name android.hardware.drm@1.0-service to drm@1.0-service.
10-04 11:07:13.297  1702  1702 I         : Registration complete for android.hardware.drm@1.0::IDrmFactory/default.
10-04 11:07:13.370  1702  1702 I ServiceManagement: Registered android.hardware.drm@1.0::ICryptoFactory/default (start delay of 11091ms)
10-04 11:07:13.371  1702  1702 I ServiceManagement: Removing namespace from process name android.hardware.drm@1.0-service to drm@1.0-service.
10-04 11:07:13.372  1702  1702 I         : Registration complete for android.hardware.drm@1.0::ICryptoFactory/default.
10-04 11:07:13.633  1793  1793 I /system/bin/tombstoned: tombstoned successfully initialized
10-04 11:07:13.853  1748  1803 W adbd    : timed out while waiting for FUNCTIONFS_BIND, trying again
10-04 11:07:13.853  1748  1803 I adbd    : UsbFfs: connection terminated: monitor thread finished
10-04 11:07:13.858  1748  1748 I adbd    : UsbFfs: already offline
10-04 11:07:13.858  1748  1748 I adbd    : destroying transport UsbFfs
10-04 11:07:13.859  1748  1748 I adbd    : UsbFfsConnection being destroyed
10-04 11:07:13.910  1748  1787 I adbd    : opening control endpoint /dev/usb-ffs/adb/ep0
10-04 11:07:13.978  1748  1787 I adbd    : UsbFfsConnection constructed
10-04 11:07:14.016  1748  1817 I adbd    : USB event: FUNCTIONFS_BIND
10-04 11:07:14.524  1796  1796 D android.hardware.biometrics.fingerprint@2.1-service: Opening fingerprint hal library...
10-04 11:07:14.558  1796  1796 D FingerprintHal: ----------------> fingerprint_open ----------------->
10-04 11:07:14.585  1569  1569 I hwservicemanager: getTransport: Cannot find entry android.hardware.usb.gadget@1.0::IUsbGadget/default in either framework or device manifest.
10-04 11:07:14.589  1796  1796 D FingerprintHal: ----------------> set_notify_callback ----------------->
10-04 11:07:14.590  1796  1796 D FingerprintHal: fingerprint callback notification set
10-04 11:07:14.614  1796  1819 D FingerprintHal: ----------------> listenerFunction ----------------->
10-04 11:07:14.693  1796  1796 I ServiceManagement: Registered android.hardware.biometrics.fingerprint@2.1::IBiometricsFingerprint/default (start delay of 2223ms)
10-04 11:07:14.695  1796  1796 I ServiceManagement: Removing namespace from process name android.hardware.biometrics.fingerprint@2.1-service to fingerprint@2.1-service.
10-04 11:07:14.638  1795  1795 I usbd    : Usb HAL not found
10-04 11:07:14.730  1748  1817 I adbd    : USB event: FUNCTIONFS_ENABLE
10-04 11:07:14.742  1782  1782 I wificond: wificond is starting up...
10-04 11:07:14.688  1806  1806 I livelock: started
10-04 11:07:14.768  1806  1806 W livelock: [khungtaskd] not configurable
10-04 11:07:14.921  1806  1806 I livelock: ro.config.low_ram=false
10-04 11:07:14.922  1806  1806 I livelock: ro.llk.sysrq_t=true
10-04 11:07:14.922  1806  1806 I livelock: ro.llk.enable=true
10-04 11:07:14.922  1806  1806 I livelock: ro.khungtask.enable=true
10-04 11:07:14.922  1806  1806 I livelock: ro.llk.mlockall=true
10-04 11:07:14.922  1806  1806 I livelock: ro.llk.killtest=true
10-04 11:07:14.922  1806  1806 I livelock: ro.khungtask.timeout=720s
10-04 11:07:14.922  1806  1806 I livelock: ro.llk.timeout_ms=600.000s
10-04 11:07:14.922  1806  1806 I livelock: ro.llk.D.timeout_ms=600.000s
10-04 11:07:14.922  1806  1806 I livelock: ro.llk.Z.timeout_ms=600.000s
10-04 11:07:14.922  1806  1806 I livelock: ro.llk.stack.timeout_ms=600.000s
10-04 11:07:14.922  1806  1806 I livelock: ro.llk.check_ms=120.000s
10-04 11:07:14.922  1806  1806 I livelock: ro.llk.stack=wait_on_page_bit_killable,bit_wait_io,__get_user_pages,cma_alloc
10-04 11:07:14.922  1806  1806 I livelock: ro.llk.blacklist.process.stack=llkd,lmkd.llkd,apexd,ueventd,keystore,init
10-04 11:07:14.922  1806  1806 I livelock: ro.llk.blacklist.process=[watchdogd/0],2,[watchdogd],watchdogd,llkd,[khungtaskd],[kthreadd],init,1,lmkd,1806,0
10-04 11:07:14.922  1806  1806 I livelock: ro.llk.blacklist.parent=[kthreadd],2,0,adbd&[setsid]
10-04 11:07:14.922  1806  1806 I livelock: ro.llk.blacklist.uid=
10-04 11:07:15.333  1686  1686 I netd    : Creating child chains: 1977.2ms
10-04 11:07:15.336  1686  1686 I netd    : Setting up OEM hooks: 3.4ms
10-04 11:07:15.336  1686  1686 I netd    : Setting up FirewallController hooks: 0.3ms
10-04 11:07:15.375  1686  1686 I netd    : Setting up TetherController hooks: 39.4ms
10-04 11:07:15.395  1686  1686 I netd    : Setting up BandwidthController hooks: 19.7ms
10-04 11:07:15.395  1686  1686 I netd    : Setting up IdletimerController hooks: 0.4ms
10-04 11:07:15.636  1789  1789 E wifi_forwarder: RemoteConnection failed to initialize: RemoteConnection failed to open pipe
10-04 11:07:15.703  1791  1791 I gatekeeperd: Starting gatekeeperd...
10-04 11:07:15.930  1686  1686 I netd    : Setting up StrictController hooks: 535.0ms
10-04 11:07:15.931  1686  1686 I ClatdController: 4.9+ kernel and device shipped with P - clat ebpf might work.
10-04 11:07:15.932  1686  1686 I netd    : Initializing ClatdController: 1.5ms
10-04 11:07:15.962  1686  1686 I netd    : Initializing traffic control: 29.6ms
10-04 11:07:16.047  1811  1811 E hostapd : Configuration file: /data/vendor/wifi/hostapd/hostapd.conf
10-04 11:07:16.121  1686  1686 I netd    : Enabling bandwidth control: 159.4ms
10-04 11:07:16.128  1686  1686 E Netd    : cannot find interface dummy0
10-04 11:07:16.158  1686  1686 I netd    : Initializing RouteController: 36.2ms
10-04 11:07:16.193  1686  1686 D XfrmController: XfrmController::ipSecAddXfrmInterface, line=1379
10-04 11:07:16.232  1686  1686 D XfrmController: XfrmController::ipSecRemoveTunnelInterface, line=1592
10-04 11:07:16.232  1686  1686 D XfrmController: deviceName=ipsec_test
10-04 11:07:16.298  1811  1811 I hostapd : rfkill: Cannot get wiphy information
10-04 11:07:16.340  1686  1686 D XfrmController: Sending Netlink XFRM Message: XFRM_MSG_FLUSHSA
10-04 11:07:16.341  1686  1686 D XfrmController: Sending Netlink XFRM Message: XFRM_MSG_FLUSHPOLICY
10-04 11:07:16.342  1686  1686 I netd    : Initializing XfrmController: 184.2ms
10-04 11:07:16.345  1686  1686 E Netd    : Unable to create netlink socket for family 5: Protocol not supported
10-04 11:07:16.345  1686  1686 W Netd    : Unable to open qlog quota socket, check if xt_quota2 can send via UeventHandler
10-04 11:07:16.358  1811  1811 I hostapd : wlan1: interface state UNINITIALIZED->COUNTRY_UPDATE
10-04 11:07:16.597  1686  1686 I libnetd_resolv: resolv_init: Initializing resolver
10-04 11:07:16.642  1686  1686 D MDnsDS  : MDnsSdListener::Hander starting up
10-04 11:07:16.645  1686  1686 I netd    : Registering NetdNativeService: 1.3ms
10-04 11:07:16.688  1686  1840 D MDnsDS  : MDnsSdListener starting to monitor
10-04 11:07:16.689  1686  1840 D MDnsDS  : Going to poll with pollCount 1
10-04 11:07:16.743  1686  1686 I ServiceManagement: Registered android.system.net.netd@1.1::INetd/default (start delay of 16483ms)
10-04 11:07:16.744  1686  1686 I netd    : Registering NetdHwService: 99.6ms
10-04 11:07:16.745  1686  1686 I netd    : Netd started in 14444ms
10-04 11:07:16.969  1569  1569 I hwservicemanager: getTransport: Cannot find entry android.hardware.keymaster@4.0::IKeymasterDevice/default in either framework or device manifest.
10-04 11:07:17.002  1771  1771 I keystore: found android.hardware.keymaster@3.0::IKeymasterDevice with interface name default and seclevel SOFTWARE
10-04 11:07:17.004  1771  1771 W keystore: No secure Keymaster implementation found, but device offers insecure Keymaster HAL. Using as default.
10-04 11:07:17.173  1771  1771 I ServiceManagement: Registered android.system.wifi.keystore@1.0::IKeystore/default (start delay of 7339ms)
10-04 11:07:17.414  1780  1780 I ServiceManagement: Registered android.frameworks.stats@1.0::IStats/default (start delay of 6636ms)
10-04 11:07:17.440  1780  1780 W statsd  : statscompanion service unavailable!
10-04 11:07:17.457  1780  1780 I statsd  : Statsd starts to listen to socket.
10-04 11:07:17.912  1734  1734 I SurfaceFlinger: Using HWComposer service: 'default'
10-04 11:07:17.914  1734  1734 I SurfaceFlinger: SurfaceFlinger is starting
10-04 11:07:17.959  1569  1569 I hwservicemanager: getTransport: Cannot find entry android.hardware.configstore@1.1::ISurfaceFlingerConfigs/default in either framework or device manifest.
10-04 11:07:17.962  1734  1734 I SurfaceFlinger: Treble testing override: 'false'
10-04 11:07:17.968  1734  1734 I SurfaceFlinger: SurfaceFlinger's main thread ready to run. Initializing graphics H/W...
10-04 11:07:17.968  1734  1734 I SurfaceFlinger: Phase offset NS: 1000000
10-04 11:07:17.981  1734  1857 W SurfaceFlinger: Ignoring VSYNC request while display is disconnected
10-04 11:07:17.983  1734  1857 W SurfaceFlinger: Ignoring VSYNC request while display is disconnected
10-04 11:07:17.986  1734  1858 W SurfaceFlinger: Ignoring VSYNC request while display is disconnected
10-04 11:07:17.987  1734  1858 W SurfaceFlinger: Ignoring VSYNC request while display is disconnected
10-04 11:07:17.992  1734  1734 D RenderEngine: RenderEngine GLES Backend
10-04 11:07:17.993  1734  1734 D libEGL  : Emulator has host GPU support, qemu.gles is set to 1.
10-04 11:07:18.081  1734  1734 D libEGL  : loaded /vendor/lib64/egl/libEGL_emulation.so
10-04 11:07:18.087  1734  1734 D libEGL  : loaded /vendor/lib64/egl/libGLESv1_CM_emulation.so
10-04 11:07:18.098  1734  1734 D libEGL  : loaded /vendor/lib64/egl/libGLESv2_emulation.so
10-04 11:07:18.188  1734  1734 D HostConnection: HostConnection::get() New Host Connection established 0x7324eb0c25a0, tid 1734
10-04 11:07:18.213  1734  1734 D HostConnection: HostComposition ext ANDROID_EMU_CHECKSUM_HELPER_v1 ANDROID_EMU_native_sync_v2 ANDROID_EMU_dma_v1 ANDROID_EMU_direct_mem ANDROID_EMU_host_composition_v1 ANDROID_EMU_host_composition_v2 ANDROID_EMU_sync_buffer_data ANDROID_EMU_hwc_color_transform GL_OES_EGL_image_external_essl3 GL_OES_vertex_array_object GL_KHR_texture_compression_astc_ldr ANDROID_EMU_host_side_tracing ANDROID_EMU_gles_max_version_3_0 
10-04 11:07:18.284  1734  1734 I RenderEngine: EGL information:
10-04 11:07:18.285  1734  1734 I RenderEngine: vendor    : Android
10-04 11:07:18.285  1734  1734 I RenderEngine: version   : 1.4 Android META-EGL
10-04 11:07:18.285  1734  1734 I RenderEngine: extensions: EGL_KHR_get_all_proc_addresses EGL_ANDROID_presentation_time EGL_KHR_swap_buffers_with_damage EGL_ANDROID_get_native_client_buffer EGL_ANDROID_front_buffer_auto_refresh EGL_ANDROID_get_frame_timestamps EGL_EXT_surface_SMPTE2086_metadata EGL_EXT_surface_CTA861_3_metadata EGL_KHR_image EGL_KHR_image_base EGL_KHR_gl_texture_2D_image EGL_KHR_fence_sync EGL_KHR_create_context EGL_ANDROID_image_native_buffer EGL_ANDROID_recordable 
10-04 11:07:18.285  1734  1734 I RenderEngine: Client API: OpenGL_ES
10-04 11:07:18.285  1734  1734 I RenderEngine: EGLSurface: 8-8-8-8, config=0x5
10-04 11:07:18.290  1734  1734 D EGL_emulation: eglCreateContext: 0x7324eb0c2640: maj 3 min 0 rcv 3
10-04 11:07:18.295  1734  1734 D EGL_emulation: eglMakeCurrent: 0x7324eb0c2640: ver 3 0 (tinfo 0x7324eb0b1f40)
10-04 11:07:18.311  1734  1734 I RenderEngine: OpenGL ES informations:
10-04 11:07:18.311  1734  1734 I RenderEngine: vendor    : Google (Google Inc.)
10-04 11:07:18.311  1734  1734 I RenderEngine: renderer  : Android Emulator OpenGL ES Translator (Google SwiftShader)
10-04 11:07:18.311  1734  1734 I RenderEngine: version   : OpenGL ES 3.0 (OpenGL ES 3.0 SwiftShader 4.0.0.1)
10-04 11:07:18.311  1734  1734 I RenderEngine: extensions: GL_EXT_debug_marker GL_EXT_robustness GL_OES_EGL_sync GL_OES_EGL_image GL_OES_EGL_image_external GL_OES_depth24 GL_OES_depth32 GL_OES_element_index_uint GL_OES_texture_float GL_OES_texture_float_linear GL_OES_compressed_paletted_texture GL_OES_compressed_ETC1_RGB8_texture GL_OES_depth_texture GL_OES_texture_half_float GL_OES_texture_half_float_linear GL_OES_packed_depth_stencil GL_OES_vertex_half_float GL_OES_standard_derivatives GL_OES_texture_npot GL_OES_rgb8_rgba8 GL_EXT_color_buffer_float GL_EXT_color_buffer_half_float GL_EXT_texture_format_BGRA8888 GL_APPLE_texture_format_BGRA8888 ANDROID_EMU_CHECKSUM_HELPER_v1 ANDROID_EMU_native_sync_v2 ANDROID_EMU_dma_v1 ANDROID_EMU_direct_mem ANDROID_EMU_host_composition_v1 ANDROID_EMU_host_composition_v2 ANDROID_EMU_sync_buffer_data ANDROID_EMU_hwc_color_transform GL_OES_EGL_image_external_essl3 GL_OES_vertex_array_object GL_KHR_texture_compression_astc_ldr ANDROID_EMU_host_side_tracing ANDROID_EMU_gles_max_version_3_0 
10-04 11:07:18.311  1734  1734 I RenderEngine: GL_MAX_TEXTURE_SIZE = 8192
10-04 11:07:18.311  1734  1734 I RenderEngine: GL_MAX_VIEWPORT_DIMS = 8192
10-04 11:07:18.409  1569  1569 I hwservicemanager: getTransport: Cannot find entry android.hardware.graphics.mapper@3.0::IMapper/default in either framework or device manifest.
10-04 11:07:18.410  1712  1712 D ComposerHal: failed to get mapper 3.0 service, falling back to mapper 2.0
10-04 11:07:18.431  1734  1734 I HWComposer: Switching to legacy multi-display mode
10-04 11:07:18.493  1786  1786 I ServiceManagement: Registered android.hardware.radio@1.1::IRadio/slot1 (start delay of 7093ms)
10-04 11:07:18.559  1786  1786 I ServiceManagement: Registered android.hardware.radio.deprecated@1.0::IOemHook/slot1 (start delay of 7160ms)
10-04 11:07:18.640  1569  1569 I hwservicemanager: getTransport: Cannot find entry android.hardware.graphics.mapper@3.0::IMapper/default in either framework or device manifest.
10-04 11:07:18.641  1734  1734 W Gralloc3: mapper 3.x is not supported
10-04 11:07:18.680  1569  1569 I hwservicemanager: getTransport: Cannot find entry android.hardware.graphics.allocator@3.0::IAllocator/default in either framework or device manifest.
10-04 11:07:18.685  1734  1734 W Gralloc3: allocator 3.x is not supported
10-04 11:07:18.691  1710  1710 D gralloc_ranchu: gralloc_alloc: Creating ashmem region of size 1155072
10-04 11:07:18.693  1734  1734 D HostConnection: createUnique: call
10-04 11:07:18.694  1734  1734 D HostConnection: HostConnection::get() New Host Connection established 0x7324eb0c2be0, tid 1734
10-04 11:07:18.695  1734  1734 D HostConnection: HostComposition ext ANDROID_EMU_CHECKSUM_HELPER_v1 ANDROID_EMU_native_sync_v2 ANDROID_EMU_dma_v1 ANDROID_EMU_direct_mem ANDROID_EMU_host_composition_v1 ANDROID_EMU_host_composition_v2 ANDROID_EMU_sync_buffer_data ANDROID_EMU_hwc_color_transform GL_OES_EGL_image_external_essl3 GL_OES_vertex_array_object GL_KHR_texture_compression_astc_ldr ANDROID_EMU_host_side_tracing ANDROID_EMU_gles_max_version_3_0 
10-04 11:07:18.696  1734  1734 D eglCodecCommon: allocate: Ask for block of size 0x1000
10-04 11:07:18.696  1734  1734 D eglCodecCommon: allocate: ioctl allocate returned offset 0x3ffffa000 size 0x2000
10-04 11:07:18.701  1710  1710 D gralloc_ranchu: gralloc_alloc: Creating ashmem region of size 1155072
10-04 11:07:18.703  1710  1710 D gralloc_ranchu: gralloc_alloc: Creating ashmem region of size 1155072
10-04 11:07:18.986  1734  1734 D RenderEngine: shader cache generated - 48 shaders in 269.377502 ms
10-04 11:07:19.008  1734  1734 I ServiceManagement: Registered android.frameworks.displayservice@1.0::IDisplayService/default (start delay of 13019ms)
10-04 11:07:19.012  1734  1734 D SurfaceFlinger: Setting power mode 2 on display 0
10-04 11:07:19.014  1734  1734 D SurfaceFlinger: Finished setting power mode 2 on display 0
10-04 11:07:19.363  1773  1773 I mediaserver: ServiceManager: 0xeafc8740
10-04 11:07:19.743  1776  1776 I mediametrics: ServiceManager: 0x755207a00280
10-04 11:07:19.745  1776  1776 D MediaAnalyticsService: MediaAnalyticsService created
10-04 11:07:20.528  1698  1698 D EmulatedCamera_QemuClient: Emulated camera list: 
10-04 11:07:20.548  1698  1698 E EmulatedCamera_Factory: 0 cameras are being emulated. 0 of them are fake cameras.
10-04 11:07:20.601  1698  1698 I CamPrvdr@2.4-legacy: Loaded "Emulated Camera Module" camera module
10-04 11:07:20.601  1698  1698 E CamPrvdr@2.4-legacy: setUpVendorTags: Vendor tag operations not fully defined. Ignoring definitions.
10-04 11:07:20.601  1698  1698 E CamPrvdr@2.4-legacy: initialize: Vendor tag setup failed, will not be available.
10-04 11:07:20.632  1569  1569 I hwservicemanager: getTransport: Cannot find entry android.hardware.audio@5.0::IDevicesFactory/default in either framework or device manifest.
10-04 11:07:20.730  1698  1698 I ServiceManagement: Registered android.hardware.camera.provider@2.4::ICameraProvider/legacy/0 (start delay of 18898ms)
10-04 11:07:20.754  1698  1698 I ServiceManagement: Removing namespace from process name android.hardware.camera.provider@2.4-service to provider@2.4-service.
10-04 11:07:20.799  1698  1698 I android.hardware.camera.provider@2.4-service: Registration complete for android.hardware.camera.provider@2.4::ICameraProvider/legacy/0.
10-04 11:07:20.826  1696  1696 E audiohalservice: Could not get passthrough implementation for android.hardware.audio@5.0::IDevicesFactory/default.
10-04 11:07:21.367  1696  1696 I ServiceManagement: Registered android.hardware.audio@4.0::IDevicesFactory/default (start delay of 19917ms)
10-04 11:07:21.427  1811  1811 I hostapd : wlan1: interface state COUNTRY_UPDATE->HT_SCAN
10-04 11:07:21.466  1696  1696 I ServiceManagement: Removing namespace from process name android.hardware.audio@2.0-service to audio@2.0-service.
10-04 11:07:21.490  1696  1696 I audiohalservice: Registration complete for android.hardware.audio@4.0::IDevicesFactory/default.
10-04 11:07:21.492  1569  1569 I hwservicemanager: getTransport: Cannot find entry android.hardware.audio.effect@5.0::IEffectsFactory/default in either framework or device manifest.
10-04 11:07:21.509  1696  1696 E audiohalservice: Could not get passthrough implementation for android.hardware.audio.effect@5.0::IEffectsFactory/default.
10-04 11:07:21.735  1696  1696 I ServiceManagement: Registered android.hardware.audio.effect@4.0::IEffectsFactory/default (start delay of 20287ms)
10-04 11:07:21.736  1696  1696 I audiohalservice: Registration complete for android.hardware.audio.effect@4.0::IEffectsFactory/default.
10-04 11:07:21.737  1569  1569 I hwservicemanager: getTransport: Cannot find entry android.hardware.soundtrigger@2.2::ISoundTriggerHw/default in either framework or device manifest.
10-04 11:07:21.749  1696  1696 E audiohalservice: Could not get passthrough implementation for android.hardware.soundtrigger@2.2::ISoundTriggerHw/default.
10-04 11:07:21.751  1569  1569 I hwservicemanager: getTransport: Cannot find entry android.hardware.soundtrigger@2.1::ISoundTriggerHw/default in either framework or device manifest.
10-04 11:07:21.757  1696  1696 E audiohalservice: Could not get passthrough implementation for android.hardware.soundtrigger@2.1::ISoundTriggerHw/default.
10-04 11:07:21.759  1569  1569 I hwservicemanager: getTransport: Cannot find entry android.hardware.soundtrigger@2.0::ISoundTriggerHw/default in either framework or device manifest.
10-04 11:07:21.964  1781  1871 I ServiceManager: Waiting for service 'package_native' on '/dev/binder'...
10-04 11:07:21.968  1784  1784 I media.codec: mediacodecservice starting
10-04 11:07:22.005  1696  1696 E SoundTriggerHalImpl: couldn't load sound trigger module sound_trigger.primary (No such file or directory)
10-04 11:07:22.023  1696  1696 I ServiceManagement: Registered android.hardware.soundtrigger@2.0::ISoundTriggerHw/default (start delay of 20575ms)
10-04 11:07:22.024  1696  1696 I audiohalservice: Registration complete for android.hardware.soundtrigger@2.0::ISoundTriggerHw/default.
10-04 11:07:22.026  1569  1569 I hwservicemanager: getTransport: Cannot find entry android.hardware.bluetooth.audio@2.0::IBluetoothAudioProvidersFactory/default in either framework or device manifest.
10-04 11:07:22.029  1696  1696 E audiohalservice: Could not get passthrough implementation for android.hardware.bluetooth.audio@2.0::IBluetoothAudioProvidersFactory/default.
10-04 11:07:22.029  1696  1696 W audiohalservice: Could not register Bluetooth Audio API 2.0
10-04 11:07:22.031  1569  1569 I hwservicemanager: getTransport: Cannot find entry android.hardware.bluetooth.a2dp@1.0::IBluetoothAudioOffload/default in either framework or device manifest.
10-04 11:07:22.040  1696  1696 E audiohalservice: Could not get passthrough implementation for android.hardware.bluetooth.a2dp@1.0::IBluetoothAudioOffload/default.
10-04 11:07:22.040  1696  1696 W audiohalservice: Could not register Bluetooth audio offload 1.0
10-04 11:07:22.059  1774  1774 V MediaUtils: physMem: 2089689088
10-04 11:07:22.060  1774  1774 V MediaUtils: requested limit: 417937800
10-04 11:07:22.062  1774  1774 I libc    : malloc_limit: Allocation limit enabled, max size 417937800 bytes
10-04 11:07:22.108  1784  1784 W media.codec: Could not read additional policy file '/vendor/etc/seccomp_policy/mediacodec.policy'
10-04 11:07:22.112  1784  1784 W media.codec: libminijail[1784]: failed to get path of fd 4: No such file or directory
10-04 11:07:22.113  1784  1784 W media.codec: libminijail[1784]: allowing syscall: socketcall
10-04 11:07:22.113  1784  1784 W media.codec: libminijail[1784]: allowing syscall: writev
10-04 11:07:22.114  1784  1784 W media.codec: libminijail[1784]: allowing syscall: fcntl64
10-04 11:07:22.114  1784  1784 W media.codec: libminijail[1784]: allowing syscall: clock_gettime
10-04 11:07:22.115  1784  1784 W media.codec: libminijail[1784]: compile_file: <fd>(34): nonexistent syscall 'newfstatat'
10-04 11:07:22.128  1687  1687 D AndroidRuntime: >>>>>> START com.android.internal.os.ZygoteInit uid 0 <<<<<<
10-04 11:07:22.202  1784  1784 W media.codec: libminijail[1784]: logging seccomp filter failures
10-04 11:07:22.269  1781  1871 I ServiceManager: Waiting for service 'package_native' on '/dev/binder'...
10-04 11:07:22.296  1784  1784 D GoldfishOMXPlugin: called createOMXPlugin for Goldfish
10-04 11:07:22.332  1774  1774 W /system/bin/mediaextractor: Could not read additional policy file '/vendor/etc/seccomp_policy/mediaextractor.policy'
10-04 11:07:22.336  1774  1774 W /system/bin/mediaextractor: libminijail[1774]: failed to get path of fd 4: No such file or directory
10-04 11:07:22.336  1774  1774 W /system/bin/mediaextractor: libminijail[1774]: allowing syscall: socket
10-04 11:07:22.337  1774  1774 W /system/bin/mediaextractor: libminijail[1774]: allowing syscall: connect
10-04 11:07:22.337  1774  1774 W /system/bin/mediaextractor: libminijail[1774]: allowing syscall: fcntl
10-04 11:07:22.337  1774  1774 W /system/bin/mediaextractor: libminijail[1774]: allowing syscall: writev
10-04 11:07:22.371  1781  1871 I ServiceManager: Waiting for service 'package_native' on '/dev/binder'...
10-04 11:07:22.443  1784  1784 I SoftOMXPlugin: createOMXPlugin
10-04 11:07:22.446  1784  1784 D MediaCodecsXmlParser: parsing /vendor/etc/media_codecs.xml...
10-04 11:07:22.574  1781  1871 I ServiceManager: Waiting for service 'package_native' on '/dev/binder'...
10-04 11:07:22.579  1774  1774 W /system/bin/mediaextractor: libminijail[1774]: logging seccomp filter failures
10-04 11:07:22.615  1784  1784 D MediaCodecsXmlParser: parsing /vendor/etc/media_codecs_google_audio.xml...
10-04 11:07:22.653  1784  1784 I MediaCodecsXmlParser: limit: max-channel-count = 2
10-04 11:07:22.654  1784  1784 I MediaCodecsXmlParser: limit: sample-rate-ranges = 8000,11025,12000,16000,22050,24000,32000,44100,48000
10-04 11:07:22.654  1784  1784 I MediaCodecsXmlParser: limit: bitrate-range = 8000-320000
10-04 11:07:22.655  1784  1784 I MediaCodecsXmlParser: limit: max-channel-count = 1
10-04 11:07:22.655  1784  1784 I MediaCodecsXmlParser: limit: sample-rate-ranges = 8000
10-04 11:07:22.655  1784  1784 I MediaCodecsXmlParser: limit: bitrate-range = 4750-12200
10-04 11:07:22.655  1784  1784 I MediaCodecsXmlParser: limit: max-channel-count = 1
10-04 11:07:22.655  1784  1784 I MediaCodecsXmlParser: limit: sample-rate-ranges = 16000
10-04 11:07:22.655  1784  1784 I MediaCodecsXmlParser: limit: bitrate-range = 6600-23850
10-04 11:07:22.655  1784  1784 I MediaCodecsXmlParser: limit: max-channel-count = 8
10-04 11:07:22.655  1784  1784 I MediaCodecsXmlParser: limit: sample-rate-ranges = 7350,8000,11025,12000,16000,22050,24000,32000,44100,48000
10-04 11:07:22.655  1784  1784 I MediaCodecsXmlParser: limit: bitrate-range = 8000-960000
10-04 11:07:22.656  1784  1784 I MediaCodecsXmlParser: limit: max-channel-count = 1
10-04 11:07:22.656  1784  1784 I MediaCodecsXmlParser: limit: sample-rate-ranges = 8000-48000
10-04 11:07:22.673  1784  1784 I MediaCodecsXmlParser: limit: bitrate-range = 64000
10-04 11:07:22.673  1784  1784 I MediaCodecsXmlParser: limit: max-channel-count = 1
10-04 11:07:22.673  1784  1784 I MediaCodecsXmlParser: limit: sample-rate-ranges = 8000-48000
10-04 11:07:22.673  1784  1784 I MediaCodecsXmlParser: limit: bitrate-range = 64000
10-04 11:07:22.673  1784  1784 I MediaCodecsXmlParser: limit: max-channel-count = 8
10-04 11:07:22.673  1784  1784 I MediaCodecsXmlParser: limit: sample-rate-ranges = 8000-96000
10-04 11:07:22.673  1784  1784 I MediaCodecsXmlParser: limit: bitrate-range = 32000-500000
10-04 11:07:22.674  1784  1784 I MediaCodecsXmlParser: limit: max-channel-count = 8
10-04 11:07:22.674  1784  1784 I MediaCodecsXmlParser: limit: sample-rate-ranges = 48000
10-04 11:07:22.674  1784  1784 I MediaCodecsXmlParser: limit: bitrate-range = 6000-510000
10-04 11:07:22.674  1784  1784 I MediaCodecsXmlParser: limit: max-channel-count = 8
10-04 11:07:22.674  1784  1784 I MediaCodecsXmlParser: limit: sample-rate-ranges = 8000-192000
10-04 11:07:22.674  1784  1784 I MediaCodecsXmlParser: limit: bitrate-range = 1-10000000
10-04 11:07:22.674  1784  1784 I MediaCodecsXmlParser: limit: max-channel-count = 8
10-04 11:07:22.674  1784  1784 I MediaCodecsXmlParser: limit: sample-rate-ranges = 1-655350
10-04 11:07:22.674  1784  1784 I MediaCodecsXmlParser: limit: bitrate-range = 1-21000000
10-04 11:07:22.674  1784  1784 I MediaCodecsXmlParser: limit: max-channel-count = 6
10-04 11:07:22.675  1784  1784 I MediaCodecsXmlParser: limit: sample-rate-ranges = 8000,11025,12000,16000,22050,24000,32000,44100,48000
10-04 11:07:22.675  1784  1784 I MediaCodecsXmlParser: limit: bitrate-range = 8000-960000
10-04 11:07:22.675  1784  1784 I MediaCodecsXmlParser: limit: max-channel-count = 1
10-04 11:07:22.675  1784  1784 I MediaCodecsXmlParser: limit: sample-rate-ranges = 8000
10-04 11:07:22.675  1784  1784 I MediaCodecsXmlParser: limit: bitrate-range = 4750-12200
10-04 11:07:22.675  1784  1784 I MediaCodecsXmlParser: limit: feature-bitrate-modes = CBR
10-04 11:07:22.676  1784  1784 I MediaCodecsXmlParser: limit: max-channel-count = 1
10-04 11:07:22.676  1784  1784 I MediaCodecsXmlParser: limit: sample-rate-ranges = 16000
10-04 11:07:22.676  1784  1784 I MediaCodecsXmlParser: limit: bitrate-range = 6600-23850
10-04 11:07:22.676  1784  1784 I MediaCodecsXmlParser: limit: feature-bitrate-modes = CBR
10-04 11:07:22.676  1784  1784 I MediaCodecsXmlParser: limit: max-channel-count = 2
10-04 11:07:22.676  1784  1784 I MediaCodecsXmlParser: limit: sample-rate-ranges = 1-655350
10-04 11:07:22.677  1784  1784 I MediaCodecsXmlParser: limit: bitrate-range = 1-21000000
10-04 11:07:22.677  1784  1784 I MediaCodecsXmlParser: limit: complexity-default = 5
10-04 11:07:22.677  1784  1784 I MediaCodecsXmlParser: limit: complexity-range = 0-8
10-04 11:07:22.677  1784  1784 I MediaCodecsXmlParser: limit: feature-bitrate-modes = CQ
10-04 11:07:22.679  1781  1871 I ServiceManager: Waiting for service 'package_native' on '/dev/binder'...
10-04 11:07:22.723  1784  1784 D MediaCodecsXmlParser: parsing /vendor/etc/media_codecs_google_telephony.xml...
10-04 11:07:22.726  1784  1784 I MediaCodecsXmlParser: limit: max-channel-count = 1
10-04 11:07:22.726  1784  1784 I MediaCodecsXmlParser: limit: sample-rate-ranges = 8000
10-04 11:07:22.726  1784  1784 I MediaCodecsXmlParser: limit: bitrate-range = 13000
10-04 11:07:22.726  1784  1784 D MediaCodecsXmlParser: parsing /vendor/etc/media_codecs_google_video.xml...
10-04 11:07:22.729  1784  1784 I MediaCodecsXmlParser: limit: size-range = 2x2-352x288
10-04 11:07:22.729  1784  1784 I MediaCodecsXmlParser: limit: alignment = 2x2
10-04 11:07:22.729  1784  1784 I MediaCodecsXmlParser: limit: block-size = 16x16
10-04 11:07:22.729  1784  1784 I MediaCodecsXmlParser: limit: blocks-per-second-range = 12-11880
10-04 11:07:22.729  1784  1784 I MediaCodecsXmlParser: limit: bitrate-range = 1-384000
10-04 11:07:22.730  1784  1784 I MediaCodecsXmlParser: limit: performance-point-1920x1080-range = 30-30
10-04 11:07:22.730  1784  1784 I MediaCodecsXmlParser: limit: feature-adaptive-playback = 0
10-04 11:07:22.730  1784  1784 I MediaCodecsXmlParser: limit: size-range = 2x2-352x288
10-04 11:07:22.730  1784  1784 I MediaCodecsXmlParser: limit: alignment = 2x2
10-04 11:07:22.730  1784  1784 I MediaCodecsXmlParser: limit: bitrate-range = 1-384000
10-04 11:07:22.730  1784  1784 I MediaCodecsXmlParser: limit: performance-point-1920x1080-range = 30-30
10-04 11:07:22.730  1784  1784 I MediaCodecsXmlParser: limit: feature-adaptive-playback = 0
10-04 11:07:22.730  1784  1784 I MediaCodecsXmlParser: limit: size-range = 96x96-3840x2160
10-04 11:07:22.730  1784  1784 I MediaCodecsXmlParser: limit: alignment = 2x2
10-04 11:07:22.730  1784  1784 I MediaCodecsXmlParser: limit: block-size = 16x16
10-04 11:07:22.730  1784  1784 I MediaCodecsXmlParser: limit: blocks-per-second-range = 24-2073600
10-04 11:07:22.730  1784  1784 I MediaCodecsXmlParser: limit: bitrate-range = 1-120000000
10-04 11:07:22.730  1784  1784 I MediaCodecsXmlParser: limit: frame-rate-range = 1-480
10-04 11:07:22.730  1784  1784 I MediaCodecsXmlParser: limit: performance-point-3840x2160-range = 60-60
10-04 11:07:22.730  1784  1784 I MediaCodecsXmlParser: limit: measured-frame-rate-320x240-range = 257-266
10-04 11:07:22.731  1784  1784 I MediaCodecsXmlParser: limit: measured-frame-rate-720x480-range = 262-264
10-04 11:07:22.731  1784  1784 I MediaCodecsXmlParser: limit: measured-frame-rate-1280x720-range = 227-251
10-04 11:07:22.731  1784  1784 I MediaCodecsXmlParser: limit: measured-frame-rate-1920x1080-range = 235-247
10-04 11:07:22.731  1784  1784 I MediaCodecsXmlParser: limit: measured-frame-rate-3840x2160-range = 235-247
10-04 11:07:22.731  1784  1784 I MediaCodecsXmlParser: limit: feature-adaptive-playback = 0
10-04 11:07:22.731  1784  1784 I MediaCodecsXmlParser: limit: size-range = 2x2-2560x2560
10-04 11:07:22.731  1784  1784 I MediaCodecsXmlParser: limit: alignment = 2x2
10-04 11:07:22.731  1784  1784 I MediaCodecsXmlParser: limit: block-size = 16x16
10-04 11:07:22.731  1784  1784 I MediaCodecsXmlParser: limit: blocks-per-second-range = 24-2073600
10-04 11:07:22.731  1784  1784 I MediaCodecsXmlParser: limit: bitrate-range = 1-120000000
10-04 11:07:22.731  1784  1784 I MediaCodecsXmlParser: limit: frame-rate-range = 1-480
10-04 11:07:22.731  1784  1784 I MediaCodecsXmlParser: limit: performance-point-1920x1088-range = 30-30
10-04 11:07:22.731  1784  1784 I MediaCodecsXmlParser: limit: measured-frame-rate-320x240-range = 183-183
10-04 11:07:22.731  1784  1784 I MediaCodecsXmlParser: limit: measured-frame-rate-720x480-range = 181-181
10-04 11:07:22.731  1784  1784 I MediaCodecsXmlParser: limit: measured-frame-rate-1280x720-range = 182-184
10-04 11:07:22.731  1784  1784 I MediaCodecsXmlParser: limit: measured-frame-rate-1920x1080-range = 30-40
10-04 11:07:22.731  1784  1784 I MediaCodecsXmlParser: limit: feature-adaptive-playback = 0
10-04 11:07:22.732  1784  1784 I MediaCodecsXmlParser: limit: size-range = 2x2-2048x2048
10-04 11:07:22.732  1784  1784 I MediaCodecsXmlParser: limit: alignment = 2x2
10-04 11:07:22.732  1784  1784 I MediaCodecsXmlParser: limit: block-size = 8x8
10-04 11:07:22.732  1784  1784 I MediaCodecsXmlParser: limit: block-count-range = 1-139264
10-04 11:07:22.732  1784  1784 I MediaCodecsXmlParser: limit: blocks-per-second-range = 1-2000000
10-04 11:07:22.732  1784  1784 I MediaCodecsXmlParser: limit: bitrate-range = 1-10000000
10-04 11:07:22.732  1784  1784 I MediaCodecsXmlParser: limit: performance-point-1920x1080-range = 30-30
10-04 11:07:22.732  1784  1784 I MediaCodecsXmlParser: limit: feature-adaptive-playback = 0
10-04 11:07:22.732  1784  1784 I MediaCodecsXmlParser: limit: size-range = 144x144-3840x2160
10-04 11:07:22.732  1784  1784 I MediaCodecsXmlParser: limit: alignment = 2x2
10-04 11:07:22.732  1784  1784 I MediaCodecsXmlParser: limit: block-size = 16x16
10-04 11:07:22.733  1784  1784 I MediaCodecsXmlParser: limit: blocks-per-second-range = 24-2073600
10-04 11:07:22.733  1784  1784 I MediaCodecsXmlParser: limit: bitrate-range = 1-120000000
10-04 11:07:22.733  1784  1784 I MediaCodecsXmlParser: limit: frame-rate-range = 1-480
10-04 11:07:22.733  1784  1784 I MediaCodecsXmlParser: limit: performance-point-3840x2160-range = 60-60
10-04 11:07:22.733  1784  1784 I MediaCodecsXmlParser: limit: measured-frame-rate-320x180-range = 743-817
10-04 11:07:22.733  1784  1784 I MediaCodecsXmlParser: limit: measured-frame-rate-640x360-range = 582-602
10-04 11:07:22.733  1784  1784 I MediaCodecsXmlParser: limit: measured-frame-rate-1280x720-range = 237-258
10-04 11:07:22.733  1784  1784 I MediaCodecsXmlParser: limit: measured-frame-rate-1920x1080-range = 148-151
10-04 11:07:22.733  1784  1784 I MediaCodecsXmlParser: limit: measured-frame-rate-3840x2160-range = 30-90
10-04 11:07:22.733  1784  1784 I MediaCodecsXmlParser: limit: feature-adaptive-playback = 0
10-04 11:07:22.733  1784  1784 I MediaCodecsXmlParser: limit: size-range = 144x144-3840x2160
10-04 11:07:22.733  1784  1784 I MediaCodecsXmlParser: limit: alignment = 2x2
10-04 11:07:22.733  1784  1784 I MediaCodecsXmlParser: limit: block-size = 16x16
10-04 11:07:22.733  1784  1784 I MediaCodecsXmlParser: limit: blocks-per-second-range = 24-2073600
10-04 11:07:22.733  1784  1784 I MediaCodecsXmlParser: limit: bitrate-range = 1-120000000
10-04 11:07:22.734  1784  1784 I MediaCodecsXmlParser: limit: frame-rate-range = 1-480
10-04 11:07:22.734  1784  1784 I MediaCodecsXmlParser: limit: performance-point-3840x2160-range = 60-60
10-04 11:07:22.778  1784  1784 I MediaCodecsXmlParser: limit: measured-frame-rate-320x180-range = 743-817
10-04 11:07:22.778  1784  1784 I MediaCodecsXmlParser: limit: measured-frame-rate-640x360-range = 582-602
10-04 11:07:22.778  1784  1784 I MediaCodecsXmlParser: limit: measured-frame-rate-1280x720-range = 237-258
10-04 11:07:22.778  1784  1784 I MediaCodecsXmlParser: limit: measured-frame-rate-1920x1080-range = 50-60
10-04 11:07:22.778  1784  1784 I MediaCodecsXmlParser: limit: measured-frame-rate-3840x2160-range = 30-90
10-04 11:07:22.778  1784  1784 I MediaCodecsXmlParser: limit: feature-adaptive-playback = 0
10-04 11:07:22.778  1784  1784 I MediaCodecsXmlParser: limit: size-range = 2x2-2560x2560
10-04 11:07:22.778  1784  1784 I MediaCodecsXmlParser: limit: alignment = 2x2
10-04 11:07:22.779  1784  1784 I MediaCodecsXmlParser: limit: block-size = 16x16
10-04 11:07:22.779  1784  1784 I MediaCodecsXmlParser: limit: blocks-per-second-range = 24-2073600
10-04 11:07:22.779  1784  1784 I MediaCodecsXmlParser: limit: bitrate-range = 1-120000000
10-04 11:07:22.779  1784  1784 I MediaCodecsXmlParser: limit: frame-rate-range = 1-480
10-04 11:07:22.779  1784  1784 I MediaCodecsXmlParser: limit: performance-point-1920x1088-range = 60-60
10-04 11:07:22.779  1784  1784 I MediaCodecsXmlParser: limit: measured-frame-rate-320x240-range = 183-183
10-04 11:07:22.779  1784  1784 I MediaCodecsXmlParser: limit: measured-frame-rate-720x480-range = 181-181
10-04 11:07:22.779  1784  1784 I MediaCodecsXmlParser: limit: measured-frame-rate-1280x720-range = 182-184
10-04 11:07:22.779  1784  1784 I MediaCodecsXmlParser: limit: measured-frame-rate-1920x1088-range = 50-60
10-04 11:07:22.779  1784  1784 I MediaCodecsXmlParser: limit: measured-frame-rate-2560x1440-range = 30-40
10-04 11:07:22.779  1784  1784 I MediaCodecsXmlParser: limit: feature-adaptive-playback = 0
10-04 11:07:22.779  1784  1784 I MediaCodecsXmlParser: limit: size-range = 2x2-2560x2560
10-04 11:07:22.779  1784  1784 I MediaCodecsXmlParser: limit: alignment = 2x2
10-04 11:07:22.780  1784  1784 I MediaCodecsXmlParser: limit: block-size = 16x16
10-04 11:07:22.780  1784  1784 I MediaCodecsXmlParser: limit: blocks-per-second-range = 24-2073600
10-04 11:07:22.780  1784  1784 I MediaCodecsXmlParser: limit: bitrate-range = 1-120000000
10-04 11:07:22.780  1784  1784 I MediaCodecsXmlParser: limit: frame-rate-range = 1-480
10-04 11:07:22.780  1784  1784 I MediaCodecsXmlParser: limit: performance-point-1920x1088-range = 60-60
10-04 11:07:22.780  1784  1784 I MediaCodecsXmlParser: limit: measured-frame-rate-320x240-range = 183-183
10-04 11:07:22.780  1784  1784 I MediaCodecsXmlParser: limit: measured-frame-rate-720x480-range = 181-181
10-04 11:07:22.780  1784  1784 I MediaCodecsXmlParser: limit: measured-frame-rate-1280x720-range = 121-125
10-04 11:07:22.780  1784  1784 I MediaCodecsXmlParser: limit: measured-frame-rate-1920x1088-range = 148-151
10-04 11:07:22.780  1784  1784 I MediaCodecsXmlParser: limit: measured-frame-rate-2560x1440-range = 30-40
10-04 11:07:22.780  1784  1784 I MediaCodecsXmlParser: limit: feature-adaptive-playback = 0
10-04 11:07:22.780  1784  1784 I MediaCodecsXmlParser: limit: size-range = 176x144-176x144
10-04 11:07:22.780  1784  1784 I MediaCodecsXmlParser: limit: alignment = 16x16
10-04 11:07:22.780  1784  1784 I MediaCodecsXmlParser: limit: bitrate-range = 1-128000
10-04 11:07:22.781  1784  1784 I MediaCodecsXmlParser: limit: size-range = 16x16-1920x1088
10-04 11:07:22.781  1784  1784 I MediaCodecsXmlParser: limit: alignment = 2x2
10-04 11:07:22.781  1784  1784 I MediaCodecsXmlParser: limit: block-size = 16x16
10-04 11:07:22.781  1784  1784 I MediaCodecsXmlParser: limit: blocks-per-second-range = 1-244800
10-04 11:07:22.781  1784  1784 I MediaCodecsXmlParser: limit: bitrate-range = 1-20000000
10-04 11:07:22.781  1784  1784 I MediaCodecsXmlParser: limit: feature-intra-refresh = 0
10-04 11:07:22.781  1784  1784 I MediaCodecsXmlParser: limit: size-range = 16x16-176x144
10-04 11:07:22.781  1784  1784 I MediaCodecsXmlParser: limit: alignment = 16x16
10-04 11:07:22.781  1784  1784 I MediaCodecsXmlParser: limit: block-size = 16x16
10-04 11:07:22.781  1784  1784 I MediaCodecsXmlParser: limit: blocks-per-second-range = 12-1485
10-04 11:07:22.781  1784  1784 I MediaCodecsXmlParser: limit: bitrate-range = 1-64000
10-04 11:07:22.781  1784  1784 I MediaCodecsXmlParser: limit: size-range = 2x2-2048x2048
10-04 11:07:22.781  1784  1784 I MediaCodecsXmlParser: limit: alignment = 2x2
10-04 11:07:22.781  1784  1784 I MediaCodecsXmlParser: limit: bitrate-range = 1-40000000
10-04 11:07:22.781  1784  1784 I MediaCodecsXmlParser: limit: feature-bitrate-modes = VBR,CBR
10-04 11:07:22.782  1784  1784 D MediaCodecsXmlParser: parsing /vendor/etc/media_codecs_performance.xml...
10-04 11:07:22.783  1781  1871 I ServiceManager: Waiting for service 'package_native' on '/dev/binder'...
10-04 11:07:22.819  1784  1784 I MediaCodecsXmlParser: limit: measured-frame-rate-176x144-range = 849-1008
10-04 11:07:22.819  1784  1784 I MediaCodecsXmlParser: limit: measured-frame-rate-320x240-range = 496-629
10-04 11:07:22.820  1784  1784 I MediaCodecsXmlParser: limit: measured-frame-rate-720x480-range = 197-203
10-04 11:07:22.820  1784  1784 I MediaCodecsXmlParser: limit: measured-frame-rate-1280x720-range = 93-97
10-04 11:07:22.820  1784  1784 I MediaCodecsXmlParser: limit: measured-frame-rate-1920x1080-range = 45-47
10-04 11:07:22.820  1784  1784 I MediaCodecsXmlParser: limit: measured-frame-rate-176x144-range = 881-1142
10-04 11:07:22.820  1784  1784 I MediaCodecsXmlParser: limit: measured-frame-rate-320x180-range = 249-285
10-04 11:07:22.820  1784  1784 I MediaCodecsXmlParser: limit: measured-frame-rate-640x360-range = 104-115
10-04 11:07:22.820  1784  1784 I MediaCodecsXmlParser: limit: measured-frame-rate-1280x720-range = 34-35
10-04 11:07:22.820  1784  1784 I MediaCodecsXmlParser: limit: measured-frame-rate-1920x1080-range = 26-29
10-04 11:07:22.820  1784  1784 I MediaCodecsXmlParser: limit: measured-frame-rate-176x144-range = 1246-1390
10-04 11:07:22.820  1784  1784 I MediaCodecsXmlParser: limit: measured-frame-rate-352x288-range = 1121-1128
10-04 11:07:22.820  1784  1784 I MediaCodecsXmlParser: limit: measured-frame-rate-320x240-range = 299-629
10-04 11:07:22.820  1784  1784 I MediaCodecsXmlParser: limit: measured-frame-rate-720x480-range = 215-250
10-04 11:07:22.821  1784  1784 I MediaCodecsXmlParser: limit: measured-frame-rate-1280x720-range = 75-85
10-04 11:07:22.821  1784  1784 I MediaCodecsXmlParser: limit: measured-frame-rate-1920x1080-range = 31-34
10-04 11:07:22.821  1784  1784 I MediaCodecsXmlParser: limit: measured-frame-rate-352x288-range = 754-817
10-04 11:07:22.821  1784  1784 I MediaCodecsXmlParser: limit: measured-frame-rate-640x360-range = 323-394
10-04 11:07:22.821  1784  1784 I MediaCodecsXmlParser: limit: measured-frame-rate-720x480-range = 349-372
10-04 11:07:22.821  1784  1784 I MediaCodecsXmlParser: limit: measured-frame-rate-1280x720-range = 144-157
10-04 11:07:22.821  1784  1784 I MediaCodecsXmlParser: limit: measured-frame-rate-1920x1080-range = 74-85
10-04 11:07:22.821  1784  1784 I MediaCodecsXmlParser: limit: measured-frame-rate-176x144-range = 1439-1625
10-04 11:07:22.821  1784  1784 I MediaCodecsXmlParser: limit: measured-frame-rate-320x180-range = 1129-1261
10-04 11:07:22.821  1784  1784 I MediaCodecsXmlParser: limit: measured-frame-rate-640x360-range = 471-525
10-04 11:07:22.821  1784  1784 I MediaCodecsXmlParser: limit: measured-frame-rate-1280x720-range = 126-145
10-04 11:07:22.821  1784  1784 I MediaCodecsXmlParser: limit: measured-frame-rate-1920x1080-range = 48-51
10-04 11:07:22.821  1784  1784 I MediaCodecsXmlParser: limit: measured-frame-rate-2160x2160-range = 31-34
10-04 11:07:22.821  1784  1784 I MediaCodecsXmlParser: limit: measured-frame-rate-320x180-range = 968-1101
10-04 11:07:22.821  1784  1784 I MediaCodecsXmlParser: limit: measured-frame-rate-640x360-range = 291-338
10-04 11:07:22.822  1784  1784 I MediaCodecsXmlParser: limit: measured-frame-rate-1280x720-range = 280-400
10-04 11:07:22.822  1784  1784 I MediaCodecsXmlParser: limit: measured-frame-rate-1920x1080-range = 178-240
10-04 11:07:22.822  1784  1784 I MediaCodecsXmlParser: limit: measured-frame-rate-2560x1440-range = 31-34
10-04 11:07:22.822  1784  1784 D MediaCodecsXmlParser: Cannot find /data/misc/media/media_codecs_profiling_results.xml
10-04 11:07:23.191  1811  1811 E hostapd : Using interface wlan1 with hwaddr 02:15:b2:00:01:00 and ssid "AndroidWifi"
10-04 11:07:23.303  1811  1811 I hostapd : wlan1: interface state HT_SCAN->ENABLED
10-04 11:07:23.303  1811  1811 I hostapd : wlan1: AP-ENABLED 
10-04 11:07:23.344  1755  1755 I cameraserver: ServiceManager: 0x7696b342a100
10-04 11:07:23.481  1781  1871 I ServiceManager: Waiting for service 'package_native' on '/dev/binder'...
10-04 11:07:23.545  1755  1755 I CameraService: CameraService started (pid=1755)
10-04 11:07:23.546  1755  1755 I CameraService: CameraService process starting
10-04 11:07:23.548  1755  1755 W BatteryNotifier: batterystats service unavailable!
10-04 11:07:23.549  1755  1755 W BatteryNotifier: batterystats service unavailable!
10-04 11:07:23.859  1781  1871 I ServiceManager: Waiting for service 'package_native' on '/dev/binder'...
10-04 11:07:24.045  1781  1871 I ServiceManager: Waiting for service 'package_native' on '/dev/binder'...
10-04 11:07:24.127  1755  1755 I CameraProviderManager: Connecting to new camera provider: legacy/0, isRemote? 1
10-04 11:07:24.147  1781  1871 I ServiceManager: Waiting for service 'package_native' on '/dev/binder'...
10-04 11:07:24.169  1755  1755 I CameraProviderManager: Camera provider legacy/0 ready with 0 camera devices
10-04 11:07:24.202  1569  1569 I hwservicemanager: getTransport: Cannot find entry android.hardware.camera.provider@2.4::ICameraProvider/external/0 in either framework or device manifest.
10-04 11:07:24.205  1755  1755 I         : Waiting for activity service
10-04 11:07:24.206  1755  1884 W CameraProviderManager: addProviderLocked: Camera provider HAL with name 'legacy/0' already registered
10-04 11:07:24.215  1784  1784 I ServiceManagement: Registered android.hardware.media.omx@1.0::IOmx/default (start delay of 12974ms)
10-04 11:07:24.218  1784  1784 I ServiceManagement: Removing namespace from process name android.hardware.media.omx@1.0-service to omx@1.0-service.
10-04 11:07:24.249  1781  1871 I ServiceManager: Waiting for service 'package_native' on '/dev/binder'...
10-04 11:07:24.265  1784  1784 I media.codec: IOmx HAL service created.
10-04 11:07:24.334  1784  1784 D MediaCodecsXmlParser: parsing /vendor/etc/media_codecs.xml...
10-04 11:07:24.351  1781  1871 I ServiceManager: Waiting for service 'package_native' on '/dev/binder'...
10-04 11:07:24.381  1784  1784 D MediaCodecsXmlParser: parsing /vendor/etc/media_codecs_google_audio.xml...
10-04 11:07:24.384  1784  1784 I MediaCodecsXmlParser: limit: max-channel-count = 2
10-04 11:07:24.384  1784  1784 I MediaCodecsXmlParser: limit: sample-rate-ranges = 8000,11025,12000,16000,22050,24000,32000,44100,48000
10-04 11:07:24.419  1784  1784 I MediaCodecsXmlParser: limit: bitrate-range = 8000-320000
10-04 11:07:24.420  1784  1784 I MediaCodecsXmlParser: limit: max-channel-count = 1
10-04 11:07:24.420  1784  1784 I MediaCodecsXmlParser: limit: sample-rate-ranges = 8000
10-04 11:07:24.420  1784  1784 I MediaCodecsXmlParser: limit: bitrate-range = 4750-12200
10-04 11:07:24.420  1784  1784 I MediaCodecsXmlParser: limit: max-channel-count = 1
10-04 11:07:24.420  1784  1784 I MediaCodecsXmlParser: limit: sample-rate-ranges = 16000
10-04 11:07:24.420  1784  1784 I MediaCodecsXmlParser: limit: bitrate-range = 6600-23850
10-04 11:07:24.420  1784  1784 I MediaCodecsXmlParser: limit: max-channel-count = 8
10-04 11:07:24.420  1784  1784 I MediaCodecsXmlParser: limit: sample-rate-ranges = 7350,8000,11025,12000,16000,22050,24000,32000,44100,48000
10-04 11:07:24.420  1784  1784 I MediaCodecsXmlParser: limit: bitrate-range = 8000-960000
10-04 11:07:24.421  1784  1784 I MediaCodecsXmlParser: limit: max-channel-count = 1
10-04 11:07:24.421  1784  1784 I MediaCodecsXmlParser: limit: sample-rate-ranges = 8000-48000
10-04 11:07:24.421  1784  1784 I MediaCodecsXmlParser: limit: bitrate-range = 64000
10-04 11:07:24.421  1784  1784 I MediaCodecsXmlParser: limit: max-channel-count = 1
10-04 11:07:24.421  1784  1784 I MediaCodecsXmlParser: limit: sample-rate-ranges = 8000-48000
10-04 11:07:24.421  1784  1784 I MediaCodecsXmlParser: limit: bitrate-range = 64000
10-04 11:07:24.421  1784  1784 I MediaCodecsXmlParser: limit: max-channel-count = 8
10-04 11:07:24.421  1784  1784 I MediaCodecsXmlParser: limit: sample-rate-ranges = 8000-96000
10-04 11:07:24.421  1784  1784 I MediaCodecsXmlParser: limit: bitrate-range = 32000-500000
10-04 11:07:24.422  1784  1784 I MediaCodecsXmlParser: limit: max-channel-count = 8
10-04 11:07:24.422  1784  1784 I MediaCodecsXmlParser: limit: sample-rate-ranges = 48000
10-04 11:07:24.422  1784  1784 I MediaCodecsXmlParser: limit: bitrate-range = 6000-510000
10-04 11:07:24.422  1784  1784 I MediaCodecsXmlParser: limit: max-channel-count = 8
10-04 11:07:24.422  1784  1784 I MediaCodecsXmlParser: limit: sample-rate-ranges = 8000-192000
10-04 11:07:24.422  1784  1784 I MediaCodecsXmlParser: limit: bitrate-range = 1-10000000
10-04 11:07:24.422  1784  1784 I MediaCodecsXmlParser: limit: max-channel-count = 8
10-04 11:07:24.422  1784  1784 I MediaCodecsXmlParser: limit: sample-rate-ranges = 1-655350
10-04 11:07:24.422  1784  1784 I MediaCodecsXmlParser: limit: bitrate-range = 1-21000000
10-04 11:07:24.422  1784  1784 I MediaCodecsXmlParser: limit: max-channel-count = 6
10-04 11:07:24.422  1784  1784 I MediaCodecsXmlParser: limit: sample-rate-ranges = 8000,11025,12000,16000,22050,24000,32000,44100,48000
10-04 11:07:24.422  1784  1784 I MediaCodecsXmlParser: limit: bitrate-range = 8000-960000
10-04 11:07:24.422  1784  1784 I MediaCodecsXmlParser: limit: max-channel-count = 1
10-04 11:07:24.442  1784  1784 I MediaCodecsXmlParser: limit: sample-rate-ranges = 8000
10-04 11:07:24.442  1784  1784 I MediaCodecsXmlParser: limit: bitrate-range = 4750-12200
10-04 11:07:24.442  1784  1784 I MediaCodecsXmlParser: limit: feature-bitrate-modes = CBR
10-04 11:07:24.442  1784  1784 I MediaCodecsXmlParser: limit: max-channel-count = 1
10-04 11:07:24.443  1784  1784 I MediaCodecsXmlParser: limit: sample-rate-ranges = 16000
10-04 11:07:24.443  1784  1784 I MediaCodecsXmlParser: limit: bitrate-range = 6600-23850
10-04 11:07:24.443  1784  1784 I MediaCodecsXmlParser: limit: feature-bitrate-modes = CBR
10-04 11:07:24.443  1784  1784 I MediaCodecsXmlParser: limit: max-channel-count = 2
10-04 11:07:24.443  1784  1784 I MediaCodecsXmlParser: limit: sample-rate-ranges = 1-655350
10-04 11:07:24.443  1784  1784 I MediaCodecsXmlParser: limit: bitrate-range = 1-21000000
10-04 11:07:24.443  1784  1784 I MediaCodecsXmlParser: limit: complexity-default = 5
10-04 11:07:24.443  1784  1784 I MediaCodecsXmlParser: limit: complexity-range = 0-8
10-04 11:07:24.443  1784  1784 I MediaCodecsXmlParser: limit: feature-bitrate-modes = CQ
10-04 11:07:24.444  1784  1784 D MediaCodecsXmlParser: parsing /vendor/etc/media_codecs_google_telephony.xml...
10-04 11:07:24.444  1784  1784 I MediaCodecsXmlParser: limit: max-channel-count = 1
10-04 11:07:24.444  1784  1784 I MediaCodecsXmlParser: limit: sample-rate-ranges = 8000
10-04 11:07:24.444  1784  1784 I MediaCodecsXmlParser: limit: bitrate-range = 13000
10-04 11:07:24.445  1784  1784 D MediaCodecsXmlParser: parsing /vendor/etc/media_codecs_google_video.xml...
10-04 11:07:24.445  1784  1784 I MediaCodecsXmlParser: limit: size-range = 2x2-352x288
10-04 11:07:24.445  1784  1784 I MediaCodecsXmlParser: limit: alignment = 2x2
10-04 11:07:24.445  1784  1784 I MediaCodecsXmlParser: limit: block-size = 16x16
10-04 11:07:24.445  1784  1784 I MediaCodecsXmlParser: limit: blocks-per-second-range = 12-11880
10-04 11:07:24.445  1784  1784 I MediaCodecsXmlParser: limit: bitrate-range = 1-384000
10-04 11:07:24.446  1784  1784 I MediaCodecsXmlParser: limit: performance-point-1920x1080-range = 30-30
10-04 11:07:24.446  1784  1784 I MediaCodecsXmlParser: limit: feature-adaptive-playback = 0
10-04 11:07:24.446  1784  1784 I MediaCodecsXmlParser: limit: size-range = 2x2-352x288
10-04 11:07:24.446  1784  1784 I MediaCodecsXmlParser: limit: alignment = 2x2
10-04 11:07:24.446  1784  1784 I MediaCodecsXmlParser: limit: bitrate-range = 1-384000
10-04 11:07:24.446  1784  1784 I MediaCodecsXmlParser: limit: performance-point-1920x1080-range = 30-30
10-04 11:07:24.446  1784  1784 I MediaCodecsXmlParser: limit: feature-adaptive-playback = 0
10-04 11:07:24.446  1784  1784 I MediaCodecsXmlParser: limit: size-range = 96x96-3840x2160
10-04 11:07:24.446  1784  1784 I MediaCodecsXmlParser: limit: alignment = 2x2
10-04 11:07:24.446  1784  1784 I MediaCodecsXmlParser: limit: block-size = 16x16
10-04 11:07:24.446  1784  1784 I MediaCodecsXmlParser: limit: blocks-per-second-range = 24-2073600
10-04 11:07:24.446  1784  1784 I MediaCodecsXmlParser: limit: bitrate-range = 1-120000000
10-04 11:07:24.446  1784  1784 I MediaCodecsXmlParser: limit: frame-rate-range = 1-480
10-04 11:07:24.446  1784  1784 I MediaCodecsXmlParser: limit: performance-point-3840x2160-range = 60-60
10-04 11:07:24.446  1784  1784 I MediaCodecsXmlParser: limit: measured-frame-rate-320x240-range = 257-266
10-04 11:07:24.447  1784  1784 I MediaCodecsXmlParser: limit: measured-frame-rate-720x480-range = 262-264
10-04 11:07:24.447  1784  1784 I MediaCodecsXmlParser: limit: measured-frame-rate-1280x720-range = 227-251
10-04 11:07:24.447  1784  1784 I MediaCodecsXmlParser: limit: measured-frame-rate-1920x1080-range = 235-247
10-04 11:07:24.447  1784  1784 I MediaCodecsXmlParser: limit: measured-frame-rate-3840x2160-range = 235-247
10-04 11:07:24.447  1784  1784 I MediaCodecsXmlParser: limit: feature-adaptive-playback = 0
10-04 11:07:24.447  1784  1784 I MediaCodecsXmlParser: limit: size-range = 2x2-2560x2560
10-04 11:07:24.447  1784  1784 I MediaCodecsXmlParser: limit: alignment = 2x2
10-04 11:07:24.447  1784  1784 I MediaCodecsXmlParser: limit: block-size = 16x16
10-04 11:07:24.447  1784  1784 I MediaCodecsXmlParser: limit: blocks-per-second-range = 24-2073600
10-04 11:07:24.447  1784  1784 I MediaCodecsXmlParser: limit: bitrate-range = 1-120000000
10-04 11:07:24.447  1784  1784 I MediaCodecsXmlParser: limit: frame-rate-range = 1-480
10-04 11:07:24.447  1784  1784 I MediaCodecsXmlParser: limit: performance-point-1920x1088-range = 30-30
10-04 11:07:24.448  1784  1784 I MediaCodecsXmlParser: limit: measured-frame-rate-320x240-range = 183-183
10-04 11:07:24.448  1784  1784 I MediaCodecsXmlParser: limit: measured-frame-rate-720x480-range = 181-181
10-04 11:07:24.448  1784  1784 I MediaCodecsXmlParser: limit: measured-frame-rate-1280x720-range = 182-184
10-04 11:07:24.448  1784  1784 I MediaCodecsXmlParser: limit: measured-frame-rate-1920x1080-range = 30-40
10-04 11:07:24.448  1784  1784 I MediaCodecsXmlParser: limit: feature-adaptive-playback = 0
10-04 11:07:24.448  1784  1784 I MediaCodecsXmlParser: limit: size-range = 2x2-2048x2048
10-04 11:07:24.448  1784  1784 I MediaCodecsXmlParser: limit: alignment = 2x2
10-04 11:07:24.448  1784  1784 I MediaCodecsXmlParser: limit: block-size = 8x8
10-04 11:07:24.448  1784  1784 I MediaCodecsXmlParser: limit: block-count-range = 1-139264
10-04 11:07:24.448  1784  1784 I MediaCodecsXmlParser: limit: blocks-per-second-range = 1-2000000
10-04 11:07:24.452  1781  1871 I ServiceManager: Waiting for service 'package_native' on '/dev/binder'...
10-04 11:07:24.448  1784  1784 I MediaCodecsXmlParser: limit: bitrate-range = 1-10000000
10-04 11:07:24.473  1784  1784 I MediaCodecsXmlParser: limit: performance-point-1920x1080-range = 30-30
10-04 11:07:24.473  1784  1784 I MediaCodecsXmlParser: limit: feature-adaptive-playback = 0
10-04 11:07:24.474  1784  1784 I MediaCodecsXmlParser: limit: size-range = 144x144-3840x2160
10-04 11:07:24.474  1784  1784 I MediaCodecsXmlParser: limit: alignment = 2x2
10-04 11:07:24.474  1784  1784 I MediaCodecsXmlParser: limit: block-size = 16x16
10-04 11:07:24.474  1784  1784 I MediaCodecsXmlParser: limit: blocks-per-second-range = 24-2073600
10-04 11:07:24.474  1784  1784 I MediaCodecsXmlParser: limit: bitrate-range = 1-120000000
10-04 11:07:24.474  1784  1784 I MediaCodecsXmlParser: limit: frame-rate-range = 1-480
10-04 11:07:24.474  1784  1784 I MediaCodecsXmlParser: limit: performance-point-3840x2160-range = 60-60
10-04 11:07:24.474  1784  1784 I MediaCodecsXmlParser: limit: measured-frame-rate-320x180-range = 743-817
10-04 11:07:24.474  1784  1784 I MediaCodecsXmlParser: limit: measured-frame-rate-640x360-range = 582-602
10-04 11:07:24.474  1784  1784 I MediaCodecsXmlParser: limit: measured-frame-rate-1280x720-range = 237-258
10-04 11:07:24.474  1784  1784 I MediaCodecsXmlParser: limit: measured-frame-rate-1920x1080-range = 148-151
10-04 11:07:24.474  1784  1784 I MediaCodecsXmlParser: limit: measured-frame-rate-3840x2160-range = 30-90
10-04 11:07:24.474  1784  1784 I MediaCodecsXmlParser: limit: feature-adaptive-playback = 0
10-04 11:07:24.475  1784  1784 I MediaCodecsXmlParser: limit: size-range = 144x144-3840x2160
10-04 11:07:24.475  1784  1784 I MediaCodecsXmlParser: limit: alignment = 2x2
10-04 11:07:24.475  1784  1784 I MediaCodecsXmlParser: limit: block-size = 16x16
10-04 11:07:24.475  1784  1784 I MediaCodecsXmlParser: limit: blocks-per-second-range = 24-2073600
10-04 11:07:24.475  1784  1784 I MediaCodecsXmlParser: limit: bitrate-range = 1-120000000
10-04 11:07:24.475  1784  1784 I MediaCodecsXmlParser: limit: frame-rate-range = 1-480
10-04 11:07:24.475  1784  1784 I MediaCodecsXmlParser: limit: performance-point-3840x2160-range = 60-60
10-04 11:07:24.475  1784  1784 I MediaCodecsXmlParser: limit: measured-frame-rate-320x180-range = 743-817
10-04 11:07:24.475  1784  1784 I MediaCodecsXmlParser: limit: measured-frame-rate-640x360-range = 582-602
10-04 11:07:24.475  1784  1784 I MediaCodecsXmlParser: limit: measured-frame-rate-1280x720-range = 237-258
10-04 11:07:24.475  1784  1784 I MediaCodecsXmlParser: limit: measured-frame-rate-1920x1080-range = 50-60
10-04 11:07:24.475  1784  1784 I MediaCodecsXmlParser: limit: measured-frame-rate-3840x2160-range = 30-90
10-04 11:07:24.475  1784  1784 I MediaCodecsXmlParser: limit: feature-adaptive-playback = 0
10-04 11:07:24.476  1784  1784 I MediaCodecsXmlParser: limit: size-range = 2x2-2560x2560
10-04 11:07:24.476  1784  1784 I MediaCodecsXmlParser: limit: alignment = 2x2
10-04 11:07:24.476  1784  1784 I MediaCodecsXmlParser: limit: block-size = 16x16
10-04 11:07:24.476  1784  1784 I MediaCodecsXmlParser: limit: blocks-per-second-range = 24-2073600
10-04 11:07:24.476  1784  1784 I MediaCodecsXmlParser: limit: bitrate-range = 1-120000000
10-04 11:07:24.476  1784  1784 I MediaCodecsXmlParser: limit: frame-rate-range = 1-480
10-04 11:07:24.476  1784  1784 I MediaCodecsXmlParser: limit: performance-point-1920x1088-range = 60-60
10-04 11:07:24.476  1784  1784 I MediaCodecsXmlParser: limit: measured-frame-rate-320x240-range = 183-183
10-04 11:07:24.476  1784  1784 I MediaCodecsXmlParser: limit: measured-frame-rate-720x480-range = 181-181
10-04 11:07:24.476  1784  1784 I MediaCodecsXmlParser: limit: measured-frame-rate-1280x720-range = 182-184
10-04 11:07:24.476  1784  1784 I MediaCodecsXmlParser: limit: measured-frame-rate-1920x1088-range = 50-60
10-04 11:07:24.476  1784  1784 I MediaCodecsXmlParser: limit: measured-frame-rate-2560x1440-range = 30-40
10-04 11:07:24.476  1784  1784 I MediaCodecsXmlParser: limit: feature-adaptive-playback = 0
10-04 11:07:24.476  1784  1784 I MediaCodecsXmlParser: limit: size-range = 2x2-2560x2560
10-04 11:07:24.476  1784  1784 I MediaCodecsXmlParser: limit: alignment = 2x2
10-04 11:07:24.476  1784  1784 I MediaCodecsXmlParser: limit: block-size = 16x16
10-04 11:07:24.477  1784  1784 I MediaCodecsXmlParser: limit: blocks-per-second-range = 24-2073600
10-04 11:07:24.477  1784  1784 I MediaCodecsXmlParser: limit: bitrate-range = 1-120000000
10-04 11:07:24.477  1784  1784 I MediaCodecsXmlParser: limit: frame-rate-range = 1-480
10-04 11:07:24.477  1784  1784 I MediaCodecsXmlParser: limit: performance-point-1920x1088-range = 60-60
10-04 11:07:24.477  1784  1784 I MediaCodecsXmlParser: limit: measured-frame-rate-320x240-range = 183-183
10-04 11:07:24.477  1784  1784 I MediaCodecsXmlParser: limit: measured-frame-rate-720x480-range = 181-181
10-04 11:07:24.477  1784  1784 I MediaCodecsXmlParser: limit: measured-frame-rate-1280x720-range = 121-125
10-04 11:07:24.477  1784  1784 I MediaCodecsXmlParser: limit: measured-frame-rate-1920x1088-range = 148-151
10-04 11:07:24.477  1784  1784 I MediaCodecsXmlParser: limit: measured-frame-rate-2560x1440-range = 30-40
10-04 11:07:24.477  1784  1784 I MediaCodecsXmlParser: limit: feature-adaptive-playback = 0
10-04 11:07:24.477  1784  1784 I MediaCodecsXmlParser: limit: size-range = 176x144-176x144
10-04 11:07:24.477  1784  1784 I MediaCodecsXmlParser: limit: alignment = 16x16
10-04 11:07:24.477  1784  1784 I MediaCodecsXmlParser: limit: bitrate-range = 1-128000
10-04 11:07:24.478  1784  1784 I MediaCodecsXmlParser: limit: size-range = 16x16-1920x1088
10-04 11:07:24.478  1784  1784 I MediaCodecsXmlParser: limit: alignment = 2x2
10-04 11:07:24.478  1784  1784 I MediaCodecsXmlParser: limit: block-size = 16x16
10-04 11:07:24.478  1784  1784 I MediaCodecsXmlParser: limit: blocks-per-second-range = 1-244800
10-04 11:07:24.478  1784  1784 I MediaCodecsXmlParser: limit: bitrate-range = 1-20000000
10-04 11:07:24.478  1784  1784 I MediaCodecsXmlParser: limit: feature-intra-refresh = 0
10-04 11:07:24.478  1784  1784 I MediaCodecsXmlParser: limit: size-range = 16x16-176x144
10-04 11:07:24.478  1784  1784 I MediaCodecsXmlParser: limit: alignment = 16x16
10-04 11:07:24.478  1784  1784 I MediaCodecsXmlParser: limit: block-size = 16x16
10-04 11:07:24.478  1784  1784 I MediaCodecsXmlParser: limit: blocks-per-second-range = 12-1485
10-04 11:07:24.478  1784  1784 I MediaCodecsXmlParser: limit: bitrate-range = 1-64000
10-04 11:07:24.507  1784  1784 I MediaCodecsXmlParser: limit: size-range = 2x2-2048x2048
10-04 11:07:24.507  1784  1784 I MediaCodecsXmlParser: limit: alignment = 2x2
10-04 11:07:24.507  1784  1784 I MediaCodecsXmlParser: limit: bitrate-range = 1-40000000
10-04 11:07:24.507  1784  1784 I MediaCodecsXmlParser: limit: feature-bitrate-modes = VBR,CBR
10-04 11:07:24.508  1784  1784 D MediaCodecsXmlParser: parsing /vendor/etc/media_codecs_performance.xml...
10-04 11:07:24.511  1784  1784 I MediaCodecsXmlParser: limit: measured-frame-rate-176x144-range = 849-1008
10-04 11:07:24.512  1784  1784 I MediaCodecsXmlParser: limit: measured-frame-rate-320x240-range = 496-629
10-04 11:07:24.512  1784  1784 I MediaCodecsXmlParser: limit: measured-frame-rate-720x480-range = 197-203
10-04 11:07:24.517  1784  1784 I MediaCodecsXmlParser: limit: measured-frame-rate-1280x720-range = 93-97
10-04 11:07:24.517  1784  1784 I MediaCodecsXmlParser: limit: measured-frame-rate-1920x1080-range = 45-47
10-04 11:07:24.517  1784  1784 I MediaCodecsXmlParser: limit: measured-frame-rate-176x144-range = 881-1142
10-04 11:07:24.517  1784  1784 I MediaCodecsXmlParser: limit: measured-frame-rate-320x180-range = 249-285
10-04 11:07:24.517  1784  1784 I MediaCodecsXmlParser: limit: measured-frame-rate-640x360-range = 104-115
10-04 11:07:24.518  1784  1784 I MediaCodecsXmlParser: limit: measured-frame-rate-1280x720-range = 34-35
10-04 11:07:24.518  1784  1784 I MediaCodecsXmlParser: limit: measured-frame-rate-1920x1080-range = 26-29
10-04 11:07:24.518  1784  1784 I MediaCodecsXmlParser: limit: measured-frame-rate-176x144-range = 1246-1390
10-04 11:07:24.518  1784  1784 I MediaCodecsXmlParser: limit: measured-frame-rate-352x288-range = 1121-1128
10-04 11:07:24.518  1784  1784 I MediaCodecsXmlParser: limit: measured-frame-rate-320x240-range = 299-629
10-04 11:07:24.518  1784  1784 I MediaCodecsXmlParser: limit: measured-frame-rate-720x480-range = 215-250
10-04 11:07:24.518  1784  1784 I MediaCodecsXmlParser: limit: measured-frame-rate-1280x720-range = 75-85
10-04 11:07:24.518  1784  1784 I MediaCodecsXmlParser: limit: measured-frame-rate-1920x1080-range = 31-34
10-04 11:07:24.518  1784  1784 I MediaCodecsXmlParser: limit: measured-frame-rate-352x288-range = 754-817
10-04 11:07:24.521  1784  1784 I MediaCodecsXmlParser: limit: measured-frame-rate-640x360-range = 323-394
10-04 11:07:24.521  1784  1784 I MediaCodecsXmlParser: limit: measured-frame-rate-720x480-range = 349-372
10-04 11:07:24.521  1784  1784 I MediaCodecsXmlParser: limit: measured-frame-rate-1280x720-range = 144-157
10-04 11:07:24.521  1784  1784 I MediaCodecsXmlParser: limit: measured-frame-rate-1920x1080-range = 74-85
10-04 11:07:24.521  1784  1784 I MediaCodecsXmlParser: limit: measured-frame-rate-176x144-range = 1439-1625
10-04 11:07:24.522  1784  1784 I MediaCodecsXmlParser: limit: measured-frame-rate-320x180-range = 1129-1261
10-04 11:07:24.522  1784  1784 I MediaCodecsXmlParser: limit: measured-frame-rate-640x360-range = 471-525
10-04 11:07:24.522  1784  1784 I MediaCodecsXmlParser: limit: measured-frame-rate-1280x720-range = 126-145
10-04 11:07:24.522  1784  1784 I MediaCodecsXmlParser: limit: measured-frame-rate-1920x1080-range = 48-51
10-04 11:07:24.522  1784  1784 I MediaCodecsXmlParser: limit: measured-frame-rate-2160x2160-range = 31-34
10-04 11:07:24.522  1784  1784 I MediaCodecsXmlParser: limit: measured-frame-rate-320x180-range = 968-1101
10-04 11:07:24.522  1784  1784 I MediaCodecsXmlParser: limit: measured-frame-rate-640x360-range = 291-338
10-04 11:07:24.522  1784  1784 I MediaCodecsXmlParser: limit: measured-frame-rate-1280x720-range = 280-400
10-04 11:07:24.522  1784  1784 I MediaCodecsXmlParser: limit: measured-frame-rate-1920x1080-range = 178-240
10-04 11:07:24.522  1784  1784 I MediaCodecsXmlParser: limit: measured-frame-rate-2560x1440-range = 31-34
10-04 11:07:24.539  1784  1784 D MediaCodecsXmlParser: Cannot find /data/misc/media/media_codecs_profiling_results.xml
10-04 11:07:24.553  1781  1871 I ServiceManager: Waiting for service 'package_native' on '/dev/binder'...
10-04 11:07:24.544  1784  1784 I OmxStore: node [OMX.android.goldfish.h264.decoder] not found in IOmx
10-04 11:07:24.571  1784  1784 I OmxStore: node [OMX.android.goldfish.vp8.decoder] not found in IOmx
10-04 11:07:24.572  1784  1784 I OmxStore: node [OMX.android.goldfish.vp9.decoder] not found in IOmx
10-04 11:07:24.656  1784  1784 I ServiceManagement: Registered android.hardware.media.omx@1.0::IOmxStore/default (start delay of 13418ms)
10-04 11:07:24.657  1784  1784 I ServiceManagement: Removing namespace from process name android.hardware.media.omx@1.0-service to omx@1.0-service.
10-04 11:07:24.660  1781  1871 I ServiceManager: Waiting for service 'package_native' on '/dev/binder'...
10-04 11:07:25.071  1781  1871 I chatty  : uid=0(root) /system/bin/storaged identical 4 lines
10-04 11:07:25.173  1781  1871 I ServiceManager: Waiting for service 'package_native' on '/dev/binder'...
10-04 11:07:25.235  1687  1687 I AndroidRuntime: Using default boot image
10-04 11:07:25.236  1687  1687 I AndroidRuntime: Leaving lock profiling enabled
10-04 11:07:25.276  1781  1871 I ServiceManager: Waiting for service 'package_native' on '/dev/binder'...
10-04 11:07:25.379  1781  1871 I chatty  : uid=0(root) /system/bin/storaged identical 1 line
10-04 11:07:25.482  1781  1871 I ServiceManager: Waiting for service 'package_native' on '/dev/binder'...
10-04 11:07:25.575  1688  1688 D AndroidRuntime: >>>>>> START com.android.internal.os.ZygoteInit uid 0 <<<<<<
10-04 11:07:25.589  1781  1871 I ServiceManager: Waiting for service 'package_native' on '/dev/binder'...
10-04 11:07:25.690  1781  1871 I ServiceManager: Waiting for service 'package_native' on '/dev/binder'...
10-04 11:07:25.712  1687  1687 I zygote64: option[0]=-Xzygote
10-04 11:07:25.712  1687  1687 I zygote64: option[1]=exit
10-04 11:07:25.712  1687  1687 I zygote64: option[2]=vfprintf
10-04 11:07:25.713  1687  1687 I zygote64: option[3]=sensitiveThread
10-04 11:07:25.713  1687  1687 I zygote64: option[4]=-verbose:gc
10-04 11:07:25.713  1687  1687 I zygote64: option[5]=-Xms4m
10-04 11:07:25.713  1687  1687 I zygote64: option[6]=-Xmx512m
10-04 11:07:25.713  1687  1687 I zygote64: option[7]=-Xusejit:true
10-04 11:07:25.713  1687  1687 I zygote64: option[8]=-Xjitsaveprofilinginfo
10-04 11:07:25.713  1687  1687 I zygote64: option[9]=-XjdwpOptions:suspend=n,server=y
10-04 11:07:25.713  1687  1687 I zygote64: option[10]=-XjdwpProvider:default
10-04 11:07:25.713  1687  1687 I zygote64: option[11]=-Xlockprofthreshold:500
10-04 11:07:25.713  1687  1687 I zygote64: option[12]=-Ximage-compiler-option
10-04 11:07:25.713  1687  1687 I zygote64: option[13]=--runtime-arg
10-04 11:07:25.713  1687  1687 I zygote64: option[14]=-Ximage-compiler-option
10-04 11:07:25.713  1687  1687 I zygote64: option[15]=-Xms64m
10-04 11:07:25.713  1687  1687 I zygote64: option[16]=-Ximage-compiler-option
10-04 11:07:25.714  1687  1687 I zygote64: option[17]=--runtime-arg
10-04 11:07:25.714  1687  1687 I zygote64: option[18]=-Ximage-compiler-option
10-04 11:07:25.714  1687  1687 I zygote64: option[19]=-Xmx64m
10-04 11:07:25.714  1687  1687 I zygote64: option[20]=-Ximage-compiler-option
10-04 11:07:25.714  1687  1687 I zygote64: option[21]=--profile-file=/system/etc/boot-image.prof
10-04 11:07:25.714  1687  1687 I zygote64: option[22]=-Ximage-compiler-option
10-04 11:07:25.714  1687  1687 I zygote64: option[23]=--compiler-filter=speed-profile
10-04 11:07:25.714  1687  1687 I zygote64: option[24]=-Xcompiler-option
10-04 11:07:25.714  1687  1687 I zygote64: option[25]=--runtime-arg
10-04 11:07:25.714  1687  1687 I zygote64: option[26]=-Xcompiler-option
10-04 11:07:25.714  1687  1687 I zygote64: option[27]=-Xms64m
10-04 11:07:25.714  1687  1687 I zygote64: option[28]=-Xcompiler-option
10-04 11:07:25.714  1687  1687 I zygote64: option[29]=--runtime-arg
10-04 11:07:25.714  1687  1687 I zygote64: option[30]=-Xcompiler-option
10-04 11:07:25.714  1687  1687 I zygote64: option[31]=-Xmx512m
10-04 11:07:25.714  1687  1687 I zygote64: option[32]=-Ximage-compiler-option
10-04 11:07:25.714  1687  1687 I zygote64: option[33]=--instruction-set-variant=x86_64
10-04 11:07:25.714  1687  1687 I zygote64: option[34]=-Xcompiler-option
10-04 11:07:25.714  1687  1687 I zygote64: option[35]=--instruction-set-variant=x86_64
10-04 11:07:25.714  1687  1687 I zygote64: option[36]=-Ximage-compiler-option
10-04 11:07:25.714  1687  1687 I zygote64: option[37]=--instruction-set-features=default
10-04 11:07:25.715  1687  1687 I zygote64: option[38]=-Xcompiler-option
10-04 11:07:25.715  1687  1687 I zygote64: option[39]=--instruction-set-features=default
10-04 11:07:25.715  1687  1687 I zygote64: option[40]=-Duser.locale=en-US
10-04 11:07:25.715  1687  1687 I zygote64: option[41]=--cpu-abilist=x86_64
10-04 11:07:25.715  1687  1687 I zygote64: option[42]=-Xcompiler-option
10-04 11:07:25.715  1687  1687 I zygote64: option[43]=--generate-mini-debug-info
10-04 11:07:25.715  1687  1687 I zygote64: option[44]=-Xcore-platform-api-policy:just-warn
10-04 11:07:25.715  1687  1687 I zygote64: option[45]=-Xfingerprint:Android/sdk_phone_x86_64/generic_x86_64:10/QSR1.210820.001/7663313:userdebug/test-keys
10-04 11:07:25.792  1781  1871 I ServiceManager: Waiting for service 'package_native' on '/dev/binder'...
10-04 11:07:26.200  1781  1871 I chatty  : uid=0(root) /system/bin/storaged identical 4 lines
10-04 11:07:26.304  1781  1871 I ServiceManager: Waiting for service 'package_native' on '/dev/binder'...
10-04 11:07:26.319  1687  1687 I zygote64: Core platform API reporting enabled, enforcing=false
10-04 11:07:26.352  1868  1868 I BootAnimation: boot animation disabled
10-04 11:07:26.430  1781  1871 I ServiceManager: Waiting for service 'package_native' on '/dev/binder'...
10-04 11:07:26.534  1781  1871 I ServiceManager: Waiting for service 'package_native' on '/dev/binder'...
10-04 11:07:26.585  1778  1778 I mediaserver: ServiceManager: 0xf3d06ca0
10-04 11:07:26.652  1781  1871 I ServiceManager: Waiting for service 'package_native' on '/dev/binder'...
10-04 11:07:26.757  1781  1871 I chatty  : uid=0(root) /system/bin/storaged identical 1 line
10-04 11:07:26.860  1781  1871 I ServiceManager: Waiting for service 'package_native' on '/dev/binder'...
10-04 11:07:26.904  1688  1688 I AndroidRuntime: Using default boot image
10-04 11:07:26.905  1688  1688 I AndroidRuntime: Leaving lock profiling enabled
10-04 11:07:26.962  1781  1871 W ServiceManager: Service package_native didn't start. Returning NULL
10-04 11:07:26.965  1778  1778 W BatteryNotifier: batterystats service unavailable!
10-04 11:07:26.982  1781  1871 E storaged: getService package_native failed
10-04 11:07:27.091  1688  1688 I zygote  : option[0]=-Xzygote
10-04 11:07:27.092  1688  1688 I zygote  : option[1]=exit
10-04 11:07:27.092  1688  1688 I zygote  : option[2]=vfprintf
10-04 11:07:27.092  1688  1688 I zygote  : option[3]=sensitiveThread
10-04 11:07:27.092  1688  1688 I zygote  : option[4]=-verbose:gc
10-04 11:07:27.092  1688  1688 I zygote  : option[5]=-Xms4m
10-04 11:07:27.092  1688  1688 I zygote  : option[6]=-Xmx512m
10-04 11:07:27.092  1688  1688 I zygote  : option[7]=-Xusejit:true
10-04 11:07:27.092  1688  1688 I zygote  : option[8]=-Xjitsaveprofilinginfo
10-04 11:07:27.092  1688  1688 I zygote  : option[9]=-XjdwpOptions:suspend=n,server=y
10-04 11:07:27.092  1688  1688 I zygote  : option[10]=-XjdwpProvider:default
10-04 11:07:27.092  1688  1688 I zygote  : option[11]=-Xlockprofthreshold:500
10-04 11:07:27.092  1688  1688 I zygote  : option[12]=-Ximage-compiler-option
10-04 11:07:27.093  1688  1688 I zygote  : option[13]=--runtime-arg
10-04 11:07:27.093  1688  1688 I zygote  : option[14]=-Ximage-compiler-option
10-04 11:07:27.093  1688  1688 I zygote  : option[15]=-Xms64m
10-04 11:07:27.093  1688  1688 I zygote  : option[16]=-Ximage-compiler-option
10-04 11:07:27.093  1688  1688 I zygote  : option[17]=--runtime-arg
10-04 11:07:27.093  1688  1688 I zygote  : option[18]=-Ximage-compiler-option
10-04 11:07:27.093  1688  1688 I zygote  : option[19]=-Xmx64m
10-04 11:07:27.093  1688  1688 I zygote  : option[20]=-Ximage-compiler-option
10-04 11:07:27.093  1688  1688 I zygote  : option[21]=--profile-file=/system/etc/boot-image.prof
10-04 11:07:27.093  1688  1688 I zygote  : option[22]=-Ximage-compiler-option
10-04 11:07:27.093  1688  1688 I zygote  : option[23]=--compiler-filter=speed-profile
10-04 11:07:27.093  1688  1688 I zygote  : option[24]=-Xcompiler-option
10-04 11:07:27.093  1688  1688 I zygote  : option[25]=--runtime-arg
10-04 11:07:27.093  1688  1688 I zygote  : option[26]=-Xcompiler-option
10-04 11:07:27.093  1688  1688 I zygote  : option[27]=-Xms64m
10-04 11:07:27.093  1688  1688 I zygote  : option[28]=-Xcompiler-option
10-04 11:07:27.093  1688  1688 I zygote  : option[29]=--runtime-arg
10-04 11:07:27.093  1688  1688 I zygote  : option[30]=-Xcompiler-option
10-04 11:07:27.093  1688  1688 I zygote  : option[31]=-Xmx512m
10-04 11:07:27.093  1688  1688 I zygote  : option[32]=-Ximage-compiler-option
10-04 11:07:27.093  1688  1688 I zygote  : option[33]=--instruction-set-variant=x86_64
10-04 11:07:27.093  1688  1688 I zygote  : option[34]=-Xcompiler-option
10-04 11:07:27.093  1688  1688 I zygote  : option[35]=--instruction-set-variant=x86_64
10-04 11:07:27.094  1688  1688 I zygote  : option[36]=-Ximage-compiler-option
10-04 11:07:27.094  1688  1688 I zygote  : option[37]=--instruction-set-features=default
10-04 11:07:27.094  1688  1688 I zygote  : option[38]=-Xcompiler-option
10-04 11:07:27.094  1688  1688 I zygote  : option[39]=--instruction-set-features=default
10-04 11:07:27.094  1688  1688 I zygote  : option[40]=-Duser.locale=en-US
10-04 11:07:27.094  1688  1688 I zygote  : option[41]=--cpu-abilist=x86
10-04 11:07:27.094  1688  1688 I zygote  : option[42]=-Xcompiler-option
10-04 11:07:27.094  1688  1688 I zygote  : option[43]=--generate-mini-debug-info
10-04 11:07:27.094  1688  1688 I zygote  : option[44]=-Xcore-platform-api-policy:just-warn
10-04 11:07:27.094  1688  1688 I zygote  : option[45]=-Xfingerprint:Android/sdk_phone_x86_64/generic_x86_64:10/QSR1.210820.001/7663313:userdebug/test-keys
10-04 11:07:27.170  1788  1788 I /apex/com.android.media.swcodec/bin/mediaswcodec: media swcodec service starting
10-04 11:07:27.274  1788  1788 W /apex/com.android.media.swcodec/bin/mediaswcodec: Could not read additional policy file '/vendor/etc/seccomp_policy/mediaswcodec.policy'
10-04 11:07:27.278  1788  1788 W /apex/com.android.media.swcodec/bin/mediaswcodec: libminijail[1788]: failed to get path of fd 4: No such file or directory
10-04 11:07:27.279  1788  1788 W /apex/com.android.media.swcodec/bin/mediaswcodec: libminijail[1788]: allowing syscall: socket
10-04 11:07:27.279  1788  1788 W /apex/com.android.media.swcodec/bin/mediaswcodec: libminijail[1788]: allowing syscall: connect
10-04 11:07:27.279  1788  1788 W /apex/com.android.media.swcodec/bin/mediaswcodec: libminijail[1788]: allowing syscall: fcntl
10-04 11:07:27.280  1788  1788 W /apex/com.android.media.swcodec/bin/mediaswcodec: libminijail[1788]: allowing syscall: writev
10-04 11:07:27.281  1788  1788 W /apex/com.android.media.swcodec/bin/mediaswcodec: libminijail[1788]: compile_file: <fd>(20): nonexistent syscall 'getuid32'
10-04 11:07:27.281  1788  1788 W /apex/com.android.media.swcodec/bin/mediaswcodec: libminijail[1788]: compile_file: <fd>(26): nonexistent syscall 'mmap2'
10-04 11:07:27.281  1788  1788 W /apex/com.android.media.swcodec/bin/mediaswcodec: libminijail[1788]: compile_file: <fd>(28): nonexistent syscall 'fstat64'
10-04 11:07:27.281  1788  1788 W /apex/com.android.media.swcodec/bin/mediaswcodec: libminijail[1788]: compile_file: <fd>(30): nonexistent syscall 'stat64'
10-04 11:07:27.281  1788  1788 W /apex/com.android.media.swcodec/bin/mediaswcodec: libminijail[1788]: compile_file: <fd>(31): nonexistent syscall 'statfs64'
10-04 11:07:27.282  1788  1788 W /apex/com.android.media.swcodec/bin/mediaswcodec: libminijail[1788]: compile_file: <fd>(33): nonexistent syscall 'fstatat64'
10-04 11:07:27.282  1788  1788 W /apex/com.android.media.swcodec/bin/mediaswcodec: libminijail[1788]: compile_file: <fd>(38): nonexistent syscall '_llseek'
10-04 11:07:27.282  1788  1788 W /apex/com.android.media.swcodec/bin/mediaswcodec: libminijail[1788]: compile_file: <fd>(47): nonexistent syscall 'ugetrlimit'
10-04 11:07:27.282  1788  1788 W /apex/com.android.media.swcodec/bin/mediaswcodec: libminijail[1788]: compile_file: <fd>(50): nonexistent syscall '_llseek'
10-04 11:07:27.282  1788  1788 W /apex/com.android.media.swcodec/bin/mediaswcodec: libminijail[1788]: compile_file: <fd>(51): nonexistent syscall 'fstatfs64'
10-04 11:07:27.283  1788  1788 W /apex/com.android.media.swcodec/bin/mediaswcodec: libminijail[1788]: compile_file: <fd>(63): nonexistent syscall 'ftruncate64'
10-04 11:07:27.283  1788  1788 W /apex/com.android.media.swcodec/bin/mediaswcodec: libminijail[1788]: compile_file: /system/etc/seccomp_policy/crash_dump.x86.policy(5): nonexistent syscall 'sigreturn'
10-04 11:07:27.327  1788  1788 W /apex/com.android.media.swcodec/bin/mediaswcodec: libminijail[1788]: compile_file: /system/etc/seccomp_policy/crash_dump.x86.policy(31): nonexistent syscall 'getuid32'
10-04 11:07:27.327  1788  1788 W /apex/com.android.media.swcodec/bin/mediaswcodec: libminijail[1788]: compile_file: /system/etc/seccomp_policy/crash_dump.x86.policy(32): nonexistent syscall 'fstat64'
10-04 11:07:27.327  1788  1788 W /apex/com.android.media.swcodec/bin/mediaswcodec: libminijail[1788]: compile_file: /system/etc/seccomp_policy/crash_dump.x86.policy(33): nonexistent syscall 'mmap2'
10-04 11:07:27.328  1788  1788 W /apex/com.android.media.swcodec/bin/mediaswcodec: libminijail[1788]: compile_file: /system/etc/seccomp_policy/crash_dump.x86.policy(34): nonexistent syscall 'geteuid32'
10-04 11:07:27.328  1788  1788 W /apex/com.android.media.swcodec/bin/mediaswcodec: libminijail[1788]: compile_file: /system/etc/seccomp_policy/crash_dump.x86.policy(35): nonexistent syscall 'getgid32'
10-04 11:07:27.337  1788  1788 W /apex/com.android.media.swcodec/bin/mediaswcodec: libminijail[1788]: compile_file: /system/etc/seccomp_policy/crash_dump.x86.policy(36): nonexistent syscall 'getegid32'
10-04 11:07:27.338  1788  1788 W /apex/com.android.media.swcodec/bin/mediaswcodec: libminijail[1788]: compile_file: /system/etc/seccomp_policy/crash_dump.x86.policy(37): nonexistent syscall 'getgroups32'
10-04 11:07:27.349  1788  1788 W /apex/com.android.media.swcodec/bin/mediaswcodec: libminijail[1788]: logging seccomp filter failures
10-04 11:07:27.353  1788  1788 I CodecServiceRegistrant: Creating software Codec2 service...
10-04 11:07:27.392  1781  1871 I storaged: storaged: Start
10-04 11:07:27.429  1688  1688 I zygote  : Core platform API reporting enabled, enforcing=false
10-04 11:07:27.457  1788  1788 I ServiceManagement: Registered android.hardware.media.c2@1.0::IComponentStore/software (start delay of 15718ms)
10-04 11:07:27.465  1788  1788 I CodecServiceRegistrant: Software Codec2 service created.
10-04 11:07:27.563  1781  1871 I ServiceManager: Waiting for service 'package_native' on '/dev/binder'...
10-04 11:07:27.766  1781  1871 I chatty  : uid=0(root) /system/bin/storaged identical 2 lines
10-04 11:07:27.868  1781  1871 I ServiceManager: Waiting for service 'package_native' on '/dev/binder'...
10-04 11:07:27.907  1774  1774 E MediaExtractorFactory: couldn't opendir(/system/lib64/extractors)
10-04 11:07:27.969  1781  1871 I ServiceManager: Waiting for service 'package_native' on '/dev/binder'...
10-04 11:07:28.072  1781  1871 I ServiceManager: Waiting for service 'package_native' on '/dev/binder'...
10-04 11:07:28.105  1729  1729 I FastMixerState: sMaxFastTracks = 8
10-04 11:07:28.173  1781  1871 I ServiceManager: Waiting for service 'package_native' on '/dev/binder'...
10-04 11:07:28.191  1729  1729 V MediaUtils: physMem: 2089689088
10-04 11:07:28.191  1729  1729 V MediaUtils: requested limit: 417937800
10-04 11:07:28.192  1729  1729 I libc    : malloc_limit: Allocation limit enabled, max size 417937800 bytes
10-04 11:07:28.212  1729  1729 I audioserver: ServiceManager: 0x7a71bde07dc0
10-04 11:07:28.219  1729  1729 W BatteryNotifier: batterystats service unavailable!
10-04 11:07:28.233  1569  1569 I hwservicemanager: getTransport: Cannot find entry android.hardware.audio@5.0::IDevicesFactory/default in either framework or device manifest.
10-04 11:07:28.266  1569  1569 I hwservicemanager: getTransport: Cannot find entry android.hardware.audio@4.0::IDevicesFactory/msd in either framework or device manifest.
10-04 11:07:28.272  1569  1569 I hwservicemanager: getTransport: Cannot find entry android.hardware.audio.effect@5.0::IEffectsFactory/default in either framework or device manifest.
10-04 11:07:28.274  1781  1871 I ServiceManager: Waiting for service 'package_native' on '/dev/binder'...
10-04 11:07:28.300  1729  1729 I AudioFlinger: Using default 3000 mSec as standby time.
10-04 11:07:28.376  1781  1871 I ServiceManager: Waiting for service 'package_native' on '/dev/binder'...
10-04 11:07:28.420  1729  1729 E APM::Serializer: deserialize: Could not parse /odm/etc/audio_policy_configuration.xml document.
10-04 11:07:28.479  1781  1871 I ServiceManager: Waiting for service 'package_native' on '/dev/binder'...
10-04 11:07:28.537  1729  1729 E APM::AudioPolicyEngine/Config: parse: Could not parse document /vendor/etc/audio_policy_engine_configuration.xml
10-04 11:07:28.537  1729  1729 W APM::AudioPolicyEngine/Base: loadAudioPolicyEngineConfig: No configuration found, using default matching phone experience.
10-04 11:07:28.537  1729  1729 E APM::AudioPolicyEngine/Config: parseLegacyVolumeFile: Could not parse document /odm/etc/audio_policy_configuration.xml
10-04 11:07:28.589  1781  1871 I ServiceManager: Waiting for service 'package_native' on '/dev/binder'...
10-04 11:07:28.690  1781  1871 I ServiceManager: Waiting for service 'package_native' on '/dev/binder'...
10-04 11:07:28.704  1696  1696 D audio_hw_generic: Emulator host-side ALSA audio emulation detected.
10-04 11:07:28.717  1696  1696 D audio_hw_generic: mixer 0 name Master Playback Volume
10-04 11:07:28.717  1696  1696 D audio_hw_generic: set ctl 0 to 100
10-04 11:07:28.730  1696  1696 D audio_hw_generic: set ctl 1 to 100
10-04 11:07:28.731  1696  1696 D audio_hw_generic: mixer 1 name Master Playback Switch
10-04 11:07:28.731  1696  1696 D audio_hw_generic: set ctl 0 to 1
10-04 11:07:28.731  1696  1696 D audio_hw_generic: set ctl 1 to 1
10-04 11:07:28.731  1696  1696 D audio_hw_generic: mixer 2 name Capture Volume
10-04 11:07:28.731  1696  1696 D audio_hw_generic: set ctl 0 to 100
10-04 11:07:28.732  1696  1696 D audio_hw_generic: set ctl 1 to 100
10-04 11:07:28.732  1696  1696 D audio_hw_generic: mixer 3 name Capture Switch
10-04 11:07:28.732  1696  1696 D audio_hw_generic: set ctl 0 to 1
10-04 11:07:28.732  1696  1696 D audio_hw_generic: set ctl 1 to 1
10-04 11:07:28.732  1696  1696 D audio_hw_generic: mixer 4 name Line Phantom Jack
10-04 11:07:28.732  1696  1696 D audio_hw_generic: mixer 5 name Line Out Phantom Jack
10-04 11:07:28.732  1696  1696 D audio_hw_generic: mixer 6 name Playback Channel Map
10-04 11:07:28.732  1696  1696 D audio_hw_generic: mixer 7 name Capture Channel Map
10-04 11:07:28.740  1696  1880 W DeviceHAL: Error from HAL Device in function get_master_volume: Function not implemented
10-04 11:07:28.742  1696  1880 W DeviceHAL: Error from HAL Device in function get_master_mute: Function not implemented
10-04 11:07:28.743  1696  1880 W DeviceHAL: Error from HAL Device in function set_master_volume: Function not implemented
10-04 11:07:28.744  1696  1880 W DeviceHAL: Error from HAL Device in function set_master_mute: Function not implemented
10-04 11:07:28.745  1729  1729 I AudioFlinger: loadHwModule() Loaded primary audio interface, handle 10
10-04 11:07:28.746  1729  1729 I AudioFlinger: openOutput() this 0x7a71bde12600, module 10 Device 0x2, SamplingRate 44100, Format 0x000001, Channels 0x3, flags 0x2
10-04 11:07:28.791  1781  1871 I ServiceManager: Waiting for service 'package_native' on '/dev/binder'...
10-04 11:07:28.814  1729  1729 W AudioFlinger: HAL output buffer size is 661 frames but AudioMixer requires multiples of 16 frames
10-04 11:07:28.814  1729  1729 I AudioFlinger: HAL output buffer size 661 frames, normal sink buffer size 1056 frames
10-04 11:07:28.839  1569  1569 I hwservicemanager: getTransport: Cannot find entry android.hardware.audio.effect@5.0::IEffectsFactory/default in either framework or device manifest.
10-04 11:07:28.892  1781  1871 I ServiceManager: Waiting for service 'package_native' on '/dev/binder'...
10-04 11:07:28.989  1729  1729 I BufferProvider: found effect "Multichannel Downmix To Stereo" from The Android Open Source Project
10-04 11:07:28.995  1781  1871 I ServiceManager: Waiting for service 'package_native' on '/dev/binder'...
10-04 11:07:28.999  1729  1729 I AudioFlinger: Using module 10 as the primary audio interface
10-04 11:07:29.009  1729  1903 I AudioFlinger: AudioFlinger's thread 0x7a71bdeb0b80 tid=1903 ready to run
10-04 11:07:29.009  1729  1903 W AudioFlinger: no wake lock to update, system not ready yet
10-04 11:07:29.033  1729  1903 W AudioFlinger: no wake lock to update, system not ready yet
10-04 11:07:29.042  1729  1729 V APM_AudioPolicyManager: checkAndSetVolume cannot set volume group 3 volume with force use = 0 for comm
10-04 11:07:29.084  1729  1729 W AudioFlinger: moveEffects() bad srcOutput 0
10-04 11:07:29.084  1729  1729 V APM_AudioPolicyManager: selectOutputForMusicEffects selected output 13
10-04 11:07:29.086  1729  1729 V APM_AudioPolicyManager: setOutputDevices device {type:0x2,@:} delayMs 0
10-04 11:07:29.086  1729  1729 V APM_AudioPolicyManager: setOutputDevices() prevDevice {type:0x2,@:}
10-04 11:07:29.095  1729  1729 V APM_AudioPolicyManager: setOutputDevices changing device to {type:0x2,@:}
10-04 11:07:29.097  1781  1871 I ServiceManager: Waiting for service 'package_native' on '/dev/binder'...
10-04 11:07:29.110  1729  1729 V APM_AudioPolicyManager: setOutputDevices() AF::createAudioPatch returned 0 patchHandle 12 num_sources 1 num_sinks 1
10-04 11:07:29.131  1729  1729 V APM_AudioPolicyManager: checkAndSetVolume cannot set volume group 3 volume with force use = 0 for comm
10-04 11:07:29.200  1781  1871 I ServiceManager: Waiting for service 'package_native' on '/dev/binder'...
10-04 11:07:29.282  1729  1906 I AudioFlinger: AudioFlinger's thread 0x7a71bdf8de40 tid=1906 ready to run
10-04 11:07:29.286  1729  1906 W AudioFlinger: no wake lock to update, system not ready yet
10-04 11:07:29.300  1729  1906 W AudioFlinger: no wake lock to update, system not ready yet
10-04 11:07:29.302  1781  1871 I ServiceManager: Waiting for service 'package_native' on '/dev/binder'...
10-04 11:07:29.321  1696  1904 I r_submix: adev_open(name=audio_hw_if)
10-04 11:07:29.326  1696  1696 I r_submix: adev_init_check()
10-04 11:07:29.326  1696  1696 W DeviceHAL: Error from HAL Device in function set_master_volume: Function not implemented
10-04 11:07:29.327  1696  1696 W DeviceHAL: Error from HAL Device in function set_master_mute: Function not implemented
10-04 11:07:29.327  1729  1729 I AudioFlinger: loadHwModule() Loaded r_submix audio interface, handle 18
10-04 11:07:29.328  1696  1696 D r_submix: adev_open_input_stream(addr=0)
10-04 11:07:29.329  1696  1696 D r_submix: submix_audio_device_create_pipe_l(addr=0, idx=9)
10-04 11:07:29.329  1696  1696 D r_submix:   now using address 0 for route 9
10-04 11:07:29.370  1729  1908 I AudioFlinger: AudioFlinger's thread 0x7a71bdf8dbc0 tid=1908 ready to run
10-04 11:07:29.371  1696  1696 I r_submix: in_standby()
10-04 11:07:29.372  1729  1908 W AudioFlinger: no wake lock to update, system not ready yet
10-04 11:07:29.372  1696  1696 I r_submix: in_standby()
10-04 11:07:29.379  1729  1908 W AudioFlinger: no wake lock to update, system not ready yet
10-04 11:07:29.381  1696  1696 D r_submix: adev_close_input_stream()
10-04 11:07:29.382  1696  1696 D r_submix: submix_audio_device_release_pipe_l(idx=9) addr=0
10-04 11:07:29.382  1696  1696 D r_submix: submix_audio_device_destroy_pipe_l(): pipe destroyed
10-04 11:07:29.407  1781  1871 I ServiceManager: Waiting for service 'package_native' on '/dev/binder'...
10-04 11:07:29.415  1729  1729 I         : Waiting for activity service
10-04 11:07:29.508  1781  1871 I ServiceManager: Waiting for service 'package_native' on '/dev/binder'...
10-04 11:07:30.703  1781  1871 I chatty  : uid=0(root) /system/bin/storaged identical 10 lines
10-04 11:07:30.804  1781  1871 I ServiceManager: Waiting for service 'package_native' on '/dev/binder'...
10-04 11:07:30.846  1688  1688 D ICU     : Time zone APEX file found: /apex/com.android.tzdata/etc/icu/icu_tzdata.dat
10-04 11:07:30.848  1687  1687 D ICU     : Time zone APEX file found: /apex/com.android.tzdata/etc/icu/icu_tzdata.dat
10-04 11:07:30.905  1781  1871 I ServiceManager: Waiting for service 'package_native' on '/dev/binder'...
10-04 11:07:31.211  1781  1871 I chatty  : uid=0(root) /system/bin/storaged identical 3 lines
10-04 11:07:31.312  1781  1871 I ServiceManager: Waiting for service 'package_native' on '/dev/binder'...
10-04 11:07:31.333  1687  1687 W zygote64: Unexpected CPU variant for X86 using defaults: x86_64
10-04 11:07:31.352  1688  1688 W zygote  : Unexpected CPU variant for X86 using defaults: x86_64
10-04 11:07:31.415  1781  1871 I ServiceManager: Waiting for service 'package_native' on '/dev/binder'...
10-04 11:07:31.923  1781  1871 I chatty  : uid=0(root) /system/bin/storaged identical 5 lines
10-04 11:07:32.041  1781  1871 I ServiceManager: Waiting for service 'package_native' on '/dev/binder'...
10-04 11:07:32.099  1688  1688 W zygote  : JNI RegisterNativeMethods: attempt to register 0 native methods for android.media.AudioAttributes
10-04 11:07:32.105  1687  1687 W zygote64: JNI RegisterNativeMethods: attempt to register 0 native methods for android.media.AudioAttributes
10-04 11:07:32.144  1781  1871 I ServiceManager: Waiting for service 'package_native' on '/dev/binder'...
10-04 11:07:32.248  1781  1871 I ServiceManager: Waiting for service 'package_native' on '/dev/binder'...
10-04 11:07:32.255  1687  1687 D Zygote  : begin preload
10-04 11:07:32.265  1687  1687 I Zygote  : Calling ZygoteHooks.beginPreload()
10-04 11:07:32.354  1781  1871 I ServiceManager: Waiting for service 'package_native' on '/dev/binder'...
10-04 11:07:32.360  1688  1688 I zygote  : Explicit concurrent copying GC freed 288(40KB) AllocSpace objects, 0(0B) LOS objects, 98% free, 24KB/1560KB, paused 1.130ms total 62.005ms
10-04 11:07:32.388  1688  1688 I zygote  : Explicit concurrent copying GC freed 5(32KB) AllocSpace objects, 0(0B) LOS objects, 98% free, 24KB/1560KB, paused 80us total 7.334ms
10-04 11:07:32.409  1688  1688 D Zygote32Timing: PostZygoteInitGC took to complete: 135ms
10-04 11:07:32.409  1688  1688 D Zygote32Timing: ZygoteInit took to complete: 138ms
10-04 11:07:32.457  1781  1871 I ServiceManager: Waiting for service 'package_native' on '/dev/binder'...
10-04 11:07:32.534  1687  1687 D Zygote64Timing: BeginPreload took to complete: 278ms
10-04 11:07:32.535  1687  1687 I Zygote  : Preloading classes...
10-04 11:07:32.559  1687  1687 W Zygote  : Class not found for preloading: android.app.-$$Lambda$ActivityThread$ZXDWm3IBeFmLnFVblhB-IOZCr9o
10-04 11:07:32.561  1781  1871 I ServiceManager: Waiting for service 'package_native' on '/dev/binder'...
10-04 11:07:32.564  1688  1688 I Zygote  : Accepting command socket connections
10-04 11:07:32.662  1781  1871 W ServiceManager: Service package_native didn't start. Returning NULL
10-04 11:07:32.662  1781  1871 E storaged: getService package_native failed
10-04 11:07:32.847  1687  1687 W Zygote  : Class not found for preloading: android.bluetooth.BluetoothA2dp$2
10-04 11:07:32.894  1687  1687 I PackageBackwardCompatibility: Could not find android.content.pm.AndroidTestBaseUpdater, ignoring
10-04 11:07:34.646  1687  1687 E ActivityRecognitionHardware: activity_recognition HAL is deprecated. class_init is effectively a no-op
10-04 11:07:34.947  1687  1687 I zygote64: Thread[1,tid=1687,Native,Thread*=0x768ebaae8000,peer=0x12c02208,"main"] recursive attempt to load library "libmedia_jni.so"
10-04 11:07:34.949  1687  1687 D MtpDeviceJNI: register_android_mtp_MtpDevice
10-04 11:07:34.950  1687  1687 I zygote64: Thread[1,tid=1687,Native,Thread*=0x768ebaae8000,peer=0x12c02208,"main"] recursive attempt to load library "libmedia_jni.so"
10-04 11:07:34.950  1687  1687 I zygote64: Thread[1,tid=1687,Native,Thread*=0x768ebaae8000,peer=0x12c02208,"main"] recursive attempt to load library "libmedia_jni.so"
10-04 11:07:35.006  1687  1687 W Zygote  : Class not found for preloading: android.media.audiopolicy.AudioProductStrategies
10-04 11:07:35.007  1687  1687 W Zygote  : Class not found for preloading: android.media.audiopolicy.AudioVolumeGroups
10-04 11:07:35.545  1687  1917 I zygote64: Background concurrent copying GC freed 32305(1971KB) AllocSpace objects, 13(340KB) LOS objects, 42% free, 2571KB/4500KB, paused 2.633ms total 218.547ms
10-04 11:07:35.594  1687  1687 W Zygote  : Class not found for preloading: android.view.textclassifier.-$$Lambda$TextClassificationManager$JIaezIJbMig_-kVzN6oArzkTsJE
10-04 11:07:35.638  1687  1687 W Zygote  : Class not found for preloading: com.android.internal.net.NetworkStatsFactory
10-04 11:07:35.670  1687  1687 W Zygote  : Class not found for preloading: com.android.internal.telephony.-$$Lambda$PhoneSubInfoController$8HFbCDJDN1mrLJG980qYH5MGqMk
10-04 11:07:35.672  1687  1687 W Zygote  : Class not found for preloading: com.android.internal.telephony.-$$Lambda$PhoneSubInfoController$U28a_EGx2cvmQhDfRRgonMt5Zrc
10-04 11:07:35.675  1687  1687 W Zygote  : Class not found for preloading: com.android.internal.telephony.-$$Lambda$SubscriptionInfoUpdater$-zZXM9oMRZ3vZz7dJOG19J00Bmw
10-04 11:07:35.675  1687  1687 W Zygote  : Class not found for preloading: com.android.internal.telephony.-$$Lambda$SubscriptionInfoUpdater$D5yF1HbS4cvCyoAj3FESkPtA_0g
10-04 11:07:35.675  1687  1687 W Zygote  : Class not found for preloading: com.android.internal.telephony.-$$Lambda$SubscriptionInfoUpdater$MMx9iQX0JVqqMPLTUZhdBubFSzU
10-04 11:07:35.721  1687  1687 W Zygote  : Class not found for preloading: com.android.internal.telephony.PhoneConfigurationModels
10-04 11:07:35.736  1687  1687 W Zygote  : Class not found for preloading: com.android.internal.telephony.SubscriptionController$ScLocalLog
10-04 11:07:35.745  1687  1687 W Zygote  : Class not found for preloading: com.android.internal.telephony.UiccSmsController
10-04 11:07:36.120  1687  1687 I Zygote  : ...preloaded 7590 classes in 3585ms.
10-04 11:07:36.121  1687  1687 I zygote64: VMRuntime.preloadDexCaches starting
10-04 11:07:36.210  1687  1687 I zygote64: VMRuntime.preloadDexCaches strings total=378948 before=9925 after=9925
10-04 11:07:36.210  1687  1687 I zygote64: VMRuntime.preloadDexCaches types total=35812 before=7199 after=7467
10-04 11:07:36.210  1687  1687 I zygote64: VMRuntime.preloadDexCaches fields total=160603 before=8020 after=8221
10-04 11:07:36.210  1687  1687 I zygote64: VMRuntime.preloadDexCaches methods total=281511 before=10884 after=11316
10-04 11:07:36.210  1687  1687 I zygote64: VMRuntime.preloadDexCaches finished
10-04 11:07:36.211  1687  1687 D Zygote64Timing: PreloadClasses took to complete: 3676ms
10-04 11:07:36.230  1687  1687 I zygote64: The ClassLoaderContext is a special shared library.
10-04 11:07:36.239  1687  1687 D ApplicationLoaders: Created zygote-cached class loader: /system/framework/android.hidl.base-V1.0-java.jar
10-04 11:07:36.250  1687  1687 I zygote64: The ClassLoaderContext is a special shared library.
10-04 11:07:36.254  1687  1687 D ApplicationLoaders: Created zygote-cached class loader: /system/framework/android.hidl.manager-V1.0-java.jar
10-04 11:07:36.254  1687  1687 D Zygote64Timing: CacheNonBootClasspathClassLoaders took to complete: 43ms
10-04 11:07:37.674  1687  1687 I Zygote  : Preloading resources...
10-04 11:07:37.798  1687  1687 W Resources: Preloaded drawable resource #0x108027c (android:drawable/dialog_background_material) that varies with configuration!!
10-04 11:07:37.904  1687  1687 I Zygote  : ...preloaded 64 resources in 230ms.
10-04 11:07:37.928  1687  1687 I Zygote  : ...preloaded 41 resources in 23ms.
10-04 11:07:37.928  1687  1687 D Zygote64Timing: PreloadResources took to complete: 1675ms
10-04 11:07:37.972  1687  1687 I Zygote  : Preloading shared libraries...
10-04 11:07:38.041  1687  1687 I Zygote  : Called ZygoteHooks.endPreload()
10-04 11:07:38.045  1687  1687 I Zygote  : Installed AndroidKeyStoreProvider in 3ms.
10-04 11:07:38.071  1687  1687 I Zygote  : Warmed up JCA providers in 26ms.
10-04 11:07:38.071  1687  1687 D Zygote  : end preload
10-04 11:07:38.071  1687  1687 D Zygote64Timing: ZygotePreload took to complete: 5816ms
10-04 11:07:38.072  1687  1687 I zygote64: Waiting for a blocking GC Explicit
10-04 11:07:38.106  1687  1687 I zygote64: WaitForGcToComplete blocked Explicit on None for 34.349ms
10-04 11:07:38.142  1687  1687 I zygote64: Explicit concurrent copying GC freed 4405(120KB) AllocSpace objects, 0(0B) LOS objects, 71% free, 2436KB/8580KB, paused 66us total 35.479ms
10-04 11:07:38.179  1687  1687 I zygote64: Explicit concurrent copying GC freed 10(16KB) AllocSpace objects, 0(0B) LOS objects, 71% free, 2435KB/8579KB, paused 47us total 32.406ms
10-04 11:07:38.179  1687  1687 D Zygote64Timing: PostZygoteInitGC took to complete: 108ms
10-04 11:07:38.179  1687  1687 D Zygote64Timing: ZygoteInit took to complete: 5926ms
10-04 11:07:38.899  1687  1687 D Zygote  : Forked child process 1924
10-04 11:07:38.900  1687  1687 I Zygote  : System server process 1924 has been created
10-04 11:07:38.904  1687  1687 I Zygote  : Accepting command socket connections
10-04 11:07:38.979  1924  1924 I system_server: The ClassLoaderContext is a special shared library.
10-04 11:07:39.183  1924  1924 I chatty  : uid=1000 system_server identical 2 lines
10-04 11:07:39.220  1924  1924 I system_server: The ClassLoaderContext is a special shared library.
10-04 11:07:39.246  1924  1924 W system_server: Unexpected CPU variant for X86 using defaults: x86_64
10-04 11:07:39.452  1924  1924 I SystemServer: InitBeforeStartServices
10-04 11:07:39.468  1924  1924 I SystemServer: Entered the Android system server!
10-04 11:07:40.181  1924  1924 E UsbAlsaJackDetectorJNI: Can't register UsbAlsaJackDetector native methods
10-04 11:07:40.276  1924  1924 D SystemServerTiming: InitBeforeStartServices took to complete: 823ms
10-04 11:07:40.276  1924  1924 I SystemServer: StartServices
10-04 11:07:40.276  1924  1924 I SystemServer: StartWatchdog
10-04 11:07:40.347  1924  1924 D SystemServerTiming: StartWatchdog took to complete: 71ms
10-04 11:07:40.348  1924  1924 I SystemServer: Reading configuration...
10-04 11:07:40.348  1924  1924 I SystemServer: ReadingSystemConfig
10-04 11:07:40.351  1924  1924 D SystemServerTiming: ReadingSystemConfig took to complete: 4ms
10-04 11:07:40.351  1924  1924 I SystemServer: StartInstaller
10-04 11:07:40.352  1924  1924 I SystemServiceManager: Starting com.android.server.pm.Installer
10-04 11:07:40.365  1924  1948 D SystemServerInitThreadPool: Started executing ReadingSystemConfig
10-04 11:07:40.406  1766  1785 D installd: Found quota mount /dev/block/vdc at /data
10-04 11:07:40.423  1924  1924 W SystemServiceManager: Service com.android.server.pm.Installer took 63 ms in onStart
10-04 11:07:40.424  1924  1924 D SystemServerTiming: StartInstaller took to complete: 72ms
10-04 11:07:40.424  1924  1924 I SystemServer: DeviceIdentifiersPolicyService
10-04 11:07:40.424  1924  1924 I SystemServiceManager: Starting com.android.server.os.DeviceIdentifiersPolicyService
10-04 11:07:40.430  1924  1924 D SystemServerTiming: DeviceIdentifiersPolicyService took to complete: 6ms
10-04 11:07:40.430  1924  1924 I SystemServer: UriGrantsManagerService
10-04 11:07:40.431  1924  1924 I SystemServiceManager: Starting com.android.server.uri.UriGrantsManagerService$Lifecycle
10-04 11:07:40.472  1924  1924 D SystemServerTiming: UriGrantsManagerService took to complete: 41ms
10-04 11:07:40.472  1924  1924 I SystemServer: StartActivityManager
10-04 11:07:40.473  1924  1924 I SystemServiceManager: Starting com.android.server.wm.ActivityTaskManagerService$Lifecycle
10-04 11:07:40.567  1924  1924 I SystemServiceManager: Starting com.android.server.am.ActivityManagerService$Lifecycle
10-04 11:07:40.625  1924  1948 W SystemConfig: No directory /product/etc/sysconfig, skipping
10-04 11:07:40.704  1924  1948 W SystemConfig: No directory /product_services/etc/sysconfig, skipping
10-04 11:07:40.704  1924  1948 W SystemConfig: No directory /product_services/etc/permissions, skipping
10-04 11:07:40.704  1924  1948 D SystemServerInitThreadPool: Finished executing ReadingSystemConfig
10-04 11:07:40.733  1924  1924 I ActivityManager: Memory class: 512
10-04 11:07:40.825  1924  1924 D BatteryStatsImpl: Reading daily items from /data/system/batterystats-daily.xml
10-04 11:07:40.883  1569  1569 I hwservicemanager: getTransport: Cannot find entry android.hardware.power.stats@1.0::IPowerStats/default in either framework or device manifest.
10-04 11:07:40.908  1924  1955 I BatteryStatsService: Using power HAL
10-04 11:07:40.908  1924  1955 E BatteryStatsService: Unable to load Power.Stats.HAL. Setting rail availability to false
10-04 11:07:40.910  1924  1955 E BluetoothAdapter: Bluetooth binder is null
10-04 11:07:40.926  1924  1955 E BatteryExternalStatsWorker: no controller energy info supplied for telephony
10-04 11:07:40.935  1924  1955 E KernelCpuUidFreqTimeReader: Failed to read /proc/uid_time_in_state: java.nio.file.NoSuchFileException: /proc/uid_time_in_state
10-04 11:07:40.963  1924  1955 W KernelCpuProcStringReader: File not found. It's normal if not implemented: /proc/uid_time_in_state
10-04 11:07:40.964  1924  1955 W KernelCpuProcStringReader: File not found. It's normal if not implemented: /proc/uid_concurrent_active_time
10-04 11:07:40.965  1924  1955 W KernelCpuProcStringReader: File not found. It's normal if not implemented: /proc/uid_concurrent_policy_time
10-04 11:07:40.981  1924  1955 W KernelMemoryBandwidthStats: No kernel memory bandwidth stats available
10-04 11:07:40.999  1924  1955 I PowerManagerService-JNI: Loaded power HAL 1.0 service
10-04 11:07:41.001  1924  1955 I PowerManagerService-JNI: Loaded power HAL 1.1 service
10-04 11:07:41.100  1569  1569 I hwservicemanager: getTransport: Cannot find entry android.hardware.memtrack@1.0::IMemtrack/default in either framework or device manifest.
10-04 11:07:41.102  1924  1924 E memtrack: Couldn't load memtrack module
10-04 11:07:41.102  1924  1924 W android.os.Debug: failed to get memory consumption info: -1
10-04 11:07:41.169  1924  1924 I IntentFirewall: Read new rules (A:0 B:0 S:0)
10-04 11:07:41.270  1924  1924 W libprocessgroup: Failed to remove /acct/uid_1003: Permission denied
10-04 11:07:41.298  1924  1924 D AppOps  : AppOpsService published
10-04 11:07:41.327  1924  1924 W SystemServiceManager: Service com.android.server.am.ActivityManagerService$Lifecycle took 60 ms in onStart
10-04 11:07:41.341  1924  1924 D SystemServerTiming: StartActivityManager took to complete: 868ms
10-04 11:07:41.341  1924  1924 I SystemServer: StartPowerManager
10-04 11:07:41.341  1924  1924 I SystemServiceManager: Starting com.android.server.power.PowerManagerService
10-04 11:07:41.445  1924  1924 D SystemServerTiming: StartPowerManager took to complete: 104ms
10-04 11:07:41.446  1924  1924 I SystemServer: StartThermalManager
10-04 11:07:41.446  1924  1924 I SystemServiceManager: Starting com.android.server.power.ThermalManagerService
10-04 11:07:41.469  1924  1924 D SystemServerTiming: StartThermalManager took to complete: 23ms
10-04 11:07:41.469  1924  1924 I SystemServer: InitPowerManagement
10-04 11:07:41.473  1924  1924 D SystemServerTiming: InitPowerManagement took to complete: 5ms
10-04 11:07:41.473  1924  1924 I SystemServer: StartRecoverySystemService
10-04 11:07:41.474  1924  1924 I SystemServiceManager: Starting com.android.server.RecoverySystemService
10-04 11:07:41.480  1924  1924 D SystemServerTiming: StartRecoverySystemService took to complete: 6ms
10-04 11:07:41.484  1924  1924 V RescueParty: Disabled because of active USB connection
10-04 11:07:41.484  1924  1924 I SystemServer: StartLightsService
10-04 11:07:41.484  1924  1924 I SystemServiceManager: Starting com.android.server.lights.LightsService
10-04 11:07:41.540  1924  1924 D SystemServerTiming: StartLightsService took to complete: 56ms
10-04 11:07:41.541  1924  1924 I SystemServer: StartSidekickService
10-04 11:07:41.541  1924  1924 D SystemServerTiming: StartSidekickService took to complete: 0ms
10-04 11:07:41.541  1924  1924 I SystemServer: StartDisplayManager
10-04 11:07:41.541  1924  1924 I SystemServiceManager: Starting com.android.server.display.DisplayManagerService
10-04 11:07:41.557  1924  1934 I system_server: Background young concurrent copying GC freed 21210(1620KB) AllocSpace objects, 51(1124KB) LOS objects, 78% free, 1725KB/7869KB, paused 1.655ms total 302.471ms
10-04 11:07:41.593  1734  1961 E SurfaceFlinger: ro.sf.lcd_density must be defined as a build property
10-04 11:07:41.616  1924  1924 W SystemServiceManager: Service com.android.server.display.DisplayManagerService took 51 ms in onStart
10-04 11:07:41.616  1924  1924 D SystemServerTiming: StartDisplayManager took to complete: 76ms
10-04 11:07:41.617  1924  1924 I SystemServer: WaitForDisplay
10-04 11:07:41.617  1924  1924 I SystemServiceManager: Starting phase 100
10-04 11:07:41.651  1924  1944 I DisplayManagerService: Display device added: DisplayDeviceInfo{"Built-in Screen": uniqueId="local:0", 360 x 800, modeId 1, defaultModeId 1, supportedModes [{id=1, width=360, height=800, fps=60.000004}], colorMode 0, supportedColorModes [0], HdrCapabilities android.view.Display$HdrCapabilities@40f16308, density 160, 160.0 x 160.0 dpi, appVsyncOff 1000000, presDeadline 16666666, touch INTERNAL, rotation 0, type BUILT_IN, address {port=0}, state UNKNOWN, FLAG_DEFAULT_DISPLAY, FLAG_ROTATES_WITH_CONTENT, FLAG_SECURE, FLAG_SUPPORTS_PROTECTED_BUFFERS}
10-04 11:07:41.658  1734  1734 D SurfaceFlinger: Setting power mode 2 on display 0
10-04 11:07:41.674  1569  1569 I hwservicemanager: getTransport: Cannot find entry android.hardware.light@2.0::ILight/default in either framework or device manifest.
10-04 11:07:41.676  1924  1944 I DisplayManagerService: Display device changed state: "Built-in Screen", ON
10-04 11:07:41.677  1924  1924 W SystemServiceManager: Service com.android.server.display.DisplayManagerService took 61 ms in onBootPhase
10-04 11:07:41.677  1924  1924 D SystemServerTiming: WaitForDisplay took to complete: 61ms
10-04 11:07:41.679  1924  1924 I SystemServer: StartPackageManagerService
10-04 11:07:41.679  1924  1924 I Watchdog: Pausing HandlerChecker: main thread for reason: packagemanagermain. Pause count: 1
10-04 11:07:41.888  1924  1924 D SELinuxMMAC: Using policy file /system/etc/selinux/plat_mac_permissions.xml
10-04 11:07:41.895  1924  1924 D SELinuxMMAC: Using policy file /vendor/etc/selinux/vendor_mac_permissions.xml
10-04 11:07:41.905  1924  1924 D FallbackCategoryProvider: Found 1 fallback categories
10-04 11:07:42.716  1924  1924 D PackageManager: Keeping known cache d1f0164903d7f35f8399f814d82a03b20e6ee4a1
10-04 11:07:42.719  1924  1924 D PackageManager: No files in app dir /vendor/overlay
10-04 11:07:42.972  1924  1924 D PackageManager: No files in app dir /product_services/overlay
10-04 11:07:42.972  1924  1924 D PackageManager: No files in app dir /odm/overlay
10-04 11:07:42.974  1924  1924 D PackageManager: No files in app dir /oem/overlay
10-04 11:07:42.991  1924  1924 W PackageManager: Failed to parse /system/framework/oat: Missing base APK in /system/framework/oat
10-04 11:07:42.994  1924  1924 W PackageManager: Failed to parse /system/framework/x86: Missing base APK in /system/framework/x86
10-04 11:07:42.998  1924  1924 W PackageManager: Failed to parse /system/framework/x86_64: Missing base APK in /system/framework/x86_64
10-04 11:07:43.612  1924  1924 D PackageManager: No files in app dir /vendor/priv-app
10-04 11:07:43.612  1924  1924 D PackageManager: No files in app dir /vendor/app
10-04 11:07:43.613  1924  1924 D PackageManager: No files in app dir /odm/priv-app
10-04 11:07:43.614  1924  1924 D PackageManager: No files in app dir /odm/app
10-04 11:07:43.614  1924  1924 D PackageManager: No files in app dir /oem/app
10-04 11:07:43.746  1924  1924 W PackageManager: Skipping provider name androidx.lifecycle.process.lifecycle-process (in package com.android.settings): name already used by com.android.systemui
10-04 11:07:43.867  1924  1934 I system_server: Background concurrent copying GC freed 80428(4931KB) AllocSpace objects, 16(496KB) LOS objects, 42% free, 5416KB/9479KB, paused 119us total 583.559ms
10-04 11:07:43.876  1924  1924 D PackageManager: No files in app dir /product_services/priv-app
10-04 11:07:43.877  1924  1924 D PackageManager: No files in app dir /product_services/app
10-04 11:07:43.882  1924  1924 I PackageManager: Finished scanning system apps. Time: 1176 ms, packageCount: 145 , timePerPackage: 8 , cached: 145
10-04 11:07:43.960  1924  1991 W PackageParser: Unknown element under <manifest>: queries at /data/app/com.nothatcher.sproutbook.test-tJLweBkdBqIwis3DWxuZ8w==/base.apk Binary XML file line #16
10-04 11:07:43.969  1924  1991 W PackageParser: No actions in intent filter at /data/app/com.nothatcher.sproutbook.test-tJLweBkdBqIwis3DWxuZ8w==/base.apk Binary XML file line #36
10-04 11:07:43.969  1924  1991 W PackageParser: No actions in intent filter at /data/app/com.nothatcher.sproutbook.test-tJLweBkdBqIwis3DWxuZ8w==/base.apk Binary XML file line #44
10-04 11:07:43.969  1924  1991 W PackageParser: No actions in intent filter at /data/app/com.nothatcher.sproutbook.test-tJLweBkdBqIwis3DWxuZ8w==/base.apk Binary XML file line #52
10-04 11:07:43.992  1924  1924 I PackageManager: Finished scanning non-system apps. Time: 115 ms, packageCount: 2 , timePerPackage: 57 , cached: 0
10-04 11:07:44.011  1924  1924 I PackageManager: Time to scan packages: 1.309 seconds
10-04 11:07:44.022  1924  1924 I PackageManager: Un-granting permission android.permission.GLOBAL_SEARCH from package com.android.quicksearchbox (protectionLevel=18 flags=0x3008be45)
10-04 11:07:44.026  1924  1924 I PackageManager: Un-granting permission android.permission.BIND_WALLPAPER from package com.android.camera2 (protectionLevel=18 flags=0x2058bc45)
10-04 11:07:44.049  1924  1924 I PackageManager: Un-granting permission android.permission.CONNECTIVITY_USE_RESTRICTED_NETWORKS from package com.android.captiveportallogin (protectionLevel=18 flags=0x3848be45)
10-04 11:07:44.050  1924  1924 I PackageManager: Un-granting permission android.permission.NETWORK_BYPASS_PRIVATE_DNS from package com.android.captiveportallogin (protectionLevel=2 flags=0x3848be45)
10-04 11:07:44.050  1924  1924 V PackageManager: reconcileAppsData for null u0 0x1 migrateAppData=true
10-04 11:07:44.074  1766  1785 I SELinux : SELinux: Loaded file_contexts
10-04 11:07:44.242  1924  1924 V PackageManager: reconcileAppsData finished 20 packages
10-04 11:07:44.249  1924  1948 D SystemServerInitThreadPool: Started executing prepareAppData
10-04 11:07:44.697  1924  1924 I SELinux : SELinux: Loaded file_contexts
10-04 11:07:44.736  1766  1992 W installd: Ignoring /data/data/W5TLIfhIOFBlRjd8njD9NRBuHWK/dJZ0+rEEtHQ5OqiXHvNOjB with unexpected GID 0 instead of 10106
10-04 11:07:44.794  1924  1924 E PackageManager: There should probably be a verifier, but, none were found
10-04 11:07:44.818  1924  1924 D PackageManager: Ephemeral resolver NOT found; no matching intent filters
10-04 11:07:44.820  1924  1924 D PackageManager: Instant App installer not found with android.intent.action.INSTALL_INSTANT_APP_PACKAGE
10-04 11:07:44.820  1924  1924 D PackageManager: Clear ephemeral installer activity
10-04 11:07:45.012  1924  1924 I system_server: Explicit concurrent copying GC freed 53001(2679KB) AllocSpace objects, 12(552KB) LOS objects, 42% free, 3795KB/6641KB, paused 150us total 151.772ms
10-04 11:07:45.031  1924  1924 I Watchdog: Resuming HandlerChecker: main thread for reason: packagemanagermain. Pause count: 0
10-04 11:07:45.039  1924  1924 D SystemServerTiming: StartPackageManagerService took to complete: 3360ms
10-04 11:07:45.042  1924  1924 I SystemServer: StartOtaDexOptService
10-04 11:07:45.042  1924  1924 I Watchdog: Pausing HandlerChecker: main thread for reason: moveab. Pause count: 1
10-04 11:07:45.047  1924  1924 D OTADexopt: No upgrade, skipping A/B artifacts check.
10-04 11:07:45.047  1924  1924 I Watchdog: Resuming HandlerChecker: main thread for reason: moveab. Pause count: 0
10-04 11:07:45.047  1924  1924 D SystemServerTiming: StartOtaDexOptService took to complete: 5ms
10-04 11:07:45.047  1924  1924 I SystemServer: StartUserManagerService
10-04 11:07:45.047  1924  1924 I SystemServiceManager: Starting com.android.server.pm.UserManagerService$LifeCycle
10-04 11:07:45.049  1924  1924 D SystemServerTiming: StartUserManagerService took to complete: 2ms
10-04 11:07:45.049  1924  1924 I SystemServer: InitAttributerCache
10-04 11:07:45.050  1924  1924 D SystemServerTiming: InitAttributerCache took to complete: 0ms
10-04 11:07:45.050  1924  1924 I SystemServer: SetSystemProcess
10-04 11:07:45.077  1729  1729 I         : Waiting for sensor privacy service
10-04 11:07:45.080  1755  1755 I         : Waiting for sensor privacy service
10-04 11:07:45.114  1731  1731 I lowmemorykiller: lmkd data connection established
10-04 11:07:45.139  1924  1924 D SystemServerTiming: SetSystemProcess took to complete: 89ms
10-04 11:07:45.139  1924  1924 I SystemServer: InitWatchdog
10-04 11:07:45.152  1924  1924 D SystemServerTiming: InitWatchdog took to complete: 13ms
10-04 11:07:45.157  1924  1924 I SystemServer: StartOverlayManagerService
10-04 11:07:45.741  1924  1948 D SystemServerTimingAsync: AppDataFixup took to complete: 1491ms
10-04 11:07:46.046  1924  1924 D SystemServerTiming: StartOverlayManagerService took to complete: 888ms
10-04 11:07:46.046  1924  1924 I SystemServer: StartSensorPrivacyService
10-04 11:07:46.075  1569  1569 I hwservicemanager: getTransport: Cannot find entry android.hardware.soundtrigger@2.0::ISoundTriggerHw/default in either framework or device manifest.
10-04 11:07:46.079  1729  1729 E SoundTriggerHwService: could not read implementation properties
10-04 11:07:46.089  1924  1924 D SystemServerTiming: StartSensorPrivacyService took to complete: 42ms
10-04 11:07:46.093  1924  1924 I SystemServer: StartBatteryService
10-04 11:07:46.094  1924  1924 I SystemServiceManager: Starting com.android.server.BatteryService
10-04 11:07:46.097  1755  1755 I ServiceManagement: Registered android.frameworks.cameraservice.service@2.0::ICameraService/default (start delay of 37329ms)
10-04 11:07:46.169  1924  1924 I android_os_HwBinder: HwBinder: Starting thread pool for getting: android.hardware.health@2.0::IHealth/default
10-04 11:07:46.247  1924  1924 I android_os_HwBinder: HwBinder: Starting thread pool for getting: android.hidl.manager@1.0::IServiceManager/default
10-04 11:07:46.309  1924  1924 I HealthServiceWrapper: health: HealthServiceWrapper listening to instance default
10-04 11:07:46.309  1924  1924 I BatteryService: health: Waited 0ms and received the update.
10-04 11:07:46.331  1924  2011 I android_os_HwBinder: HwBinder: Starting thread pool for getting: android.hardware.health@2.0::IHealth/default
10-04 11:07:46.332  1924  1924 W SystemServiceManager: Service com.android.server.BatteryService took 192 ms in onStart
10-04 11:07:46.332  1924  1924 D SystemServerTiming: StartBatteryService took to complete: 239ms
10-04 11:07:46.333  1924  1924 I SystemServer: StartUsageService
10-04 11:07:46.333  1924  1924 I SystemServiceManager: Starting com.android.server.usage.UsageStatsService
10-04 11:07:46.495  1924  1948 D SystemServerTimingAsync: AppDataPrepare took to complete: 753ms
10-04 11:07:46.495  1924  1948 I PackageManager: Deferred reconcileAppsData finished 127 packages
10-04 11:07:46.495  1924  1948 D SystemServerInitThreadPool: Finished executing prepareAppData
10-04 11:07:46.495  1924  1948 D SystemServerInitThreadPool: Started executing StartSensorService
10-04 11:07:46.496  1924  1948 D SensorService: nuSensorService starting...
10-04 11:07:46.501  1569  1569 I hwservicemanager: getTransport: Cannot find entry android.hardware.sensors@2.0::ISensors/default in either framework or device manifest.
10-04 11:07:46.526  1924  1948 I SensorService: Reported power 0.000000 not deemed sane, clamping to 0.001000
10-04 11:07:46.549  1924  2013 D SensorService: nuSensorService thread starting...
10-04 11:07:46.559  1924  2012 D SensorService: new thread SensorEventAckReceiver
10-04 11:07:46.571  1924  1948 D SystemServerTimingAsync: StartSensorService took to complete: 75ms
10-04 11:07:46.571  1924  1948 D SystemServerInitThreadPool: Finished executing StartSensorService
10-04 11:07:46.583  1924  1924 I UsageStatsService: User[0] Rollover scheduled @ 2026-10-05 02:15:24(1791166524267)
10-04 11:07:46.583  1924  1924 W SystemServiceManager: Service com.android.server.usage.UsageStatsService took 236 ms in onStart
10-04 11:07:46.585  1924  1924 D SystemServerTiming: StartUsageService took to complete: 252ms
10-04 11:07:46.585  1924  1924 I SystemServer: StartWebViewUpdateService
10-04 11:07:46.585  1924  1924 I SystemServiceManager: Starting com.android.server.webkit.WebViewUpdateService
10-04 11:07:46.604  1924  1924 D SystemServerTiming: StartWebViewUpdateService took to complete: 20ms
10-04 11:07:46.604  1924  1924 I SystemServer: StartCachedDeviceStateService
10-04 11:07:46.605  1924  1924 I SystemServiceManager: Starting com.android.server.CachedDeviceStateService
10-04 11:07:46.605  1924  1924 D SystemServerTiming: StartCachedDeviceStateService took to complete: 1ms
10-04 11:07:46.605  1924  1924 I SystemServer: StartBinderCallsStatsService
10-04 11:07:46.606  1924  1924 I SystemServiceManager: Starting com.android.server.BinderCallsStatsService$LifeCycle
10-04 11:07:46.608  1924  1924 D SystemServerTiming: StartBinderCallsStatsService took to complete: 2ms
10-04 11:07:46.608  1924  1924 I SystemServer: StartLooperStatsService
10-04 11:07:46.608  1924  1924 I SystemServiceManager: Starting com.android.server.LooperStatsService$Lifecycle
10-04 11:07:46.611  1924  1924 D SystemServerTiming: StartLooperStatsService took to complete: 4ms
10-04 11:07:46.612  1924  1924 I SystemServer: StartRollbackManagerService
10-04 11:07:46.612  1924  1924 I SystemServiceManager: Starting com.android.server.rollback.RollbackManagerService
10-04 11:07:46.620  1766  1992 D installd: Found quota mount /dev/block/vdc at /data
10-04 11:07:46.772  1924  1924 W SystemServiceManager: Service com.android.server.rollback.RollbackManagerService took 160 ms in onStart
10-04 11:07:46.772  1924  1924 D SystemServerTiming: StartRollbackManagerService took to complete: 161ms
10-04 11:07:46.773  1924  1924 I SystemServer: StartBugreportManagerService
10-04 11:07:46.774  1924  1924 I SystemServiceManager: Starting com.android.server.os.BugreportManagerService
10-04 11:07:46.776  1924  1924 D SystemServerTiming: StartBugreportManagerService took to complete: 2ms
10-04 11:07:46.776  1924  1924 I SystemServer: GpuService
10-04 11:07:46.776  1924  1924 I SystemServiceManager: Starting com.android.server.gpu.GpuService
10-04 11:07:46.777  1924  1924 D SystemServerTiming: GpuService took to complete: 1ms
10-04 11:07:46.778  1924  1948 D SystemServerInitThreadPool: Started executing SecondaryZygotePreload
10-04 11:07:46.778  1924  1948 I SystemServer: SecondaryZygotePreload
10-04 11:07:46.785  1924  1924 I SystemServer: StartKeyAttestationApplicationIdProviderService
10-04 11:07:46.786  1924  1924 D SystemServerTiming: StartKeyAttestationApplicationIdProviderService took to complete: 2ms
10-04 11:07:46.787  1924  1924 I SystemServer: StartKeyChainSystemService
10-04 11:07:46.787  1924  1924 I SystemServiceManager: Starting com.android.server.security.KeyChainSystemService
10-04 11:07:46.787  1924  1924 D SystemServerTiming: StartKeyChainSystemService took to complete: 1ms
10-04 11:07:46.787  1924  1924 I SystemServer: StartSchedulingPolicyService
10-04 11:07:46.792  1924  1924 D SystemServerTiming: StartSchedulingPolicyService took to complete: 4ms
10-04 11:07:46.792  1924  1924 I SystemServer: StartTelecomLoaderService
10-04 11:07:46.792  1924  1924 I SystemServiceManager: Starting com.android.server.telecom.TelecomLoaderService
10-04 11:07:46.796  1924  1924 D SystemServerTiming: StartTelecomLoaderService took to complete: 4ms
10-04 11:07:46.796  1924  1924 I SystemServer: StartTelephonyRegistry
10-04 11:07:46.801  1924  1924 D SystemServerTiming: StartTelephonyRegistry took to complete: 5ms
10-04 11:07:46.801  1924  1924 I SystemServer: StartEntropyMixer
10-04 11:07:46.829  1924  1924 I EntropyMixer: Added HW RNG output to entropy pool
10-04 11:07:46.829  1924  1924 I EntropyMixer: Writing entropy...
10-04 11:07:46.841  1924  1924 D SystemServerTiming: StartEntropyMixer took to complete: 40ms
10-04 11:07:46.841  1924  1924 I SystemServer: StartAccountManagerService
10-04 11:07:46.842  1924  1924 I SystemServiceManager: Starting com.android.server.accounts.AccountManagerService$Lifecycle
10-04 11:07:46.847  1688  1688 I Zygote  : Lazily preloading resources.
10-04 11:07:46.847  1688  1688 D Zygote  : begin preload
10-04 11:07:46.847  1688  1688 I Zygote  : Calling ZygoteHooks.beginPreload()
10-04 11:07:46.877  1924  1924 D SystemServerTiming: StartAccountManagerService took to complete: 35ms
10-04 11:07:46.877  1924  1924 I SystemServer: StartContentService
10-04 11:07:46.878  1924  1924 I SystemServiceManager: Starting com.android.server.content.ContentService$Lifecycle
10-04 11:07:46.908  1924  1924 D SystemServerTiming: StartContentService took to complete: 30ms
10-04 11:07:46.908  1924  1924 I SystemServer: InstallSystemProviders
10-04 11:07:46.984  1924  1924 I system_server: The ClassLoaderContext is a special shared library.
10-04 11:07:47.036  1924  1924 I SettingsState: No settings state /data/system/users/0/settings_config.xml
10-04 11:07:47.074  1924  1924 I SettingsState: No settings state /data/system/users/0/settings_ssaid.xml
10-04 11:07:47.087  1688  1688 D ZygoteInitTiming_lazy: BeginPreload took to complete: 241ms
10-04 11:07:47.090  1688  1688 I Zygote  : Preloading classes...
10-04 11:07:47.110  1688  1688 W Zygote  : Class not found for preloading: android.app.-$$Lambda$ActivityThread$ZXDWm3IBeFmLnFVblhB-IOZCr9o
10-04 11:07:47.197  1924  1924 D SystemServerTiming: InstallSystemProviders took to complete: 289ms
10-04 11:07:47.197  1924  1924 I SystemServer: StartDropBoxManager
10-04 11:07:47.197  1924  1924 I SystemServiceManager: Starting com.android.server.DropBoxManagerService
10-04 11:07:47.206  1924  1924 D SystemServerTiming: StartDropBoxManager took to complete: 9ms
10-04 11:07:47.206  1924  1924 I SystemServer: StartVibratorService
10-04 11:07:47.210  1569  1569 I hwservicemanager: getTransport: Cannot find entry android.hardware.vibrator@1.0::IVibrator/default in either framework or device manifest.
10-04 11:07:47.213  1569  1569 I hwservicemanager: getTransport: Cannot find entry android.hardware.vibrator@1.0::IVibrator/default in either framework or device manifest.
10-04 11:07:47.214  1924  1924 E VibratorService: vibratorOff command failed (1).
10-04 11:07:47.216  1569  1569 I hwservicemanager: getTransport: Cannot find entry android.hardware.vibrator@1.0::IVibrator/default in either framework or device manifest.
10-04 11:07:47.219  1569  1569 I hwservicemanager: getTransport: Cannot find entry android.hardware.vibrator@1.3::IVibrator/default in either framework or device manifest.
10-04 11:07:47.231  1924  1924 D SystemServerTiming: StartVibratorService took to complete: 24ms
10-04 11:07:47.231  1924  1924 I SystemServer: StartDynamicSystemService
10-04 11:07:47.237  1924  1924 D SystemServerTiming: StartDynamicSystemService took to complete: 5ms
10-04 11:07:47.237  1924  1924 I SystemServer: StartConsumerIrService
10-04 11:07:47.240  1569  1569 I hwservicemanager: getTransport: Cannot find entry android.hardware.ir@1.0::IConsumerIr/default in either framework or device manifest.
10-04 11:07:47.241  1924  1924 D SystemServerTiming: StartConsumerIrService took to complete: 5ms
10-04 11:07:47.242  1924  1924 I SystemServer: StartAlarmManagerService
10-04 11:07:47.258  1924  1924 D AlarmManagerService: Kernel timezone updated to 0 minutes west of GMT
10-04 11:07:47.268  1924  1924 D SystemServerTiming: StartAlarmManagerService took to complete: 26ms
10-04 11:07:47.269  1924  1924 I SystemServer: StartInputManagerService
10-04 11:07:47.270  1924  1924 I InputManager: Initializing input manager, mUseDevInputEventForAudioJack=true
10-04 11:07:47.276  1924  1924 I InputClassifier: Deep press feature enabled.
10-04 11:07:47.296  1569  1569 I hwservicemanager: getTransport: Cannot find entry android.hardware.input.classifier@1.0::IInputClassifier/default in either framework or device manifest.
10-04 11:07:47.298  1924  2019 I InputClassifier: Could not obtain InputClassifier HAL
10-04 11:07:47.300  1924  1924 D SystemServerTiming: StartInputManagerService took to complete: 31ms
10-04 11:07:47.300  1924  1924 I SystemServer: StartWindowManagerService
10-04 11:07:47.304  1924  2020 E InputClassifier: InputClassifier HAL has died. Setting mMotionClassifier to null
10-04 11:07:47.321  1924  1944 I WindowManager: No existing display settings, starting empty
10-04 11:07:47.344  1924  1944 I WindowTracing: Setting window tracing log level to 1
10-04 11:07:47.345  1924  1944 I WindowTracing: Setting window tracing buffer capacity to 2097152bytes
10-04 11:07:47.375  1924  1924 D SystemServerTiming: StartWindowManagerService took to complete: 75ms
10-04 11:07:47.375  1924  1924 I SystemServer: SetWindowManagerService
10-04 11:07:47.472  1924  1943 I DropBoxManagerService: add tag=system_server_strictmode isTagEnabled=true flags=0x2
10-04 11:07:47.618  1924  1924 D SystemServerTiming: SetWindowManagerService took to complete: 242ms
10-04 11:07:47.618  1924  1924 I SystemServer: WindowManagerServiceOnInitReady
10-04 11:07:47.681  1924  1924 D SystemServerTiming: WindowManagerServiceOnInitReady took to complete: 63ms
10-04 11:07:47.682  1924  1924 I SystemServer: StartInputManager
10-04 11:07:47.682  1924  1924 I InputManager: Starting input manager
10-04 11:07:47.686  1924  1924 D SystemServerTiming: StartInputManager took to complete: 4ms
10-04 11:07:47.686  1924  1924 I SystemServer: DisplayManagerWindowManagerAndInputReady
10-04 11:07:47.688  1924  1924 D SystemServerTiming: DisplayManagerWindowManagerAndInputReady took to complete: 2ms
10-04 11:07:47.688  1924  1924 I SystemServer: No Bluetooth Service (Bluetooth Hardware Not Present)
10-04 11:07:47.688  1924  1924 I SystemServer: IpConnectivityMetrics
10-04 11:07:47.688  1924  1924 I SystemServiceManager: Starting com.android.server.connectivity.IpConnectivityMetrics
10-04 11:07:47.697  1924  1924 D SystemServerTiming: IpConnectivityMetrics took to complete: 9ms
10-04 11:07:47.697  1924  1924 I SystemServer: NetworkWatchlistService
10-04 11:07:47.697  1924  1924 I SystemServiceManager: Starting com.android.server.net.watchlist.NetworkWatchlistService$Lifecycle
10-04 11:07:47.716  1924  2022 D EventHub: No input device configuration file found for device 'Power Button'.
10-04 11:07:47.746  1924  2022 W EventHub: Unable to disable kernel key repeat for /dev/input/event0: Function not implemented
10-04 11:07:47.746  1924  2022 I EventHub: wakeMechanism=EPOLLWAKEUP, usingClockIoctl=true
10-04 11:07:47.746  1924  2022 I EventHub: New device: id=1, fd=118, path='/dev/input/event0', name='Power Button', classes=0x1, configuration='', keyLayout='/system/usr/keylayout/Generic.kl', keyCharacterMap='/system/usr/keychars/Generic.kcm', builtinKeyboard=false, 
10-04 11:07:47.749  1924  2022 I EventHub: wakeMechanism=EPOLLWAKEUP, usingClockIoctl=true
10-04 11:07:47.749  1924  2022 I EventHub: New device: id=2, fd=119, path='/dev/input/event1', name='virtio_input_multi_touch_1', classes=0x94, configuration='/vendor/usr/idc/virtio_input_multi_touch_1.idc', keyLayout='', keyCharacterMap='', builtinKeyboard=false, 
10-04 11:07:47.751  1924  2022 I EventHub: wakeMechanism=EPOLLWAKEUP, usingClockIoctl=true
10-04 11:07:47.751  1924  2022 I EventHub: New device: id=3, fd=120, path='/dev/input/event10', name='virtio_input_multi_touch_10', classes=0x94, configuration='/vendor/usr/idc/virtio_input_multi_touch_10.idc', keyLayout='', keyCharacterMap='', builtinKeyboard=false, 
10-04 11:07:47.753  1924  2022 I EventHub: wakeMechanism=EPOLLWAKEUP, usingClockIoctl=true
10-04 11:07:47.753  1924  2022 I EventHub: New device: id=4, fd=121, path='/dev/input/event7', name='virtio_input_multi_touch_7', classes=0x94, configuration='/vendor/usr/idc/virtio_input_multi_touch_7.idc', keyLayout='', keyCharacterMap='', builtinKeyboard=false, 
10-04 11:07:47.755  1924  2022 I EventHub: wakeMechanism=EPOLLWAKEUP, usingClockIoctl=true
10-04 11:07:47.755  1924  2022 I EventHub: New device: id=5, fd=122, path='/dev/input/event4', name='virtio_input_multi_touch_4', classes=0x94, configuration='/vendor/usr/idc/virtio_input_multi_touch_4.idc', keyLayout='', keyCharacterMap='', builtinKeyboard=false, 
10-04 11:07:47.757  1924  2022 I EventHub: wakeMechanism=EPOLLWAKEUP, usingClockIoctl=true
10-04 11:07:47.757  1924  2022 I EventHub: New device: id=6, fd=123, path='/dev/input/event11', name='virtio_input_multi_touch_11', classes=0x94, configuration='/vendor/usr/idc/virtio_input_multi_touch_11.idc', keyLayout='', keyCharacterMap='', builtinKeyboard=false, 
10-04 11:07:47.760  1924  2022 I EventHub: wakeMechanism=EPOLLWAKEUP, usingClockIoctl=true
10-04 11:07:47.760  1924  2022 I EventHub: New device: id=7, fd=124, path='/dev/input/event8', name='virtio_input_multi_touch_8', classes=0x94, configuration='/vendor/usr/idc/virtio_input_multi_touch_8.idc', keyLayout='', keyCharacterMap='', builtinKeyboard=false, 
10-04 11:07:47.762  1924  2022 I EventHub: wakeMechanism=EPOLLWAKEUP, usingClockIoctl=true
10-04 11:07:47.762  1924  2022 I EventHub: New device: id=8, fd=125, path='/dev/input/event5', name='virtio_input_multi_touch_5', classes=0x94, configuration='/vendor/usr/idc/virtio_input_multi_touch_5.idc', keyLayout='', keyCharacterMap='', builtinKeyboard=false, 
10-04 11:07:47.769  1924  1924 I WatchlistSettings: Reload watchlist settings done
10-04 11:07:47.771  1924  2022 I EventHub: wakeMechanism=EPOLLWAKEUP, usingClockIoctl=true
10-04 11:07:47.771  1924  2022 I EventHub: New device: id=9, fd=126, path='/dev/input/event2', name='virtio_input_multi_touch_2', classes=0x94, configuration='/vendor/usr/idc/virtio_input_multi_touch_2.idc', keyLayout='', keyCharacterMap='', builtinKeyboard=false, 
10-04 11:07:47.787  1924  2022 I EventHub: wakeMechanism=EPOLLWAKEUP, usingClockIoctl=true
10-04 11:07:47.787  1924  2022 I EventHub: New device: id=10, fd=129, path='/dev/input/event12', name='qwerty2', classes=0x23, configuration='/vendor/usr/idc/qwerty2.idc', keyLayout='/vendor/usr/keylayout/qwerty.kl', keyCharacterMap='/system/usr/keychars/qwerty2.kcm', builtinKeyboard=true, 
10-04 11:07:47.789  1924  1924 W SystemServiceManager: Service com.android.server.net.watchlist.NetworkWatchlistService$Lifecycle took 85 ms in onStart
10-04 11:07:47.789  1924  1924 D SystemServerTiming: NetworkWatchlistService took to complete: 91ms
10-04 11:07:47.789  1924  1924 I SystemServer: PinnerService
10-04 11:07:47.789  1924  1924 I SystemServiceManager: Starting com.android.server.PinnerService
10-04 11:07:47.792  1924  2022 I EventHub: wakeMechanism=EPOLLWAKEUP, usingClockIoctl=true
10-04 11:07:47.792  1924  2022 I EventHub: New device: id=11, fd=130, path='/dev/input/event9', name='virtio_input_multi_touch_9', classes=0x94, configuration='/vendor/usr/idc/virtio_input_multi_touch_9.idc', keyLayout='', keyCharacterMap='', builtinKeyboard=false, 
10-04 11:07:47.796  1924  2022 I EventHub: wakeMechanism=EPOLLWAKEUP, usingClockIoctl=true
10-04 11:07:47.796  1924  2022 I EventHub: New device: id=12, fd=131, path='/dev/input/event6', name='virtio_input_multi_touch_6', classes=0x94, configuration='/vendor/usr/idc/virtio_input_multi_touch_6.idc', keyLayout='', keyCharacterMap='', builtinKeyboard=false, 
10-04 11:07:47.797  1924  2022 I EventHub: wakeMechanism=EPOLLWAKEUP, usingClockIoctl=true
10-04 11:07:47.797  1924  2022 I EventHub: New device: id=13, fd=132, path='/dev/input/event3', name='virtio_input_multi_touch_3', classes=0x94, configuration='/vendor/usr/idc/virtio_input_multi_touch_3.idc', keyLayout='', keyCharacterMap='', builtinKeyboard=false, 
10-04 11:07:47.798  1924  2022 D EventHub: No input device configuration file found for device 'AT Translated Set 2 keyboard'.
10-04 11:07:47.814  1924  2022 I EventHub: wakeMechanism=EPOLLWAKEUP, usingClockIoctl=true
10-04 11:07:47.814  1924  2022 I EventHub: New device: id=14, fd=133, path='/dev/input/event13', name='AT Translated Set 2 keyboard', classes=0x3, configuration='', keyLayout='/system/usr/keylayout/Generic.kl', keyCharacterMap='/system/usr/keychars/Generic.kcm', builtinKeyboard=false, 
10-04 11:07:47.816  1924  2022 I EventHub: wakeMechanism=EPOLLWAKEUP, usingClockIoctl=true
10-04 11:07:47.816  1924  2022 I EventHub: New device: id=15, fd=134, path='/dev/input/event14', name='goldfish_rotary', classes=0x1000, configuration='/vendor/usr/idc/goldfish_rotary.idc', keyLayout='', keyCharacterMap='', builtinKeyboard=false, 
10-04 11:07:47.818  1924  1924 D SystemServerTiming: PinnerService took to complete: 29ms
10-04 11:07:47.835  1924  2022 I InputReader: Device added: id=-1, name='Virtual', sources=0x00000301
10-04 11:07:47.818  1924  1924 I SystemServer: SignedConfigService
10-04 11:07:47.841  1924  1924 D SystemServerTiming: SignedConfigService took to complete: 1ms
10-04 11:07:47.848  1924  2022 I InputReader: Device added: id=15, name='goldfish_rotary', sources=0x00400000
10-04 11:07:47.849  1924  2022 I InputReader: Device added: id=14, name='AT Translated Set 2 keyboard', sources=0x00000101
10-04 11:07:47.852  1924  2022 I InputReader: Touch device 'virtio_input_multi_touch_3' could not query the properties of its associated display.  The device will be inoperable until the display size becomes available.
10-04 11:07:47.853  1924  2022 I InputReader: Device added: id=13, name='virtio_input_multi_touch_3', sources=0x80005002
10-04 11:07:47.854  1924  2022 I InputReader: Touch device 'virtio_input_multi_touch_6' could not query the properties of its associated display.  The device will be inoperable until the display size becomes available.
10-04 11:07:47.854  1924  2022 I InputReader: Device added: id=12, name='virtio_input_multi_touch_6', sources=0x80005002
10-04 11:07:47.854  1924  2022 I InputReader: Touch device 'virtio_input_multi_touch_9' could not query the properties of its associated display.  The device will be inoperable until the display size becomes available.
10-04 11:07:47.854  1924  2022 I InputReader: Device added: id=11, name='virtio_input_multi_touch_9', sources=0x80005002
10-04 11:07:47.854  1924  2022 I InputReader: Device added: id=0, name='qwerty2', sources=0x00000301
10-04 11:07:47.855  1924  2022 I InputReader: Touch device 'virtio_input_multi_touch_2' could not query the properties of its associated display.  The device will be inoperable until the display size becomes available.
10-04 11:07:47.855  1924  2022 I InputReader: Device added: id=9, name='virtio_input_multi_touch_2', sources=0x80005002
10-04 11:07:47.855  1924  2022 I InputReader: Touch device 'virtio_input_multi_touch_5' could not query the properties of its associated display.  The device will be inoperable until the display size becomes available.
10-04 11:07:47.855  1924  2022 I InputReader: Device added: id=8, name='virtio_input_multi_touch_5', sources=0x80005002
10-04 11:07:47.858  1924  2022 I InputReader: Touch device 'virtio_input_multi_touch_8' could not query the properties of its associated display.  The device will be inoperable until the display size becomes available.
10-04 11:07:47.858  1924  2022 I InputReader: Device added: id=7, name='virtio_input_multi_touch_8', sources=0x80005002
10-04 11:07:47.858  1924  2022 I InputReader: Touch device 'virtio_input_multi_touch_11' could not query the properties of its associated display.  The device will be inoperable until the display size becomes available.
10-04 11:07:47.860  1924  2022 I InputReader: Device added: id=6, name='virtio_input_multi_touch_11', sources=0x80005002
10-04 11:07:47.860  1924  2022 I InputReader: Touch device 'virtio_input_multi_touch_4' could not query the properties of its associated display.  The device will be inoperable until the display size becomes available.
10-04 11:07:47.860  1924  2022 I InputReader: Device added: id=5, name='virtio_input_multi_touch_4', sources=0x80005002
10-04 11:07:47.861  1924  2022 I InputReader: Touch device 'virtio_input_multi_touch_7' could not query the properties of its associated display.  The device will be inoperable until the display size becomes available.
10-04 11:07:47.861  1924  2022 I InputReader: Device added: id=4, name='virtio_input_multi_touch_7', sources=0x80005002
10-04 11:07:47.861  1924  2022 I InputReader: Touch device 'virtio_input_multi_touch_10' could not query the properties of its associated display.  The device will be inoperable until the display size becomes available.
10-04 11:07:47.861  1924  2022 I InputReader: Device added: id=3, name='virtio_input_multi_touch_10', sources=0x80005002
10-04 11:07:47.862  1924  2022 I InputReader: Touch device 'virtio_input_multi_touch_1' could not query the properties of its associated display.  The device will be inoperable until the display size becomes available.
10-04 11:07:47.862  1924  2022 I InputReader: Device added: id=2, name='virtio_input_multi_touch_1', sources=0x80005002
10-04 11:07:47.862  1924  2022 I InputReader: Device added: id=1, name='Power Button', sources=0x00000101
10-04 11:07:47.885  1924  1924 I WindowManager: SAFE MODE not enabled
10-04 11:07:47.885  1924  1924 I SystemServer: StartInputMethodManagerLifecycle
10-04 11:07:47.885  1924  1924 I SystemServiceManager: Starting com.android.server.inputmethod.InputMethodManagerService$Lifecycle
10-04 11:07:47.945  1924  1924 D SystemServerTiming: StartInputMethodManagerLifecycle took to complete: 59ms
10-04 11:07:47.945  1924  1924 I SystemServer: StartAccessibilityManagerService
10-04 11:07:47.945  1924  1924 I SystemServiceManager: Starting com.android.server.accessibility.AccessibilityManagerService$Lifecycle
10-04 11:07:47.958  1924  2023 I WatchlistLoggingHandler: No need to aggregate record yet.
10-04 11:07:47.958  1924  2023 I WatchlistLoggingHandler: Milliseconds spent on tryAggregateRecords(): 1
10-04 11:07:47.969  1924  1924 D SystemServerTiming: StartAccessibilityManagerService took to complete: 24ms
10-04 11:07:47.969  1924  1924 I SystemServer: MakeDisplayReady
10-04 11:07:47.978  1924  1924 W InputReader: Device has associated, but no associated display id.
10-04 11:07:48.008  1924  1924 I ActivityTaskManager: Config changes=20005df8 {1.0 ?mcc?mnc [en_US] ldltr sw360dp w360dp h728dp 160dpi nrml long port ?uimode ?night finger qwerty/v/v dpad/v winConfig={ mBounds=Rect(0, 0 - 360, 800) mAppBounds=Rect(0, 0 - 360, 752) mWindowingMode=fullscreen mDisplayWindowingMode=fullscreen mActivityType=undefined mAlwaysOnTop=undefined mRotation=ROTATION_0} s.2}
10-04 11:07:48.025  1924  1924 I ActivityTaskManager: Override config changes=60007dfc {1.0 ?mcc?mnc [en_US] ldltr sw360dp w360dp h728dp 160dpi nrml long port ?uimode ?night finger qwerty/v/v dpad/v winConfig={ mBounds=Rect(0, 0 - 360, 800) mAppBounds=Rect(0, 0 - 360, 752) mWindowingMode=fullscreen mDisplayWindowingMode=fullscreen mActivityType=undefined mAlwaysOnTop=undefined mRotation=ROTATION_0} s.2} for displayId=0
10-04 11:07:47.979  1924  1924 I chatty  : uid=1000 system_server identical 9 lines
10-04 11:07:47.979  1924  1924 W InputReader: Device has associated, but no associated display id.
10-04 11:07:48.088  1924  1944 I InputManager-JNI: Viewport [0] to add: local:0
10-04 11:07:48.096  1924  2022 I InputReader: Reconfiguring input devices.  changes=0x00000004
10-04 11:07:48.096  1924  2022 I InputReader: Device reconfigured: id=2, name='virtio_input_multi_touch_1', size 360x800, orientation 0, mode 1, display id 0
10-04 11:07:48.097  1924  2022 I InputReader: Touch device 'virtio_input_multi_touch_10' could not query the properties of its associated display.  The device will be inoperable until the display size becomes available.
10-04 11:07:48.097  1924  2022 I InputReader: Touch device 'virtio_input_multi_touch_7' could not query the properties of its associated display.  The device will be inoperable until the display size becomes available.
10-04 11:07:48.097  1924  2022 I InputReader: Touch device 'virtio_input_multi_touch_4' could not query the properties of its associated display.  The device will be inoperable until the display size becomes available.
10-04 11:07:48.097  1924  2022 I InputReader: Touch device 'virtio_input_multi_touch_11' could not query the properties of its associated display.  The device will be inoperable until the display size becomes available.
10-04 11:07:48.097  1924  2022 I InputReader: Touch device 'virtio_input_multi_touch_8' could not query the properties of its associated display.  The device will be inoperable until the display size becomes available.
10-04 11:07:48.097  1924  2022 I InputReader: Touch device 'virtio_input_multi_touch_5' could not query the properties of its associated display.  The device will be inoperable until the display size becomes available.
10-04 11:07:48.097  1924  2022 I InputReader: Touch device 'virtio_input_multi_touch_2' could not query the properties of its associated display.  The device will be inoperable until the display size becomes available.
10-04 11:07:48.097  1924  2022 I InputReader: Touch device 'virtio_input_multi_touch_9' could not query the properties of its associated display.  The device will be inoperable until the display size becomes available.
10-04 11:07:48.097  1924  2022 I InputReader: Touch device 'virtio_input_multi_touch_6' could not query the properties of its associated display.  The device will be inoperable until the display size becomes available.
10-04 11:07:48.097  1924  2022 I InputReader: Touch device 'virtio_input_multi_touch_3' could not query the properties of its associated display.  The device will be inoperable until the display size becomes available.
10-04 11:07:48.108  1924  1924 D SystemServerTiming: MakeDisplayReady took to complete: 139ms
10-04 11:07:48.108  1924  1924 I SystemServer: StartStorageManagerService
10-04 11:07:48.121  1924  1924 I SystemServiceManager: Starting com.android.server.StorageManagerService$Lifecycle
10-04 11:07:48.131  1924  1943 I DropBoxManagerService: add tag=system_server_strictmode isTagEnabled=true flags=0x2
10-04 11:07:48.163  1924  2024 D StorageManagerService: Thinking about init, mBootCompleted=false, mDaemonConnected=true
10-04 11:07:48.164  1924  2024 D StorageManagerService: Thinking about reset, mBootCompleted=false, mDaemonConnected=true
10-04 11:07:48.168  1924  1924 D SystemServerTiming: StartStorageManagerService took to complete: 60ms
10-04 11:07:48.168  1924  1924 I SystemServer: StartStorageStatsService
10-04 11:07:48.168  1924  1924 I SystemServiceManager: Starting com.android.server.usage.StorageStatsService$Lifecycle
10-04 11:07:48.176  1766  1992 D installd: Found quota mount /dev/block/vdc at /data
10-04 11:07:48.190  1924  1924 D SystemServerTiming: StartStorageStatsService took to complete: 22ms
10-04 11:07:48.190  1924  1924 I SystemServer: StartUiModeManager
10-04 11:07:48.190  1924  1924 I SystemServiceManager: Starting com.android.server.UiModeManagerService
10-04 11:07:48.204  1924  1924 D SystemServerTiming: StartUiModeManager took to complete: 14ms
10-04 11:07:48.205  1924  1924 I SystemServer: UpdatePackagesIfNeeded
10-04 11:07:48.205  1924  1924 I Watchdog: Pausing HandlerChecker: main thread for reason: dexopt. Pause count: 1
10-04 11:07:48.205  1924  1924 I Watchdog: Resuming HandlerChecker: main thread for reason: dexopt. Pause count: 0
10-04 11:07:48.205  1924  1924 D SystemServerTiming: UpdatePackagesIfNeeded took to complete: 0ms
10-04 11:07:48.205  1924  1924 I SystemServer: PerformFstrimIfNeeded
10-04 11:07:48.207  1924  1924 D SystemServerTiming: PerformFstrimIfNeeded took to complete: 1ms
10-04 11:07:48.207  1924  1924 I SystemServer: StartLockSettingsService
10-04 11:07:48.207  1924  1924 I SystemServiceManager: Starting com.android.server.locksettings.LockSettingsService$Lifecycle
10-04 11:07:48.179  1766  1992 D installd: Found quota mount /dev/block/vdc at /data
10-04 11:07:48.368  1688  1688 W Zygote  : Class not found for preloading: android.bluetooth.BluetoothA2dp$2
10-04 11:07:48.413  1924  1924 W SystemServiceManager: Service com.android.server.locksettings.LockSettingsService$Lifecycle took 205 ms in onStart
10-04 11:07:48.415  1924  1924 D SystemServerTiming: StartLockSettingsService took to complete: 207ms
10-04 11:07:48.415  1924  1924 I SystemServer: StartTestHarnessMode
10-04 11:07:48.415  1924  1924 I SystemServiceManager: Starting com.android.server.testharness.TestHarnessModeService
10-04 11:07:48.421  1924  1924 D SystemServerTiming: StartTestHarnessMode took to complete: 5ms
10-04 11:07:48.424  1569  1569 I hwservicemanager: getTransport: Cannot find entry android.hardware.oemlock@1.0::IOemLock/default in either framework or device manifest.
10-04 11:07:48.426  1924  1924 I OemLock : OemLock HAL not present on device
10-04 11:07:48.427  1924  1924 I SystemServer: StartDeviceIdleController
10-04 11:07:48.427  1924  1924 I SystemServiceManager: Starting com.android.server.DeviceIdleController
10-04 11:07:48.461  1924  1924 D SystemServerTiming: StartDeviceIdleController took to complete: 34ms
10-04 11:07:48.461  1924  1924 I SystemServer: StartDevicePolicyManager
10-04 11:07:48.461  1924  1924 I SystemServiceManager: Starting com.android.server.devicepolicy.DevicePolicyManagerService$Lifecycle
10-04 11:07:48.465  1688  1688 I PackageBackwardCompatibility: Could not find android.content.pm.AndroidTestBaseUpdater, ignoring
10-04 11:07:48.519  1924  1924 D SystemServerTiming: StartDevicePolicyManager took to complete: 58ms
10-04 11:07:48.519  1924  1924 I SystemServer: StartStatusBarManagerService
10-04 11:07:48.541  1924  1924 D SystemServerTiming: StartStatusBarManagerService took to complete: 22ms
10-04 11:07:48.541  1924  1924 D SystemServer: ContentCaptureService disabled because resource is not overlaid
10-04 11:07:48.542  1924  1924 D SystemServer: AttentionService is not configured on this device
10-04 11:07:48.543  1924  1924 D SystemServer: SystemCaptionsManagerService disabled because resource is not overlaid
10-04 11:07:48.543  1924  1924 I SystemServer: StartAppPredictionService
10-04 11:07:48.547  1924  1924 I SystemServiceManager: Starting com.android.server.appprediction.AppPredictionManagerService
10-04 11:07:48.559  1924  1924 D SystemServerTiming: StartAppPredictionService took to complete: 17ms
10-04 11:07:48.559  1924  1924 I SystemServer: StartContentSuggestionsService
10-04 11:07:48.565  1924  1924 I SystemServiceManager: Starting com.android.server.contentsuggestions.ContentSuggestionsManagerService
10-04 11:07:48.570  1924  1924 D SystemServerTiming: StartContentSuggestionsService took to complete: 10ms
10-04 11:07:48.570  1924  1924 I SystemServer: InitNetworkStackClient
10-04 11:07:48.593  1924  1924 D SystemServerTiming: InitNetworkStackClient took to complete: 23ms
10-04 11:07:48.594  1924  1924 I SystemServer: StartNetworkManagementService
10-04 11:07:48.627  1686  1686 I netd    : registerUnsolicitedEventListener() <1.00ms>
10-04 11:07:48.644  1924  1924 D SystemServerTiming: StartNetworkManagementService took to complete: 50ms
10-04 11:07:48.644  1924  1924 I SystemServer: StartIpSecService
10-04 11:07:48.647  1924  1924 D SystemServerTiming: StartIpSecService took to complete: 4ms
10-04 11:07:48.648  1924  1924 I SystemServer: StartTextServicesManager
10-04 11:07:48.648  1924  1924 I SystemServiceManager: Starting com.android.server.textservices.TextServicesManagerService$Lifecycle
10-04 11:07:48.652  1924  1924 D SystemServerTiming: StartTextServicesManager took to complete: 4ms
10-04 11:07:48.652  1924  1924 I SystemServer: StartTextClassificationManagerService
10-04 11:07:48.652  1924  1924 I SystemServiceManager: Starting com.android.server.textclassifier.TextClassificationManagerService$Lifecycle
10-04 11:07:48.662  1924  1924 D SystemServerTiming: StartTextClassificationManagerService took to complete: 9ms
10-04 11:07:48.662  1924  1924 I SystemServer: StartNetworkScoreService
10-04 11:07:48.662  1924  1924 I SystemServiceManager: Starting com.android.server.NetworkScoreService$Lifecycle
10-04 11:07:48.665  1924  1924 I NetworkScoreService: Registering network_score
10-04 11:07:48.671  1924  1924 D SystemServerTiming: StartNetworkScoreService took to complete: 9ms
10-04 11:07:48.671  1924  1924 I SystemServer: StartNetworkStatsService
10-04 11:07:48.692  1924  1924 D SystemServerTiming: StartNetworkStatsService took to complete: 21ms
10-04 11:07:48.692  1924  1924 I SystemServer: StartNetworkPolicyManagerService
10-04 11:07:48.722  1924  1934 I system_server: Background young concurrent copying GC freed 24290(1861KB) AllocSpace objects, 16(384KB) LOS objects, 33% free, 4443KB/6641KB, paused 103us total 283.751ms
10-04 11:07:48.731  1924  1924 D SystemServerTiming: StartNetworkPolicyManagerService took to complete: 39ms
10-04 11:07:48.731  1924  1924 I SystemServer: StartWifi
10-04 11:07:48.860  1924  1924 W system_server: Verification of void com.android.server.wifi.WifiService.<init>(android.content.Context) took 108.399ms
10-04 11:07:48.863  1924  1924 I SystemServiceManager: Starting com.android.server.wifi.WifiService
10-04 11:07:49.027  1924  1924 W system_server: Verification of void com.android.server.wifi.WifiInjector.<init>(android.content.Context) took 153.295ms
10-04 11:07:49.385  1924  1924 E HostapdHal: Malformed channel value detected: java.lang.NumberFormatException: For input string: ""
10-04 11:07:49.481  1924  1924 D WifiCountryCode: mDefaultCountryCode null mRevertCountryCodeOnCellularLoss false
10-04 11:07:49.482  1924  1924 D WifiApConfigStore: 2G band allowed channels are:1,6,11
10-04 11:07:49.513  1924  1924 I WifiScoringParams: rssi2=-83:-80:-73:-60,rssi5=-80:-77:-70:-57,pps=0:1:100,horizon=15,nud=8,expid=0
10-04 11:07:49.716  1924  1924 D WifiOpenNetworkNotifier: Settings toggle enabled=true
10-04 11:07:49.717  1924  1924 D WifiCarrierNetworkNotifier: Settings toggle enabled=true
10-04 11:07:49.753  1924  1924 D WifiActiveModeWarden: Starting Wifi in WifiDisabledState
10-04 11:07:49.754  1924  2030 D WifiActiveModeWarden: Entering WifiDisabledState
10-04 11:07:49.760  1924  1924 D WakeupController: WifiWake enabled
10-04 11:07:49.776  1924  1924 E WifiClientModeImpl: getWifiLinkLayerStats called without an interface
10-04 11:07:49.791  1924  1924 E SupplicantStaIfaceHal: Can't call setDebugParams, ISupplicant is null
10-04 11:07:49.792  1924  1924 W WifiDiags: no ring buffers found
10-04 11:07:49.793  1924  1924 W WifiDiags: Failed to start packet fate monitoring
10-04 11:07:49.794  1924  1924 I WifiService: Registering wifi
10-04 11:07:49.797  1924  1924 D SystemServerTiming: StartWifi took to complete: 1066ms
10-04 11:07:49.797  1924  1924 I SystemServer: StartWifiScanning
10-04 11:07:49.801  1924  1924 I SystemServiceManager: Starting com.android.server.wifi.scanner.WifiScanningService
10-04 11:07:49.802  1924  1924 I WifiScanningService: Creating wifiscanner
10-04 11:07:49.821  1924  1924 I WifiScanningService: Publishing wifiscanner
10-04 11:07:49.824  1924  1924 D SystemServerTiming: StartWifiScanning took to complete: 26ms
10-04 11:07:49.824  1924  1924 I SystemServer: StartWifiP2P
10-04 11:07:49.825  1924  1924 I SystemServiceManager: Starting com.android.server.wifi.p2p.WifiP2pService
10-04 11:07:49.874  1924  1924 W HalDevMgr: isWifiStarted called but mWifi is null!?
10-04 11:07:49.877  1924  1924 I WifiP2pService: Registering wifip2p
10-04 11:07:49.879  1924  1924 D SystemServerTiming: StartWifiP2P took to complete: 55ms
10-04 11:07:49.879  1924  1924 I SystemServer: StartConnectivityService
10-04 11:07:49.892  1924  1924 D ConnectivityService: ConnectivityService starting up
10-04 11:07:49.910  1924  1924 D ConnectivityService: wifiOnly=false
10-04 11:07:49.973  1924  1924 D SystemServerTiming: StartConnectivityService took to complete: 94ms
10-04 11:07:49.974  1924  1924 I SystemServer: StartNsdService
10-04 11:07:49.977  1924  1924 D NsdService: Network service discovery is enabled
10-04 11:07:49.994  1924  1924 D SystemServerTiming: StartNsdService took to complete: 21ms
10-04 11:07:49.995  1924  1924 I SystemServer: StartSystemUpdateManagerService
10-04 11:07:49.996  1924  1924 I SystemUpdateManagerService: No existing info file /data/system/system-update-info.xml
10-04 11:07:49.999  1924  1924 D SystemServerTiming: StartSystemUpdateManagerService took to complete: 4ms
10-04 11:07:49.999  1924  1924 I SystemServer: StartUpdateLockService
10-04 11:07:50.002  1924  1924 D SystemServerTiming: StartUpdateLockService took to complete: 3ms
10-04 11:07:50.003  1924  1924 I SystemServer: StartNotificationManager
10-04 11:07:50.003  1924  1924 I SystemServiceManager: Starting com.android.server.notification.NotificationManagerService
10-04 11:07:50.070  1924  1924 D ConditionProviders.SCP: new ScheduleConditionProvider()
10-04 11:07:50.117  1924  1924 I NotificationListeners: Read notification listener permissions from xml
10-04 11:07:50.118  1924  1924 I NotificationAssistants: Read notification assistant permissions from xml
10-04 11:07:50.130  1924  1924 I ConditionProviders: Read condition provider permissions from xml
10-04 11:07:50.130  1924  1924 I ConditionProviders: Read condition provider permissions from xml
10-04 11:07:50.131  1924  1924 D NotificationAssistants: Approving default notification assistant for user 0
10-04 11:07:50.133  1924  1924 I ConditionProviders:  Allowing condition provider android.ext.services/android.ext.services.notification.Assistant
10-04 11:07:50.142  1924  1924 D NotificationService: Set default NAS to be android.ext.services/android.ext.services.notification.Assistant in 0
10-04 11:07:50.195  1924  1924 W SystemServiceManager: Service com.android.server.notification.NotificationManagerService took 175 ms in onStart
10-04 11:07:50.219  1924  1924 D SystemServerTiming: StartNotificationManager took to complete: 216ms
10-04 11:07:50.219  1924  1924 I SystemServer: StartDeviceMonitor
10-04 11:07:50.219  1924  1924 I SystemServiceManager: Starting com.android.server.storage.DeviceStorageMonitorService
10-04 11:07:50.229  1924  1924 D SystemServerTiming: StartDeviceMonitor took to complete: 10ms
10-04 11:07:50.229  1924  1924 I SystemServer: StartLocationManagerService
10-04 11:07:50.238  1924  1924 D SystemServerTiming: StartLocationManagerService took to complete: 9ms
10-04 11:07:50.238  1924  1924 I SystemServer: StartCountryDetectorService
10-04 11:07:50.253  1924  1924 D SystemServerTiming: StartCountryDetectorService took to complete: 14ms
10-04 11:07:50.253  1924  1924 I SystemServer: StartTimeDetectorService
10-04 11:07:50.253  1924  1924 I SystemServiceManager: Starting com.android.server.timedetector.TimeDetectorService$Lifecycle
10-04 11:07:50.257  1924  1924 D SystemServerTiming: StartTimeDetectorService took to complete: 4ms
10-04 11:07:50.257  1924  1924 I SystemServer: StartSearchManagerService
10-04 11:07:50.257  1924  1924 I SystemServiceManager: Starting com.android.server.search.SearchManagerService$Lifecycle
10-04 11:07:50.260  1924  1924 D SystemServerTiming: StartSearchManagerService took to complete: 3ms
10-04 11:07:50.260  1924  1924 I SystemServer: StartWallpaperManagerService
10-04 11:07:50.260  1924  1924 I SystemServiceManager: Starting com.android.server.wallpaper.WallpaperManagerService$Lifecycle
10-04 11:07:50.270  1924  1924 D SystemServerTiming: StartWallpaperManagerService took to complete: 9ms
10-04 11:07:50.270  1924  1924 I SystemServer: StartAudioService
10-04 11:07:50.271  1924  1924 I SystemServiceManager: Starting com.android.server.audio.AudioService$Lifecycle
10-04 11:07:50.336  1729  1729 D PermissionCache: checking android.permission.MODIFY_AUDIO_ROUTING for uid=1000 => granted (2005 us)
10-04 11:07:50.343  1924  1924 W TelecomManager: Telecom Service not found.
10-04 11:07:50.349  1729  1729 D PermissionCache: checking android.permission.MODIFY_AUDIO_SETTINGS for uid=1000 => granted (607 us)
10-04 11:07:50.358  1729  1903 W AudioFlinger: no wake lock to update, system not ready yet
10-04 11:07:50.375  1696  1696 W DeviceHAL: Error from HAL Device in function set_mic_mute: Function not implemented
10-04 11:07:50.378  1924  1924 E AudioSystem-JNI: Command failed for android_media_AudioSystem_muteMicrophone: -38
10-04 11:07:50.580  1729  1729 D AudioFlinger: isLowRamDevice:false totalMemory:2089689088 mClientSharedHeapSize:4194304
10-04 11:07:50.592  1924  1924 D SystemServerTiming: StartAudioService took to complete: 322ms
10-04 11:07:50.593  1924  1924 I SystemServer: StartDockObserver
10-04 11:07:50.593  1924  1924 I SystemServiceManager: Starting com.android.server.DockObserver
10-04 11:07:50.594  1924  1924 W DockObserver: This kernel does not have dock station support
10-04 11:07:50.657  1924  1924 W SystemServiceManager: Service com.android.server.DockObserver took 62 ms in onStart
10-04 11:07:50.658  1924  1924 D SystemServerTiming: StartDockObserver took to complete: 65ms
10-04 11:07:50.658  1924  1924 I SystemServer: StartWiredAccessoryManager
10-04 11:07:50.665  1924  1924 W WiredAccessoryManager: This kernel does not have usb audio support
10-04 11:07:50.666  1924  1924 W WiredAccessoryManager: This kernel does not have HDMI audio support
10-04 11:07:50.666  1924  1924 D SystemServerTiming: StartWiredAccessoryManager took to complete: 8ms
10-04 11:07:50.666  1924  1924 I SystemServer: StartMidiManager
10-04 11:07:50.666  1924  1924 I SystemServiceManager: Starting com.android.server.midi.MidiService$Lifecycle
10-04 11:07:50.674  1924  1924 D SystemServerTiming: StartMidiManager took to complete: 7ms
10-04 11:07:50.674  1924  1924 I SystemServer: StartAdbService
10-04 11:07:50.675  1924  1924 I SystemServiceManager: Starting com.android.server.adb.AdbService$Lifecycle
10-04 11:07:50.680  1924  1924 D SystemServerTiming: StartAdbService took to complete: 5ms
10-04 11:07:50.680  1924  1924 I SystemServer: StartUsbService
10-04 11:07:50.680  1924  1924 I SystemServiceManager: Starting com.android.server.usb.UsbService$Lifecycle
10-04 11:07:50.688  1924  1924 E UsbDeviceManager: failed to write to /sys/class/android_usb/android0/f_rndis/ethaddr
10-04 11:07:50.694  1569  1569 I hwservicemanager: getTransport: Cannot find entry android.hardware.usb.gadget@1.0::IUsbGadget/default in either framework or device manifest.
10-04 11:07:50.707  1924  1924 I UsbDeviceManager: USB GADGET HAL not present in the device
10-04 11:07:50.707  1924  1924 I UsbDeviceManager: java.util.NoSuchElementException
10-04 11:07:50.707  1924  1924 I UsbDeviceManager: 	at android.os.HwBinder.getService(Native Method)
10-04 11:07:50.707  1924  1924 I UsbDeviceManager: 	at android.hardware.usb.gadget.V1_0.IUsbGadget.getService(IUsbGadget.java:55)
10-04 11:07:50.707  1924  1924 I UsbDeviceManager: 	at android.hardware.usb.gadget.V1_0.IUsbGadget.getService(IUsbGadget.java:62)
10-04 11:07:50.707  1924  1924 I UsbDeviceManager: 	at com.android.server.usb.UsbDeviceManager.<init>(UsbDeviceManager.java:262)
10-04 11:07:50.707  1924  1924 I UsbDeviceManager: 	at com.android.server.usb.UsbService.<init>(UsbService.java:150)
10-04 11:07:50.707  1924  1924 I UsbDeviceManager: 	at com.android.server.usb.UsbService$Lifecycle.onStart(UsbService.java:84)
10-04 11:07:50.707  1924  1924 I UsbDeviceManager: 	at com.android.server.SystemServiceManager.startService(SystemServiceManager.java:129)
10-04 11:07:50.707  1924  1924 I UsbDeviceManager: 	at com.android.server.SystemServiceManager.startService(SystemServiceManager.java:116)
10-04 11:07:50.707  1924  1924 I UsbDeviceManager: 	at com.android.server.SystemServiceManager.startService(SystemServiceManager.java:75)
10-04 11:07:50.707  1924  1924 I UsbDeviceManager: 	at com.android.server.SystemServer.startOtherServices(SystemServer.java:1532)
10-04 11:07:50.707  1924  1924 I UsbDeviceManager: 	at com.android.server.SystemServer.run(SystemServer.java:512)
10-04 11:07:50.707  1924  1924 I UsbDeviceManager: 	at com.android.server.SystemServer.main(SystemServer.java:349)
10-04 11:07:50.707  1924  1924 I UsbDeviceManager: 	at java.lang.reflect.Method.invoke(Native Method)
10-04 11:07:50.707  1924  1924 I UsbDeviceManager: 	at com.android.internal.os.RuntimeInit$MethodAndArgsCaller.run(RuntimeInit.java:492)
10-04 11:07:50.707  1924  1924 I UsbDeviceManager: 	at com.android.internal.os.ZygoteInit.main(ZygoteInit.java:908)
10-04 11:07:50.707  1924  1924 E UsbDeviceManagerJNI: could not open control for mtp No such file or directory
10-04 11:07:50.708  1924  1924 E UsbDeviceManager: Failed to open control for mtp
10-04 11:07:50.708  1924  1924 E UsbDeviceManagerJNI: could not open control for ptp No such file or directory
10-04 11:07:50.708  1924  1924 E UsbDeviceManager: Failed to open control for ptp
10-04 11:07:50.825  1924  1924 W StorageManagerService: No primary storage defined yet; hacking together a stub
10-04 11:07:50.829  1924  1924 E UsbDeviceManagerJNI: could not open /dev/usb_accessory
10-04 11:07:50.843  1924  1924 I android_os_HwBinder: HwBinder: Starting thread pool for getting: android.hidl.manager@1.0::IServiceManager/default
10-04 11:07:50.849  1569  1569 I hwservicemanager: getTransport: Cannot find entry android.hardware.usb@1.0::IUsb/default in either framework or device manifest.
10-04 11:07:50.855  1924  1924 E UsbPortManager: connectToProxy: usb hal service not found. Did the service fail to start?
10-04 11:07:50.855  1924  1924 E UsbPortManager: java.util.NoSuchElementException
10-04 11:07:50.855  1924  1924 E UsbPortManager: 	at android.os.HwBinder.getService(Native Method)
10-04 11:07:50.855  1924  1924 E UsbPortManager: 	at android.os.HwBinder.getService(HwBinder.java:83)
10-04 11:07:50.855  1924  1924 E UsbPortManager: 	at android.hardware.usb.V1_0.IUsb.getService(IUsb.java:70)
10-04 11:07:50.855  1924  1924 E UsbPortManager: 	at android.hardware.usb.V1_0.IUsb.getService(IUsb.java:77)
10-04 11:07:50.855  1924  1924 E UsbPortManager: 	at com.android.server.usb.UsbPortManager.connectToProxy(UsbPortManager.java:780)
10-04 11:07:50.855  1924  1924 E UsbPortManager: 	at com.android.server.usb.UsbPortManager.<init>(UsbPortManager.java:175)
10-04 11:07:50.855  1924  1924 E UsbPortManager: 	at com.android.server.usb.UsbService.<init>(UsbService.java:153)
10-04 11:07:50.855  1924  1924 E UsbPortManager: 	at com.android.server.usb.UsbService$Lifecycle.onStart(UsbService.java:84)
10-04 11:07:50.855  1924  1924 E UsbPortManager: 	at com.android.server.SystemServiceManager.startService(SystemServiceManager.java:129)
10-04 11:07:50.855  1924  1924 E UsbPortManager: 	at com.android.server.SystemServiceManager.startService(SystemServiceManager.java:116)
10-04 11:07:50.855  1924  1924 E UsbPortManager: 	at com.android.server.SystemServiceManager.startService(SystemServiceManager.java:75)
10-04 11:07:50.855  1924  1924 E UsbPortManager: 	at com.android.server.SystemServer.startOtherServices(SystemServer.java:1532)
10-04 11:07:50.855  1924  1924 E UsbPortManager: 	at com.android.server.SystemServer.run(SystemServer.java:512)
10-04 11:07:50.855  1924  1924 E UsbPortManager: 	at com.android.server.SystemServer.main(SystemServer.java:349)
10-04 11:07:50.855  1924  1924 E UsbPortManager: 	at java.lang.reflect.Method.invoke(Native Method)
10-04 11:07:50.855  1924  1924 E UsbPortManager: 	at com.android.internal.os.RuntimeInit$MethodAndArgsCaller.run(RuntimeInit.java:492)
10-04 11:07:50.855  1924  1924 E UsbPortManager: 	at com.android.internal.os.ZygoteInit.main(ZygoteInit.java:908)
10-04 11:07:50.869  1924  1924 W SystemServiceManager: Service com.android.server.usb.UsbService$Lifecycle took 189 ms in onStart
10-04 11:07:50.870  1924  1924 D SystemServerTiming: StartUsbService took to complete: 190ms
10-04 11:07:50.870  1924  1924 I SystemServer: StartSerialService
10-04 11:07:50.874  1924  1924 D SystemServerTiming: StartSerialService took to complete: 4ms
10-04 11:07:50.874  1924  1924 I SystemServer: StartHardwarePropertiesManagerService
10-04 11:07:50.876  1569  1569 I hwservicemanager: getTransport: Cannot find entry android.hardware.thermal@1.0::IThermal/default in either framework or device manifest.
10-04 11:07:50.879  1924  1924 E HardwarePropertiesManagerService-JNI: Unable to get Thermal service.
10-04 11:07:50.881  1924  1924 D SystemServerTiming: StartHardwarePropertiesManagerService took to complete: 7ms
10-04 11:07:50.881  1924  1924 I SystemServer: StartTwilightService
10-04 11:07:50.882  1924  1924 I SystemServiceManager: Starting com.android.server.twilight.TwilightService
10-04 11:07:50.882  1924  1924 D SystemServerTiming: StartTwilightService took to complete: 0ms
10-04 11:07:50.882  1924  1924 I SystemServer: StartColorDisplay
10-04 11:07:50.882  1924  1924 I SystemServiceManager: Starting com.android.server.display.color.ColorDisplayService
10-04 11:07:50.894  1924  1924 D SystemServerTiming: StartColorDisplay took to complete: 13ms
10-04 11:07:50.895  1924  1924 I SystemServer: StartJobScheduler
10-04 11:07:50.895  1924  1924 I SystemServiceManager: Starting com.android.server.job.JobSchedulerService
10-04 11:07:50.924  1924  1924 D JobStore: Start tag: job-info
10-04 11:07:50.934  1924  1924 I JobStore: Read 3 jobs
10-04 11:07:50.969  1924  1924 D SystemServerTiming: StartJobScheduler took to complete: 74ms
10-04 11:07:50.969  1924  1924 I SystemServer: StartSoundTrigger
10-04 11:07:50.969  1924  1924 I SystemServiceManager: Starting com.android.server.soundtrigger.SoundTriggerService
10-04 11:07:50.972  1924  1924 D SystemServerTiming: StartSoundTrigger took to complete: 3ms
10-04 11:07:50.972  1924  1924 I SystemServer: StartTrustManager
10-04 11:07:50.974  1924  1924 I SystemServiceManager: Starting com.android.server.trust.TrustManagerService
10-04 11:07:50.988  1924  1924 D SystemServerTiming: StartTrustManager took to complete: 14ms
10-04 11:07:50.988  1924  1924 I SystemServer: StartBackupManager
10-04 11:07:50.988  1924  1924 I SystemServiceManager: Starting com.android.server.backup.BackupManagerService$Lifecycle
10-04 11:07:51.009  1924  1924 D SystemServerTiming: StartBackupManager took to complete: 21ms
10-04 11:07:51.009  1924  1924 I SystemServer: StartAppWidgetService
10-04 11:07:51.009  1924  1924 I SystemServiceManager: Starting com.android.server.appwidget.AppWidgetService
10-04 11:07:51.022  1924  1924 D SystemServerTiming: StartAppWidgetService took to complete: 14ms
10-04 11:07:51.023  1924  1924 I SystemServer: StartRoleManagerService
10-04 11:07:51.034  1924  1924 D SystemServerTiming: StartRoleManagerService took to complete: 10ms
10-04 11:07:51.034  1924  1924 I SystemServer: StartVoiceRecognitionManager
10-04 11:07:51.035  1924  1924 I SystemServiceManager: Starting com.android.server.voiceinteraction.VoiceInteractionManagerService
10-04 11:07:51.051  1924  1924 I RoleUserState: Read roles.xml successfully
10-04 11:07:51.053  1924  1924 W VoiceInteractionManagerService: Unable to resolve default voice recognition service.
10-04 11:07:51.054  1924  1924 D SystemServerTiming: StartVoiceRecognitionManager took to complete: 20ms
10-04 11:07:51.055  1924  1924 I SystemServer: StartGestureLauncher
10-04 11:07:51.055  1924  1924 I SystemServiceManager: Starting com.android.server.GestureLauncherService
10-04 11:07:51.055  1924  1924 D SystemServerTiming: StartGestureLauncher took to complete: 1ms
10-04 11:07:51.056  1924  1924 I SystemServer: StartSensorNotification
10-04 11:07:51.056  1924  1924 I SystemServiceManager: Starting com.android.server.SensorNotificationService
10-04 11:07:51.056  1924  1924 D SystemServerTiming: StartSensorNotification took to complete: 0ms
10-04 11:07:51.057  1924  1924 I SystemServer: StartContextHubSystemService
10-04 11:07:51.057  1924  1924 I SystemServiceManager: Starting com.android.server.ContextHubSystemService
10-04 11:07:51.058  1924  1924 D SystemServerTiming: StartContextHubSystemService took to complete: 0ms
10-04 11:07:51.058  1924  1924 I SystemServer: StartDiskStatsService
10-04 11:07:51.077  1924  1924 D SystemServerTiming: StartDiskStatsService took to complete: 19ms
10-04 11:07:51.077  1924  1924 I SystemServer: RuntimeService
10-04 11:07:51.079  1924  1924 D SystemServerTiming: RuntimeService took to complete: 1ms
10-04 11:07:51.079  1924  1924 I SystemServer: StartNetworkTimeUpdateService
10-04 11:07:51.080  1924  1924 D SystemServer: Using networkTimeUpdater class=class com.android.server.NewNetworkTimeUpdateService
10-04 11:07:51.083  1924  1924 D SystemServerTiming: StartNetworkTimeUpdateService took to complete: 3ms
10-04 11:07:51.083  1924  1924 I SystemServer: CertBlacklister
10-04 11:07:51.085  1924  1924 D SystemServerTiming: CertBlacklister took to complete: 2ms
10-04 11:07:51.085  1924  1924 I SystemServer: StartEmergencyAffordanceService
10-04 11:07:51.085  1924  1924 I SystemServiceManager: Starting com.android.server.emergency.EmergencyAffordanceService
10-04 11:07:51.086  1924  1924 D SystemServerTiming: StartEmergencyAffordanceService took to complete: 1ms
10-04 11:07:51.086  1924  1924 I SystemServer: StartDreamManager
10-04 11:07:51.086  1924  1924 I SystemServiceManager: Starting com.android.server.dreams.DreamManagerService
10-04 11:07:51.088  1924  1924 D SystemServerTiming: StartDreamManager took to complete: 3ms
10-04 11:07:51.089  1924  1924 I SystemServer: AddGraphicsStatsService
10-04 11:07:51.109  1924  1924 D SystemServerTiming: AddGraphicsStatsService took to complete: 20ms
10-04 11:07:51.110  1924  1924 I SystemServer: StartPrintManager
10-04 11:07:51.110  1924  1924 I SystemServiceManager: Starting com.android.server.print.PrintManagerService
10-04 11:07:51.114  1924  1924 D SystemServerTiming: StartPrintManager took to complete: 4ms
10-04 11:07:51.115  1924  1924 I SystemServer: StartRestrictionManager
10-04 11:07:51.115  1924  1924 I SystemServiceManager: Starting com.android.server.restrictions.RestrictionsManagerService
10-04 11:07:51.119  1924  1924 D SystemServerTiming: StartRestrictionManager took to complete: 4ms
10-04 11:07:51.119  1924  1924 I SystemServer: StartMediaSessionService
10-04 11:07:51.119  1924  1924 I SystemServiceManager: Starting com.android.server.media.MediaSessionService
10-04 11:07:51.200  1924  1924 D SystemServerTiming: StartMediaSessionService took to complete: 81ms
10-04 11:07:51.200  1924  1924 I SystemServer: StartMediaResourceMonitor
10-04 11:07:51.201  1924  1924 I SystemServiceManager: Starting com.android.server.media.MediaResourceMonitorService
10-04 11:07:51.203  1924  1924 D SystemServerTiming: StartMediaResourceMonitor took to complete: 2ms
10-04 11:07:51.203  1924  1924 I SystemServer: StartMediaRouterService
10-04 11:07:51.212  1924  1924 D SystemServerTiming: StartMediaRouterService took to complete: 9ms
10-04 11:07:51.212  1924  1924 I SystemServer: StartFingerprintSensor
10-04 11:07:51.212  1924  1924 I SystemServiceManager: Starting com.android.server.biometrics.fingerprint.FingerprintService
10-04 11:07:51.220  1924  1924 D SystemServerTiming: StartFingerprintSensor took to complete: 8ms
10-04 11:07:51.220  1924  1924 I SystemServer: StartBiometricService
10-04 11:07:51.220  1924  1924 I SystemServiceManager: Starting com.android.server.biometrics.BiometricService
10-04 11:07:51.241  1924  1924 D SystemServerTiming: StartBiometricService took to complete: 20ms
10-04 11:07:51.241  1924  1924 I SystemServer: StartBackgroundDexOptService
10-04 11:07:51.242  1924  1924 W BackgroundDexOptService: SysProp pm.dexopt.downgrade_after_inactive_days not set
10-04 11:07:51.247  1924  1924 D SystemServerTiming: StartBackgroundDexOptService took to complete: 6ms
10-04 11:07:51.247  1924  1924 I SystemServer: StartDynamicCodeLoggingService
10-04 11:07:51.253  1924  1924 D SystemServerTiming: StartDynamicCodeLoggingService took to complete: 6ms
10-04 11:07:51.253  1924  1924 I SystemServer: StartPruneInstantAppsJobService
10-04 11:07:51.254  1924  1924 D SystemServerTiming: StartPruneInstantAppsJobService took to complete: 2ms
10-04 11:07:51.255  1924  1924 I SystemServer: StartShortcutServiceLifecycle
10-04 11:07:51.255  1924  1924 I SystemServiceManager: Starting com.android.server.pm.ShortcutService$Lifecycle
10-04 11:07:51.267  1688  1688 E ActivityRecognitionHardware: activity_recognition HAL is deprecated. class_init is effectively a no-op
10-04 11:07:51.274  1924  1924 D SystemServerTiming: StartShortcutServiceLifecycle took to complete: 19ms
10-04 11:07:51.274  1924  1924 I SystemServer: StartLauncherAppsService
10-04 11:07:51.274  1924  1924 I SystemServiceManager: Starting com.android.server.pm.LauncherAppsService
10-04 11:07:51.278  1924  1924 D SystemServerTiming: StartLauncherAppsService took to complete: 3ms
10-04 11:07:51.278  1924  1924 I SystemServer: StartCrossProfileAppsService
10-04 11:07:51.278  1924  1924 I SystemServiceManager: Starting com.android.server.pm.CrossProfileAppsService
10-04 11:07:51.281  1924  1924 D SystemServerTiming: StartCrossProfileAppsService took to complete: 3ms
10-04 11:07:51.281  1924  1924 I SystemServer: StartMediaProjectionManager
10-04 11:07:51.281  1924  1924 I SystemServiceManager: Starting com.android.server.media.projection.MediaProjectionManagerService
10-04 11:07:51.300  1924  1924 V MediaRouter: Selecting route: RouteInfo{ name=Phone, description=null, status=null, category=RouteCategory{ name=System types=ROUTE_TYPE_LIVE_AUDIO ROUTE_TYPE_LIVE_VIDEO  groupable=false }, supportedTypes=ROUTE_TYPE_LIVE_AUDIO ROUTE_TYPE_LIVE_VIDEO , presentationDisplay=null }
10-04 11:07:51.307  1924  1924 D SystemServerTiming: StartMediaProjectionManager took to complete: 26ms
10-04 11:07:51.307  1924  1924 I SystemServer: StartSliceManagerService
10-04 11:07:51.308  1924  1924 I SystemServiceManager: Starting com.android.server.slice.SliceManagerService$Lifecycle
10-04 11:07:51.320  1924  1924 D SystemServerTiming: StartSliceManagerService took to complete: 12ms
10-04 11:07:51.320  1924  1924 I SystemServer: StartCameraServiceProxy
10-04 11:07:51.320  1924  1924 I SystemServiceManager: Starting com.android.server.camera.CameraServiceProxy
10-04 11:07:51.328  1924  1924 D SystemServerTiming: StartCameraServiceProxy took to complete: 8ms
10-04 11:07:51.328  1924  1924 I SystemServer: StartStatsCompanionService
10-04 11:07:51.329  1924  1924 I SystemServiceManager: Starting com.android.server.stats.StatsCompanionService$Lifecycle
10-04 11:07:51.340  1924  1924 I StatsCompanionService: register thermal listener successfully
10-04 11:07:51.371  1924  1924 E KernelCpuThreadReader: Failed to initialize KernelCpuThreadReader
10-04 11:07:51.371  1924  1924 E KernelCpuThreadReader: java.nio.file.NoSuchFileException: /proc/self/time_in_state
10-04 11:07:51.371  1924  1924 E KernelCpuThreadReader: 	at sun.nio.fs.UnixFileSystemProvider.newByteChannel(UnixFileSystemProvider.java:214)
10-04 11:07:51.371  1924  1924 E KernelCpuThreadReader: 	at java.nio.file.Files.newByteChannel(Files.java:361)
10-04 11:07:51.371  1924  1924 E KernelCpuThreadReader: 	at java.nio.file.Files.newByteChannel(Files.java:407)
10-04 11:07:51.371  1924  1924 E KernelCpuThreadReader: 	at java.nio.file.Files.readAllBytes(Files.java:3152)
10-04 11:07:51.371  1924  1924 E KernelCpuThreadReader: 	at com.android.internal.os.ProcTimeInStateReader.initializeTimeInStateFormat(ProcTimeInStateReader.java:163)
10-04 11:07:51.371  1924  1924 E KernelCpuThreadReader: 	at com.android.internal.os.ProcTimeInStateReader.<init>(ProcTimeInStateReader.java:110)
10-04 11:07:51.371  1924  1924 E KernelCpuThreadReader: 	at com.android.internal.os.KernelCpuThreadReader.<init>(KernelCpuThreadReader.java:137)
10-04 11:07:51.371  1924  1924 E KernelCpuThreadReader: 	at com.android.internal.os.KernelCpuThreadReader.create(KernelCpuThreadReader.java:150)
10-04 11:07:51.371  1924  1924 E KernelCpuThreadReader: 	at com.android.internal.os.KernelCpuThreadReaderSettingsObserver.<init>(KernelCpuThreadReaderSettingsObserver.java:94)
10-04 11:07:51.371  1924  1924 E KernelCpuThreadReader: 	at com.android.internal.os.KernelCpuThreadReaderSettingsObserver.getSettingsModifiedReader(KernelCpuThreadReaderSettingsObserver.java:79)
10-04 11:07:51.371  1924  1924 E KernelCpuThreadReader: 	at com.android.server.stats.StatsCompanionService.<init>(StatsCompanionService.java:377)
10-04 11:07:51.371  1924  1924 E KernelCpuThreadReader: 	at com.android.server.stats.StatsCompanionService$Lifecycle.onStart(StatsCompanionService.java:2539)
10-04 11:07:51.371  1924  1924 E KernelCpuThreadReader: 	at com.android.server.SystemServiceManager.startService(SystemServiceManager.java:129)
10-04 11:07:51.371  1924  1924 E KernelCpuThreadReader: 	at com.android.server.SystemServiceManager.startService(SystemServiceManager.java:116)
10-04 11:07:51.371  1924  1924 E KernelCpuThreadReader: 	at com.android.server.SystemServer.startOtherServices(SystemServer.java:1879)
10-04 11:07:51.371  1924  1924 E KernelCpuThreadReader: 	at com.android.server.SystemServer.run(SystemServer.java:512)
10-04 11:07:51.371  1924  1924 E KernelCpuThreadReader: 	at com.android.server.SystemServer.main(SystemServer.java:349)
10-04 11:07:51.371  1924  1924 E KernelCpuThreadReader: 	at java.lang.reflect.Method.invoke(Native Method)
10-04 11:07:51.371  1924  1924 E KernelCpuThreadReader: 	at com.android.internal.os.RuntimeInit$MethodAndArgsCaller.run(RuntimeInit.java:492)
10-04 11:07:51.371  1924  1924 E KernelCpuThreadReader: 	at com.android.internal.os.ZygoteInit.main(ZygoteInit.java:908)
10-04 11:07:51.374  1924  1924 D SystemServerTiming: StartStatsCompanionService took to complete: 46ms
10-04 11:07:51.375  1924  1924 I SystemServer: StartIncidentCompanionService
10-04 11:07:51.375  1924  1924 I SystemServiceManager: Starting com.android.server.incident.IncidentCompanionService
10-04 11:07:51.380  1924  1924 D SystemServerTiming: StartIncidentCompanionService took to complete: 5ms
10-04 11:07:51.380  1924  1924 I SystemServer: StartMmsService
10-04 11:07:51.380  1924  1924 I SystemServiceManager: Starting com.android.server.MmsServiceBroker
10-04 11:07:51.384  1924  1924 D SystemServerTiming: StartMmsService took to complete: 3ms
10-04 11:07:51.384  1924  1924 I SystemServer: StartAutoFillService
10-04 11:07:51.384  1924  1924 I SystemServiceManager: Starting com.android.server.autofill.AutofillManagerService
10-04 11:07:51.396  1924  1924 D AutofillManagerService: setLogLevelFromSettings(): level=2, debug=true, verbose=false
10-04 11:07:51.403  1924  1924 D AutofillManagerService: setMaxPartitionsFromSettings(): 10
10-04 11:07:51.403  1924  1924 D AutofillManagerService: setMaxVisibleDatasetsFromSettings(): 0
10-04 11:07:51.406  1924  1942 D AutofillUI: destroySaveUiUiThread(): already destroyed
10-04 11:07:51.408  1924  1924 D AutofillManagerServiceImpl: Reset component for user 0:
10-04 11:07:51.415  1924  1924 D SystemServerTiming: StartAutoFillService took to complete: 31ms
10-04 11:07:51.415  1924  1924 I SystemServer: StartClipboardService
10-04 11:07:51.415  1924  1924 I SystemServiceManager: Starting com.android.server.clipboard.ClipboardService
10-04 11:07:51.429  1924  1924 D SystemServerTiming: StartClipboardService took to complete: 14ms
10-04 11:07:51.429  1924  1924 I SystemServer: AppServiceManager
10-04 11:07:51.429  1924  1924 I SystemServiceManager: Starting com.android.server.appbinding.AppBindingService$Lifecycle
10-04 11:07:51.432  1924  1924 D SystemServerTiming: AppServiceManager took to complete: 3ms
10-04 11:07:51.432  1924  1924 I SystemServer: MakeVibratorServiceReady
10-04 11:07:51.442  1924  1924 D SystemServerTiming: MakeVibratorServiceReady took to complete: 10ms
10-04 11:07:51.442  1924  1924 I SystemServer: MakeLockSettingsServiceReady
10-04 11:07:51.560  1569  1569 I hwservicemanager: getTransport: Cannot find entry android.hardware.weaver@1.0::IWeaver/default in either framework or device manifest.
10-04 11:07:51.561  1924  1924 I SyntheticPasswordManager: Device does not support weaver
10-04 11:07:51.563  1569  1569 I hwservicemanager: getTransport: Cannot find entry android.hardware.authsecret@1.0::IAuthSecret/default in either framework or device manifest.
10-04 11:07:51.564  1924  1924 I LockSettingsService: Device doesn't implement AuthSecret HAL
10-04 11:07:51.572  1924  1924 E LockSettingsStorage: Cannot read file java.io.FileNotFoundException: /data/system/gatekeeper.password.key: open failed: ENOENT (No such file or directory)
10-04 11:07:51.575  1924  1924 E LockSettingsStorage: Cannot read file java.io.FileNotFoundException: /data/system/password.key: open failed: ENOENT (No such file or directory)
10-04 11:07:51.576  1924  1924 E LockSettingsStorage: Cannot read file java.io.FileNotFoundException: /data/system/gatekeeper.pattern.key: open failed: ENOENT (No such file or directory)
10-04 11:07:51.577  1924  1924 E LockSettingsStorage: Cannot read file java.io.FileNotFoundException: /data/system/gatekeeper.gesture.key: open failed: ENOENT (No such file or directory)
10-04 11:07:51.579  1924  1924 E LockSettingsStorage: Cannot read file java.io.FileNotFoundException: /data/system/gesture.key: open failed: ENOENT (No such file or directory)
10-04 11:07:51.580  1924  1924 D SystemServerTiming: MakeLockSettingsServiceReady took to complete: 138ms
10-04 11:07:51.580  1924  1924 I SystemServer: StartBootPhaseLockSettingsReady
10-04 11:07:51.580  1924  1924 I SystemServiceManager: Starting phase 480
10-04 11:07:51.657  1924  1924 I DevicePolicyManager: Set ro.device_owner property to false
10-04 11:07:51.666  1924  1924 W SystemServiceManager: Service com.android.server.devicepolicy.DevicePolicyManagerService$Lifecycle took 85 ms in onBootPhase
10-04 11:07:51.731  1924  1924 W SystemServiceManager: Service com.android.server.pm.ShortcutService$Lifecycle took 65 ms in onBootPhase
10-04 11:07:51.732  1924  1924 D SystemServerTiming: StartBootPhaseLockSettingsReady took to complete: 152ms
10-04 11:07:51.732  1924  1924 I SystemServer: StartBootPhaseSystemServicesReady
10-04 11:07:51.732  1924  1924 I SystemServiceManager: Starting phase 500
10-04 11:07:51.743  1924  1924 D AppStandbyController: Setting app idle enabled state
10-04 11:07:51.811  1924  1924 W SystemServiceManager: Service com.android.server.usage.UsageStatsService took 76 ms in onBootPhase
10-04 11:07:51.872  1924  1924 W SystemServiceManager: Service com.android.server.CachedDeviceStateService took 61 ms in onBootPhase
10-04 11:07:51.934  1924  1924 I ActivityTaskManager: Config changes=200 {1.0 ?mcc?mnc [en_US] ldltr sw360dp w360dp h728dp 160dpi nrml long port finger qwerty/v/v dpad/v winConfig={ mBounds=Rect(0, 0 - 360, 800) mAppBounds=Rect(0, 0 - 360, 752) mWindowingMode=fullscreen mDisplayWindowingMode=fullscreen mActivityType=undefined mAlwaysOnTop=undefined mRotation=ROTATION_0} s.4}
10-04 11:07:51.969  1924  1924 I ActivityTaskManager: Override config changes=200 {1.0 ?mcc?mnc [en_US] ldltr sw360dp w360dp h728dp 160dpi nrml long port finger qwerty/v/v dpad/v winConfig={ mBounds=Rect(0, 0 - 360, 800) mAppBounds=Rect(0, 0 - 360, 752) mWindowingMode=fullscreen mDisplayWindowingMode=fullscreen mActivityType=undefined mAlwaysOnTop=undefined mRotation=ROTATION_0} s.4} for displayId=0
10-04 11:07:51.988  1924  1924 W SystemServiceManager: Service com.android.server.UiModeManagerService took 69 ms in onBootPhase
10-04 11:07:51.988  1924  1924 D TestHarnessModeService: Setting up test harness mode
10-04 11:07:51.988  1924  1924 D TestHarnessModeService: Getting PersistentDataBlockManagerInternal from LocalServices
10-04 11:07:51.988  1924  1924 E TestHarnessModeService: Failed to start Test Harness Mode; no implementation of PersistentDataBlockManagerInternal was bound!
10-04 11:07:52.029  1924  1924 I WifiService: WifiService starting up with Wi-Fi disabled
10-04 11:07:52.046  1924  2030 I android_os_HwBinder: HwBinder: Starting thread pool for getting: android.hidl.manager@1.2::IServiceManager/default
10-04 11:07:52.052  1924  1959 D HalDevMgr: IWifi registration notification: fqName=android.hardware.wifi@1.0::IWifi, name=default, preexisting=true
10-04 11:07:52.079  1924  1959 I android_os_HwBinder: HwBinder: Starting thread pool for getting: android.hardware.wifi@1.0::IWifi/default
10-04 11:07:52.111  1924  2030 D WificondControl: tearing down interfaces in wificond
10-04 11:07:52.167  1924  1924 D WifiController: isAirplaneModeOn = true, isWifiEnabled = false, isScanningAvailable = false, isLocationModeActive = true
10-04 11:07:52.170  1924  1924 W SystemServiceManager: Service com.android.server.wifi.WifiService took 148 ms in onBootPhase
10-04 11:07:52.170  1924  1924 I WifiScanningService: Starting wifiscanner
10-04 11:07:52.215  1924  1934 I system_server: Background concurrent copying GC freed 16057(1485KB) AllocSpace objects, 9(372KB) LOS objects, 42% free, 5272KB/9226KB, paused 134us total 899.929ms
10-04 11:07:52.279  1729  1729 D PermissionCache: checking android.permission.CAPTURE_AUDIO_HOTWORD for uid=1000 => granted (2421 us)
10-04 11:07:52.281  1924  1924 W SoundTriggerHelper: listModules status=0, # of modules=0
10-04 11:07:52.287  1924  1924 D ContextHubSystemService: onBootPhase: PHASE_SYSTEM_SERVICES_READY
10-04 11:07:52.295  1688  1688 I zygote  : Thread[1,tid=1688,Native,Thread*=0xe8b34e00,peer=0x12c40000,"main"] recursive attempt to load library "libmedia_jni.so"
10-04 11:07:52.296  1688  1688 D MtpDeviceJNI: register_android_mtp_MtpDevice
10-04 11:07:52.297  1688  1688 I zygote  : Thread[1,tid=1688,Native,Thread*=0xe8b34e00,peer=0x12c40000,"main"] recursive attempt to load library "libmedia_jni.so"
10-04 11:07:52.308  1688  1688 I zygote  : Thread[1,tid=1688,Native,Thread*=0xe8b34e00,peer=0x12c40000,"main"] recursive attempt to load library "libmedia_jni.so"
10-04 11:07:52.434  1688  1688 W Zygote  : Class not found for preloading: android.media.audiopolicy.AudioProductStrategies
10-04 11:07:52.434  1688  1688 W Zygote  : Class not found for preloading: android.media.audiopolicy.AudioVolumeGroups
10-04 11:07:52.758  1924  2030 D WifiActiveModeWarden: received a message in WifiDisabledState: { when=0 what=3 target=com.android.internal.util.StateMachine$SmHandler }
10-04 11:07:52.759  1924  2030 D WifiActiveModeWarden: Switching from WifiDisabledState to WifiDisabled
10-04 11:07:52.759  1924  2030 D WifiActiveModeWarden: Entering WifiDisabledState
10-04 11:07:53.097  1688  1688 W Zygote  : Class not found for preloading: android.view.textclassifier.-$$Lambda$TextClassificationManager$JIaezIJbMig_-kVzN6oArzkTsJE
10-04 11:07:53.136  1688  1688 W Zygote  : Class not found for preloading: com.android.internal.net.NetworkStatsFactory
10-04 11:07:53.164  1688  1688 W Zygote  : Class not found for preloading: com.android.internal.telephony.-$$Lambda$PhoneSubInfoController$8HFbCDJDN1mrLJG980qYH5MGqMk
10-04 11:07:53.166  1688  1688 W Zygote  : Class not found for preloading: com.android.internal.telephony.-$$Lambda$PhoneSubInfoController$U28a_EGx2cvmQhDfRRgonMt5Zrc
10-04 11:07:53.167  1688  1688 W Zygote  : Class not found for preloading: com.android.internal.telephony.-$$Lambda$SubscriptionInfoUpdater$-zZXM9oMRZ3vZz7dJOG19J00Bmw
10-04 11:07:53.167  1688  1688 W Zygote  : Class not found for preloading: com.android.internal.telephony.-$$Lambda$SubscriptionInfoUpdater$D5yF1HbS4cvCyoAj3FESkPtA_0g
10-04 11:07:53.167  1688  1688 W Zygote  : Class not found for preloading: com.android.internal.telephony.-$$Lambda$SubscriptionInfoUpdater$MMx9iQX0JVqqMPLTUZhdBubFSzU
10-04 11:07:53.188  1688  1688 W Zygote  : Class not found for preloading: com.android.internal.telephony.PhoneConfigurationModels
10-04 11:07:53.199  1688  1688 W Zygote  : Class not found for preloading: com.android.internal.telephony.SubscriptionController$ScLocalLog
10-04 11:07:53.209  1688  1688 W Zygote  : Class not found for preloading: com.android.internal.telephony.UiccSmsController
10-04 11:07:53.390  1688  1688 I Zygote  : ...preloaded 7590 classes in 6301ms.
10-04 11:07:53.391  1688  1688 I zygote  : VMRuntime.preloadDexCaches starting
10-04 11:07:53.463  1688  1688 I zygote  : VMRuntime.preloadDexCaches strings total=378948 before=9925 after=9925
10-04 11:07:53.464  1688  1688 I zygote  : VMRuntime.preloadDexCaches types total=35812 before=7199 after=7467
10-04 11:07:53.464  1688  1688 I zygote  : VMRuntime.preloadDexCaches fields total=160603 before=8020 after=8221
10-04 11:07:53.464  1688  1688 I zygote  : VMRuntime.preloadDexCaches methods total=281511 before=10884 after=11316
10-04 11:07:53.464  1688  1688 I zygote  : VMRuntime.preloadDexCaches finished
10-04 11:07:53.464  1688  1688 D ZygoteInitTiming_lazy: PreloadClasses took to complete: 6377ms
10-04 11:07:53.485  1688  1688 I zygote  : The ClassLoaderContext is a special shared library.
10-04 11:07:53.497  1688  1688 D ApplicationLoaders: Created zygote-cached class loader: /system/framework/android.hidl.base-V1.0-java.jar
10-04 11:07:53.509  1688  1688 I zygote  : The ClassLoaderContext is a special shared library.
10-04 11:07:53.512  1688  1688 D ApplicationLoaders: Created zygote-cached class loader: /system/framework/android.hidl.manager-V1.0-java.jar
10-04 11:07:53.512  1688  1688 D ZygoteInitTiming_lazy: CacheNonBootClasspathClassLoaders took to complete: 47ms
10-04 11:07:53.816  1688  1688 I Zygote  : Preloading resources...
10-04 11:07:53.954  1688  1688 W Resources: Preloaded drawable resource #0x108027c (android:drawable/dialog_background_material) that varies with configuration!!
10-04 11:07:54.037  1688  1688 I Zygote  : ...preloaded 64 resources in 221ms.
10-04 11:07:54.062  1688  1688 I Zygote  : ...preloaded 41 resources in 24ms.
10-04 11:07:54.062  1688  1688 D ZygoteInitTiming_lazy: PreloadResources took to complete: 550ms
10-04 11:07:54.114  1688  1688 I Zygote  : Preloading shared libraries...
10-04 11:07:54.188  1688  1688 I Zygote  : Called ZygoteHooks.endPreload()
10-04 11:07:54.194  1688  1688 I Zygote  : Installed AndroidKeyStoreProvider in 6ms.
10-04 11:07:54.247  1688  1688 I Zygote  : Warmed up JCA providers in 52ms.
10-04 11:07:54.247  1688  1688 D Zygote  : end preload
10-04 11:07:54.249  1924  1948 D SystemServerTimingAsync: SecondaryZygotePreload took to complete: 7472ms
10-04 11:07:54.250  1924  1948 D SystemServerInitThreadPool: Finished executing SecondaryZygotePreload
10-04 11:07:54.250  1924  1948 D SystemServerInitThreadPool: Started executing SchedulingPolicyService.<init>
10-04 11:07:54.262  1924  1948 I SchedulingPolicyService: Moving 1788 back to group default
10-04 11:07:54.265  1924  1948 D SystemServerInitThreadPool: Finished executing SchedulingPolicyService.<init>
10-04 11:07:54.265  1924  1948 D SystemServerInitThreadPool: Started executing StartHidlServices
10-04 11:07:54.274  1924  1948 I ServiceManagement: Registered android.frameworks.sensorservice@1.0::ISensorManager/default (start delay of 15424ms)
10-04 11:07:54.280  1924  1948 I ServiceManagement: Registered android.frameworks.schedulerservice@1.0::ISchedulingPolicyService/default (start delay of 15431ms)
10-04 11:07:54.280  1924  1948 D SystemServerTimingAsync: StartHidlServices took to complete: 15ms
10-04 11:07:54.281  1924  1948 D SystemServerInitThreadPool: Finished executing StartHidlServices
10-04 11:07:54.281  1924  1948 D SystemServerInitThreadPool: Started executing UiModeManager.onStart
10-04 11:07:54.281  1924  1948 D SystemServerInitThreadPool: Finished executing UiModeManager.onStart
10-04 11:07:54.281  1924  1948 D SystemServerInitThreadPool: Started executing Init ContextHubSystemService
10-04 11:07:54.283  1569  1569 I hwservicemanager: getTransport: Cannot find entry android.hardware.contexthub@1.0::IContexthub/default in either framework or device manifest.
10-04 11:07:54.286  1924  1948 I ContextHubService: Context Hub HAL service not found
10-04 11:07:54.286  1924  1948 D SystemServerInitThreadPool: Finished executing Init ContextHubSystemService
10-04 11:07:54.288  1924  1924 W SystemServiceManager: Service com.android.server.ContextHubSystemService took 2001 ms in onBootPhase
10-04 11:07:54.288  1924  1924 D SystemServerTiming: StartBootPhaseSystemServicesReady took to complete: 2556ms
10-04 11:07:54.288  1924  1924 I SystemServer: MakeWindowManagerServiceReady
10-04 11:07:54.301  1924  1924 I android_os_HwBinder: HwBinder: Starting thread pool for getting: android.hardware.configstore@1.0::ISurfaceFlingerConfigs/default
10-04 11:07:54.310  1924  1948 D SystemServerInitThreadPool: Started executing FingerprintService.onStart
10-04 11:07:54.311  1924  1948 V FingerprintService: mDaemon was null, reconnect to fingerprint
10-04 11:07:54.315  1924  1924 I android_os_HwBinder: HwBinder: Starting thread pool for getting: android.hardware.configstore@1.0::ISurfaceFlingerConfigs/default
10-04 11:07:54.324  1924  1948 I android_os_HwBinder: HwBinder: Starting thread pool for getting: android.hardware.biometrics.fingerprint@2.1::IBiometricsFingerprint/default
10-04 11:07:54.331  1924  1924 D SystemServerTiming: MakeWindowManagerServiceReady took to complete: 44ms
10-04 11:07:54.334  1924  1924 W InputReader: Device has associated, but no associated display id.
10-04 11:07:54.342  1924  1948 V FingerprintService: Fingerprint HAL id: 123197789954048
10-04 11:07:54.334  1924  1924 I chatty  : uid=1000 system_server identical 8 lines
10-04 11:07:54.334  1924  1924 W InputReader: Device has associated, but no associated display id.
10-04 11:07:54.345  1796  1796 D FingerprintHal: ----------------> fingerprint_set_active_group -----------------> path /data/vendor_de/0/fpdata
10-04 11:07:54.346  1796  1796 D FingerprintHal: ----------------> loadFingerprints ----------------->
10-04 11:07:54.350  1924  1924 I SystemServer: MakePowerManagerServiceReady
10-04 11:07:54.353  1796  1796 E FingerprintHal: Could not load fingerprints from storage at /data/vendor_de/0/fpdata/emufp.bin; it has not yet been created.
10-04 11:07:54.354  1796  1796 D FingerprintHal: ----------------> loadAuthenticatorId ----------------->
10-04 11:07:54.360  1796  1796 D FingerprintHal: Read authenticator id (0x6b8b4567327b23c6)
10-04 11:07:54.364  1924  1948 V FingerprintService: Enumerating user(0)
10-04 11:07:54.365  1924  1948 D SystemServerInitThreadPool: Finished executing FingerprintService.onStart
10-04 11:07:54.365  1924  1948 D SystemServerInitThreadPool: Started executing DevicePolicyManager
10-04 11:07:54.376  1924  1948 D SystemServerInitThreadPool: Finished executing DevicePolicyManager
10-04 11:07:54.385  1924  1924 E DisplayPowerController: failed to set up display white-balance: java.lang.IllegalStateException: cannot find sensor com.google.sensor.color
10-04 11:07:54.415  1924  1955 E KernelCpuUidFreqTimeReader: Failed to read /proc/uid_time_in_state: java.nio.file.NoSuchFileException: /proc/uid_time_in_state
10-04 11:07:54.418  1924  1955 W KernelCpuProcStringReader: File not found. It's normal if not implemented: /proc/uid_time_in_state
10-04 11:07:54.420  1924  1958 W KeyguardServiceDelegate: onScreenTurningOn(): no keyguard service!
10-04 11:07:54.426  1924  1955 W KernelCpuProcStringReader: File not found. It's normal if not implemented: /proc/uid_concurrent_active_time
10-04 11:07:54.427  1924  1955 W KernelCpuProcStringReader: File not found. It's normal if not implemented: /proc/uid_concurrent_policy_time
10-04 11:07:54.456  1924  1958 V DisplayPowerController: Brightness [102] reason changing to: 'override', previous reason: '0'.
10-04 11:07:54.465  1924  1924 D SystemServerTiming: MakePowerManagerServiceReady took to complete: 115ms
10-04 11:07:54.465  1924  1924 I SystemServer: MakePackageManagerServiceReady
10-04 11:07:54.483  1924  1924 I PackageManager: Un-granting permission android.permission.GLOBAL_SEARCH from package com.android.quicksearchbox (protectionLevel=18 flags=0x3088be45)
10-04 11:07:54.486  1924  1924 I PackageManager: Un-granting permission android.permission.BIND_WALLPAPER from package com.android.camera2 (protectionLevel=18 flags=0x20d8bc45)
10-04 11:07:54.512  1924  1924 I PackageManager: Un-granting permission android.permission.CONNECTIVITY_USE_RESTRICTED_NETWORKS from package com.android.captiveportallogin (protectionLevel=18 flags=0x38c8be45)
10-04 11:07:54.512  1924  1924 I PackageManager: Un-granting permission android.permission.NETWORK_BYPASS_PRIVATE_DNS from package com.android.captiveportallogin (protectionLevel=2 flags=0x38c8be45)
10-04 11:07:54.533  1924  1924 V UserDataPreparer: Found /data/user_de/0 with serial number 0
10-04 11:07:54.533  1924  1924 V UserDataPreparer: Found /data/user/0 with serial number 0
10-04 11:07:54.533  1924  1924 V UserDataPreparer: Found /data/system_de/0 with serial number 0
10-04 11:07:54.534  1924  1924 V UserDataPreparer: Found /data/system_ce/0 with serial number 0
10-04 11:07:54.534  1924  1924 V UserDataPreparer: Found /data/misc_ce/0 with serial number 0
10-04 11:07:54.549  1924  1924 D SystemServerTiming: MakePackageManagerServiceReady took to complete: 84ms
10-04 11:07:54.549  1924  1924 I SystemServer: MakeDisplayManagerServiceReady
10-04 11:07:54.558  1924  1944 E DisplayModeDirector: Asked about unknown display, returning empty allowed set! (id=0)
10-04 11:07:54.559  1924  1944 E DisplayModeDirector: Asked about unknown display, returning empty allowed set! (id=0)
10-04 11:07:54.568  1924  1924 D SystemServerTiming: MakeDisplayManagerServiceReady took to complete: 19ms
10-04 11:07:54.568  1924  1924 I SystemServer: StartDeviceSpecificServices
10-04 11:07:54.570  1924  1924 D SystemServerTiming: StartDeviceSpecificServices took to complete: 0ms
10-04 11:07:54.570  1924  1924 I SystemServer: StartBootPhaseDeviceSpecificServicesReady
10-04 11:07:54.570  1924  1924 I SystemServiceManager: Starting phase 520
10-04 11:07:54.571  1924  1924 D SystemServerTiming: StartBootPhaseDeviceSpecificServicesReady took to complete: 1ms
10-04 11:07:54.571  1924  1924 I SystemServer: StartPermissionPolicyService
10-04 11:07:54.571  1924  1924 I SystemServiceManager: Starting com.android.server.policy.PermissionPolicyService
10-04 11:07:54.582  1924  1924 D SystemServerTiming: StartPermissionPolicyService took to complete: 11ms
10-04 11:07:54.586  1924  1924 W UsageStatsService: Event reported without a package name, eventType:15
10-04 11:07:54.596  1924  1924 I AppOps  : Pruning old package system/com.android.server.appop.AppOpsService$UidState@e0f0184: new uid=-1
10-04 11:07:54.600  1924  1924 I ActivityManager: System now ready
10-04 11:07:54.633  1924  1924 I SystemServer: Making services ready
10-04 11:07:54.633  1924  1924 I SystemServer: StartActivityManagerReadyPhase
10-04 11:07:54.633  1924  1924 I SystemServiceManager: Starting phase 550
10-04 11:07:54.650  1924  1924 I android_os_HwBinder: HwBinder: Starting thread pool for getting: android.hardware.thermal@2.0::IThermal/default
10-04 11:07:54.659  1717  1717 I android.hardware.thermal@2.0-service-mock: A callback has been registered to ThermalHAL, isFilter: 0 Type: CPU
10-04 11:07:54.677  1924  1924 W ActivityManager: Too early to start/bind service in system_server: Phase=550 ComponentInfo{com.android.server.telecom/com.android.server.telecom.components.TelecomService}
10-04 11:07:54.681  1924  1924 W ActivityManager: Too early to start/bind service in system_server: Phase=550 ComponentInfo{com.android.server.telecom/com.android.server.telecom.components.TelecomService}
10-04 11:07:54.702  1924  1924 I SyncManager: No initial accounts
10-04 11:07:54.703  1924  1924 I SyncManager: No initial status
10-04 11:07:54.704  1924  1924 I SyncManager: No initial statistics
10-04 11:07:54.943  1924  1924 W SystemServiceManager: Service com.android.server.inputmethod.InputMethodManagerService$Lifecycle took 207 ms in onBootPhase
10-04 11:07:54.950  1924  2024 D StorageManagerService: Isolated storage local flag 0 and remote flag 0 resolved to true
10-04 11:07:54.968  1924  1924 I WallpaperManagerService: No static wallpaper imagery; defaults will be shown
10-04 11:07:54.968  1924  1924 V WallpaperManagerService: bindWallpaperComponentLocked: componentName=ComponentInfo{com.android.systemui/com.android.systemui.ImageWallpaper}
10-04 11:07:55.004  1924  1924 E BitmapFactory: Unable to decode stream: java.io.FileNotFoundException: /data/system/users/0/wallpaper_orig: open failed: ENOENT (No such file or directory)
10-04 11:07:55.004  1924  1924 W WallpaperManagerService: Invalid wallpaper data
10-04 11:07:55.005  1924  1924 E WallpaperManagerService: Unable to apply new wallpaper
10-04 11:07:55.020  1924  1924 W SystemServiceManager: Service com.android.server.wallpaper.WallpaperManagerService$Lifecycle took 64 ms in onBootPhase
10-04 11:07:55.031  1924  2042 E BluetoothAdapter: Bluetooth binder is null
10-04 11:07:55.052  1924  1924 I AppBindingService: Updating constants with: null
10-04 11:07:55.033  1924  2042 E BluetoothAdapter: Bluetooth binder is null
10-04 11:07:55.060  1729  1729 I AudioFlinger: systemReady
10-04 11:07:55.193  1687  1687 D Zygote  : Forked child process 2060
10-04 11:07:55.205  1924  1996 W system_server: Long monitor contention with owner main (1924) at void com.android.server.pm.PackageManagerService.forEachPackage(java.util.function.Consumer)(PackageManagerService.java:25136) waiters=0 in int com.android.server.pm.PackageManagerService.checkUidPermission(java.lang.String, int) for 142ms
10-04 11:07:55.235  1924  1924 W SystemServiceManager: Service com.android.server.policy.PermissionPolicyService took 182 ms in onBootPhase
10-04 11:07:55.235  1924  1924 D SystemServerTiming: StartActivityManagerReadyPhase took to complete: 601ms
10-04 11:07:55.235  1924  1924 I SystemServer: StartObservingNativeCrashes
10-04 11:07:55.236  1924  1924 D SystemServerTiming: StartObservingNativeCrashes took to complete: 0ms
10-04 11:07:55.236  1924  1948 D SystemServerInitThreadPool: Started executing WebViewFactoryPreparation
10-04 11:07:55.237  1924  1948 I SystemServer: WebViewFactoryPreparation
10-04 11:07:55.266  1924  1951 W ActivityManager: Slow operation: 291ms so far, now at startProcess: returned from zygote!
10-04 11:07:55.272  1924  1951 W ActivityManager: Slow operation: 297ms so far, now at startProcess: done updating battery stats
10-04 11:07:55.272  1924  1951 W ActivityManager: Slow operation: 297ms so far, now at startProcess: building log message
10-04 11:07:55.272  1924  1951 I ActivityManager: Start proc 2060:com.android.systemui/u0a102 for service {com.android.systemui/com.android.systemui.ImageWallpaper}
10-04 11:07:55.274  1924  1951 W ActivityManager: Slow operation: 299ms so far, now at startProcess: starting to update pids map
10-04 11:07:55.274  1924  1951 W ActivityManager: Slow operation: 300ms so far, now at startProcess: done updating pids map
10-04 11:07:55.319  1924  1924 I SystemServer: StartSystemUI
10-04 11:07:55.326  1924  1948 D SystemServerTimingAsync: WebViewFactoryPreparation took to complete: 89ms
10-04 11:07:55.326  1924  1948 D SystemServerInitThreadPool: Finished executing WebViewFactoryPreparation
10-04 11:07:55.330  1924  1924 D SystemServerTiming: StartSystemUI took to complete: 11ms
10-04 11:07:55.330  1924  1924 I SystemServer: MakeNetworkManagementServiceReady
10-04 11:07:55.336  1924  1924 W NetworkManagement: setDataSaverMode(): already false
10-04 11:07:55.338  1686  1686 I netd    : firewallSetFirewallType(1) <0.11ms>
10-04 11:07:55.359  1924  2030 E WifiNative: Could not get Iface object for interface null
10-04 11:07:55.360  1924  1955 E BatteryExternalStatsWorker: no controller energy info supplied for telephony
10-04 11:07:55.373  1924  1924 D SystemServerTiming: MakeNetworkManagementServiceReady took to complete: 36ms
10-04 11:07:55.373  1924  1924 I SystemServer: MakeIpSecServiceReady
10-04 11:07:55.378  1686  1686 I netd    : isAlive() -> {"true"} <0.08ms>
10-04 11:07:55.381  1924  1924 D IpSecService: IpSecService is ready
10-04 11:07:55.381  1924  1924 D SystemServerTiming: MakeIpSecServiceReady took to complete: 8ms
10-04 11:07:55.381  1924  1924 I SystemServer: MakeNetworkStatsServiceReady
10-04 11:07:55.388  1924  2027 W NetworkPolicy: setRestrictBackgroundUL: already false
10-04 11:07:55.403  1686  1686 I netd    : firewallReplaceUidChain("fw_standby", "false", []) -> {"true"} <0.70ms>
10-04 11:07:55.443  1778  1890 D StagefrightPluginLoader: CCodec is disabled.
10-04 11:07:55.444  1778  1890 D StagefrightPluginLoader: Handle or CreateInputSurface symbol is null
10-04 11:07:55.444  1778  1890 D MediaCodecList: Allowing all OMX codecs
10-04 11:07:55.444  1778  1890 D StagefrightPluginLoader: Handle or CreateBuilder symbol is null
10-04 11:07:55.458  1924  1924 W BestClock: java.time.DateTimeException: Missing NTP fix
10-04 11:07:55.475  2060  2060 W ndroid.systemu: Unexpected CPU variant for X86 using defaults: x86_64
10-04 11:07:55.499  1686  1686 I netd    : trafficSwapActiveStatsMap() <29.86ms>
10-04 11:07:55.516  1924  2027 W BestClock: java.time.DateTimeException: Missing NTP fix
10-04 11:07:55.541  1686  1686 I netd    : tetherGetStats() <33.78ms>
10-04 11:07:55.620  1686  1686 I netd    : bandwidthSetGlobalAlert(2097152) <57.26ms>
10-04 11:07:55.620  1924  1924 D SystemServerTiming: MakeNetworkStatsServiceReady took to complete: 239ms
10-04 11:07:55.621  1924  1924 I SystemServer: MakeConnectivityServiceReady
10-04 11:07:55.624  1924  1924 D ConnectivityService: requestNetwork for uid/pid:1000/1924 NetworkRequest [ REQUEST id=7, [ Capabilities: INTERNET&NOT_RESTRICTED&TRUSTED&NOT_VPN] ]
10-04 11:07:55.630  1924  1924 D PermissionMonitor: Monitoring
10-04 11:07:55.650  1778  1890 I OMXClient: IOmx service obtained
10-04 11:07:55.655  1784  1784 I OMXMaster: makeComponentInstance(OMX.google.aac.decoder) in android.hardwar process
10-04 11:07:55.678  1924  1924 D PermissionMonitor: Users: 1, Apps: 27
10-04 11:07:55.683  1686  1686 I netd    : networkSetPermissionForUser(1, [10076]) <0.18ms>
10-04 11:07:55.691  1686  1686 I netd    : networkSetPermissionForUser(2, [10112,10113,10050,10114,1027,10115,10059,2000,10067,10082,1000,1001,1002,10091,1073,10097,10101,10102,10103,10104,10105,10107,10108,10109,10110,10111]) <0.15ms>
10-04 11:07:55.694  1686  1686 I netd    : trafficSetNetPermForUids(12, [1001,1002,1013,10050]) <0.32ms>
10-04 11:07:55.698  1686  1686 I netd    : trafficSetNetPermForUids(4, [1000,1027,1073,2000,10056,10059,10064,10066,10071,10073,10076,10078,10082,10089,10091,10097,10101,10103,10105,10106,10107,10109,10111,10113]) <0.35ms>
10-04 11:07:55.699  1686  1686 I netd    : trafficSetNetPermForUids(8, [1041,1047]) <0.10ms>
10-04 11:07:55.702  1686  1686 I netd    : trafficSetNetPermForUids(0, [1003,1063,1066,1067,1068,10000,10001,10002,10003,10004,10005,10006,10007,10008,10009,10010,10011,10012,10013,10014,10015,10016,10017,10018,10019,10020,10021,10022,10023,10024,10025,10026,10027,10028,10029,10030,10031,10032,10033,10034,10035,10036,10037,10038,10039,10040,10041,10042,10043,10044,10045,10046,10047,10048,10049,10051,10052,10053,10054,10055,10057,10058,10060,10061,10062,10063,10065,10067,10068,10069,10070,10072,10074,10075,10077,10079,10080,10081,10083,10084,10085,10086,10087,10088,10090,10092,10093,10094,10095,10096,10098,10099,10100,10102,10104,10108,10110,10112,10114,10115,10116,10117]) <0.44ms>
10-04 11:07:55.723  1924  1924 D SystemServerTiming: MakeConnectivityServiceReady took to complete: 103ms
10-04 11:07:55.724  1924  1924 I SystemServer: MakeNetworkPolicyServiceReady
10-04 11:07:55.724  1924  1924 D SystemServerTiming: MakeNetworkPolicyServiceReady took to complete: 0ms
10-04 11:07:55.724  1924  1924 I SystemServer: PhaseThirdPartyAppsCanStart
10-04 11:07:55.724  1924  1924 I SystemServiceManager: Starting phase 600
10-04 11:07:55.748  1688  1688 I zygote  : Background concurrent copying GC freed 4157(232KB) AllocSpace objects, 0(0B) LOS objects, 72% free, 2366KB/8510KB, paused 75us total 440.766ms
10-04 11:07:55.805  1924  1996 W ActivityManager: Slow operation: 96ms so far, now at attachApplicationLocked: after mServices.attachApplicationLocked
10-04 11:07:55.813  1924  1924 I ExplicitHealthCheckController: Explicit health checks enabled.
10-04 11:07:55.813  1924  1924 I PackageWatchdog: Syncing state, reason: health check state enabled
10-04 11:07:55.814  1924  1924 I PackageWatchdog: Not pruning observers, elapsed time: 0ms
10-04 11:07:55.836  1924  1924 I PackageWatchdog: Cancelling state sync, nothing to sync
10-04 11:07:55.836  1924  1924 W SystemServiceManager: Service com.android.server.am.ActivityManagerService$Lifecycle took 112 ms in onBootPhase
10-04 11:07:55.847  1924  1949 I PackageWatchdog: Saving observer state to file
10-04 11:07:55.865  1924  1924 V WallpaperManagerService: bindWallpaperComponentLocked: componentName=ComponentInfo{com.android.systemui/com.android.systemui.ImageWallpaper}
10-04 11:07:55.964  1778  1890 I OMXClient: IOmx service obtained
10-04 11:07:55.965  1784  1784 I OMXMaster: makeComponentInstance(OMX.google.amrnb.decoder) in android.hardwar process
10-04 11:07:56.057  1924  1924 I StatsCompanionService: Told statsd that StatsCompanionService is alive.
10-04 11:07:56.067  1778  1890 I OMXClient: IOmx service obtained
10-04 11:07:56.068  1784  1886 I OMXMaster: makeComponentInstance(OMX.google.amrwb.decoder) in android.hardwar process
10-04 11:07:56.076  1924  1924 D SystemServerTiming: PhaseThirdPartyAppsCanStart took to complete: 353ms
10-04 11:07:56.077  1924  1924 I SystemServer: StartNetworkStack
10-04 11:07:56.096  1778  1890 I OMXClient: IOmx service obtained
10-04 11:07:56.097  1784  1885 I OMXMaster: makeComponentInstance(OMX.google.flac.decoder) in android.hardwar process
10-04 11:07:56.104  2060  2060 I ndroid.systemu: The ClassLoaderContext is a special shared library.
10-04 11:07:56.121  1924  1924 D SystemServerTiming: StartNetworkStack took to complete: 44ms
10-04 11:07:56.124  1924  1924 I SystemServer: MakeLocationServiceReady
10-04 11:07:56.178  1778  1890 I OMXClient: IOmx service obtained
10-04 11:07:56.179  1784  1885 I OMXMaster: makeComponentInstance(OMX.google.g711.alaw.decoder) in android.hardwar process
10-04 11:07:56.209  1569  1569 I hwservicemanager: getTransport: Cannot find entry android.hardware.gnss@2.0::IGnss/default in either framework or device manifest.
10-04 11:07:56.210  1924  1924 D GnssLocationProvider: gnssHal 2.0 was null, trying 1.1
10-04 11:07:56.212  1569  1569 I hwservicemanager: getTransport: Cannot find entry android.hardware.gnss@1.1::IGnss/default in either framework or device manifest.
10-04 11:07:56.212  1924  1924 D GnssLocationProvider: gnssHal 1.1 was null, trying 1.0
10-04 11:07:56.236  1778  1890 I OMXClient: IOmx service obtained
10-04 11:07:56.236  1784  2094 I OMXMaster: makeComponentInstance(OMX.google.g711.mlaw.decoder) in android.hardwar process
10-04 11:07:56.258  1778  1890 I OMXClient: IOmx service obtained
10-04 11:07:56.259  1784  2094 I OMXMaster: makeComponentInstance(OMX.google.gsm.decoder) in android.hardwar process
10-04 11:07:56.302  1778  1890 I OMXClient: IOmx service obtained
10-04 11:07:56.302  1784  1885 I OMXMaster: makeComponentInstance(OMX.google.mp3.decoder) in android.hardwar process
10-04 11:07:56.334  1924  2070 E WebViewUpdater: Timed out waiting for relro creation, relros started 2 relros finished 0 package dirty? false
10-04 11:07:56.334  1924  2070 W WebViewUpdater: creating relro file timed out
10-04 11:07:56.341  1778  1890 I OMXClient: IOmx service obtained
10-04 11:07:56.342  1784  1784 I OMXMaster: makeComponentInstance(OMX.google.opus.decoder) in android.hardwar process
10-04 11:07:56.374  1924  1924 W LocationManagerService: no network location provider found
10-04 11:07:56.377  1924  1924 E LocationManagerService: no geocoder provider found
10-04 11:07:56.378  1924  1924 D LocationManagerService: Unable to bind FLP Geofence proxy.
10-04 11:07:56.378  1924  1924 E ActivityRecognitionHardware: activity_recognition HAL is deprecated. is_supported is effectively a no-op
10-04 11:07:56.378  1924  1924 D LocationManagerService: Hardware Activity-Recognition not supported.
10-04 11:07:56.392  1778  1890 I OMXClient: IOmx service obtained
10-04 11:07:56.393  1784  1885 I OMXMaster: makeComponentInstance(OMX.google.raw.decoder) in android.hardwar process
10-04 11:07:56.404  1924  1924 D LocationManagerService: Unable to bind ActivityRecognitionProxy.
10-04 11:07:56.447  1778  1890 I OMXClient: IOmx service obtained
10-04 11:07:56.447  1784  2094 I OMXMaster: makeComponentInstance(OMX.google.vorbis.decoder) in android.hardwar process
10-04 11:07:56.463  1924  1941 W system_server: Long monitor contention with owner main (1924) at void com.android.server.location.GnssLocationProvider.class_init_native()(GnssLocationProvider.java:-2) waiters=0 in void com.android.server.LocationManagerService$LocationProvider.lambda$onSetEnabled$2$LocationManagerService$LocationProvider(boolean) for 250ms
10-04 11:07:56.464  1924  1941 W Looper  : Slow dispatch took 259ms android.fg h=android.os.Handler c=com.android.server.-$$Lambda$LocationManagerService$LocationProvider$nsL4uwojBLPzs1TzMfpQIBSm7p0@7bfab2f m=0
10-04 11:07:56.465  1924  1941 D GnssLocationProvider: Link to death notification successful
10-04 11:07:56.466  1709  1709 I GnssHAL_GnssInterface: getExtensionXtra: GnssXtra interface not implemented by HAL
10-04 11:07:56.471  1709  1709 I GnssHAL_GnssInterface: getExtensionAGnssRil: GnssRil interface not implemented by HAL
10-04 11:07:56.472  1709  1709 E GnssHAL_GnssInterface: getExtensionAGnss: AGnss interface not implemented by HAL
10-04 11:07:56.477  1709  1709 I GnssHAL_GnssInterface: getExtensionGnssNavigationMessage: GnssNavigationMessage interface not implemented by HAL
10-04 11:07:56.482  1924  1924 D SystemServerTiming: MakeLocationServiceReady took to complete: 358ms
10-04 11:07:56.482  1924  1924 I SystemServer: MakeCountryDetectionServiceReady
10-04 11:07:56.482  1924  1924 D SystemServerTiming: MakeCountryDetectionServiceReady took to complete: 0ms
10-04 11:07:56.482  1924  1924 I SystemServer: MakeNetworkTimeUpdateReady
10-04 11:07:56.483  1709  1709 E GnssHAL_GnssInterface: getExtensionGnssMeasurement: GnssMeasurement interface not implemented by HAL
10-04 11:07:56.492  1709  1709 I GnssHAL_GnssInterface: getExtensionGnssDebug: GnssDebug interface not implemented by HAL
10-04 11:07:56.495  1709  1709 I GnssHAL_GnssInterface: getExtensionGnssNi: GnssNi interface not implemented by HAL
10-04 11:07:56.505  1709  1709 E GnssHAL_GnssInterface: getExtensionGnssConfiguration: GnssConfiguration interface not implemented by HAL
10-04 11:07:56.510  1924  1924 D ConnectivityService: requestNetwork for uid/pid:1000/1924 NetworkRequest [ TRACK_DEFAULT id=9, [ Capabilities: INTERNET&NOT_RESTRICTED&TRUSTED Uid: 1000] ]
10-04 11:07:56.512  1924  1924 D SystemServerTiming: MakeNetworkTimeUpdateReady took to complete: 29ms
10-04 11:07:56.512  1924  1924 I SystemServer: MakeInputManagerServiceReady
10-04 11:07:56.518  1778  1890 I OMXClient: IOmx service obtained
10-04 11:07:56.519  1784  1784 I OMXMaster: makeComponentInstance(OMX.google.aac.encoder) in android.hardwar process
10-04 11:07:56.525  1709  1709 E GnssHAL_GnssInterface: getExtensionGnssGeofencing: GnssGeofencing interface not implemented by HAL
10-04 11:07:56.533  1924  2022 I InputReader: Reconfiguring input devices.  changes=0x00000020
10-04 11:07:56.537  1709  1709 E GnssHAL_GnssInterface: gnss flp hw_get_module failed: -2
10-04 11:07:56.537  1709  1709 E GnssHAL_GnssInterface: getExtensionGnssBatching: GnssBatching interface is not implemented by HAL
10-04 11:07:56.551  1924  2022 I InputReader: Reconfiguring input devices.  changes=0x00000010
10-04 11:07:56.559  1924  1924 D SystemServerTiming: MakeInputManagerServiceReady took to complete: 46ms
10-04 11:07:56.559  1924  1924 I SystemServer: MakeTelephonyRegistryReady
10-04 11:07:56.560  1924  1924 D SystemServerTiming: MakeTelephonyRegistryReady took to complete: 0ms
10-04 11:07:56.560  1924  1924 I SystemServer: MakeMediaRouterServiceReady
10-04 11:07:56.561  1924  1924 D SystemServerTiming: MakeMediaRouterServiceReady took to complete: 1ms
10-04 11:07:56.561  1924  1924 I SystemServer: MakeMmsServiceReady
10-04 11:07:56.561  1924  1924 I MmsServiceBroker: Delay connecting to MmsService until an API is called
10-04 11:07:56.561  1924  1924 D SystemServerTiming: MakeMmsServiceReady took to complete: 0ms
10-04 11:07:56.561  1924  1924 I SystemServer: IncidentDaemonReady
10-04 11:07:56.579  1924  1924 D SystemServerTiming: IncidentDaemonReady took to complete: 17ms
10-04 11:07:56.579  1924  1924 I ActivityManager: Current user:0
10-04 11:07:56.580  1924  1924 I SystemServiceManager: Calling onStartUser u0
10-04 11:07:56.591  1709  1709 E GnssHAL_GnssInterface: calling setCallback
10-04 11:07:56.595  1924  1941 D GnssLocationProvider: gnssSetCapabilitesCb: 0u
10-04 11:07:56.639  1924  1941 D GnssLocationProvider: gnssSetSystemInfoCb: yearOfHw=2015
10-04 11:07:56.650  1924  1941 I GnssLocationProvider: Unable to initialize IGnssXtra interface.
10-04 11:07:56.651  1924  1941 I GnssLocationProvider: Unable to initialize IAGnss interface.
10-04 11:07:56.651  1924  1941 I GnssLocationProvider: Unable to initialize IGnssGeofencing interface.
10-04 11:07:56.651  1924  1941 I GnssLocationProvider: Unable to initialize IGnssNi interface.
10-04 11:07:56.651  1924  1941 I GnssLocationProvider: Unable to initialize IAGnssRil interface.
10-04 11:07:56.662  1778  1890 I OMXClient: IOmx service obtained
10-04 11:07:56.663  1784  1886 I OMXMaster: makeComponentInstance(OMX.google.amrnb.encoder) in android.hardwar process
10-04 11:07:56.700  1778  1890 I OMXClient: IOmx service obtained
10-04 11:07:56.701  1784  1784 I OMXMaster: makeComponentInstance(OMX.google.amrwb.encoder) in android.hardwar process
10-04 11:07:56.730  1924  1924 W SystemServiceManager: Service com.android.server.role.RoleManagerService took 127 ms in onStartUser 
10-04 11:07:56.781  1778  1890 I OMXClient: IOmx service obtained
10-04 11:07:56.782  1784  1886 I OMXMaster: makeComponentInstance(OMX.google.flac.encoder) in android.hardwar process
10-04 11:07:56.824  1778  1890 I OMXClient: IOmx service obtained
10-04 11:07:56.825  1784  2116 I OMXMaster: makeComponentInstance(OMX.google.h264.decoder) in android.hardwar process
10-04 11:07:56.835  1924  1941 E GnssLocationProvider: android_location_GnssLocationProvider_set_agps_server: AGPS interface not supported
10-04 11:07:56.867  1784  2116 E OMXNodeInstance: getExtensionIndex(0xf619fd80:google.h264.decoder, OMX.google.android.index.configureVideoTunnelMode) ERROR: UnsupportedIndex(0x8000101a)
10-04 11:07:56.868  1778  1890 D MediaCodecInfo: detail feature-tunneled-playback wasn't present to remove
10-04 11:07:56.869  1784  1886 E OMXNodeInstance: getExtensionIndex(0xf619fd80:google.h264.decoder, OMX.google.android.index.enableAndroidNativeBuffers) ERROR: UnsupportedIndex(0x8000101a)
10-04 11:07:56.881  1778  1890 I OMXClient: IOmx service obtained
10-04 11:07:56.882  1784  2116 I OMXMaster: makeComponentInstance(OMX.google.h263.decoder) in android.hardwar process
10-04 11:07:56.911  1784  1886 E OMXNodeInstance: getExtensionIndex(0xf61a0200:google.h263.decoder, OMX.google.android.index.configureVideoTunnelMode) ERROR: UnsupportedIndex(0x8000101a)
10-04 11:07:56.919  1778  1890 D MediaCodecInfo: detail feature-tunneled-playback wasn't present to remove
10-04 11:07:56.919  1784  1886 E OMXNodeInstance: getExtensionIndex(0xf61a0200:google.h263.decoder, OMX.google.android.index.enableAndroidNativeBuffers) ERROR: UnsupportedIndex(0x8000101a)
10-04 11:07:56.934  1778  1890 I OMXClient: IOmx service obtained
10-04 11:07:56.942  1784  2116 I OMXMaster: makeComponentInstance(OMX.google.hevc.decoder) in android.hardwar process
10-04 11:07:57.033  1784  1886 E OMXNodeInstance: getExtensionIndex(0xf61a0260:google.hevc.decoder, OMX.google.android.index.configureVideoTunnelMode) ERROR: UnsupportedIndex(0x8000101a)
10-04 11:07:57.034  1778  1890 D MediaCodecInfo: detail feature-tunneled-playback wasn't present to remove
10-04 11:07:57.034  1784  1886 E OMXNodeInstance: getExtensionIndex(0xf61a0260:google.hevc.decoder, OMX.google.android.index.enableAndroidNativeBuffers) ERROR: UnsupportedIndex(0x8000101a)
10-04 11:07:57.061  1778  1890 I OMXClient: IOmx service obtained
10-04 11:07:57.062  1784  1885 I OMXMaster: makeComponentInstance(OMX.google.mpeg4.decoder) in android.hardwar process
10-04 11:07:57.071  1784  1885 E OMXNodeInstance: getExtensionIndex(0xf41423c0:google.mpeg4.decoder, OMX.google.android.index.configureVideoTunnelMode) ERROR: UnsupportedIndex(0x8000101a)
10-04 11:07:57.072  1778  1890 D MediaCodecInfo: detail feature-tunneled-playback wasn't present to remove
10-04 11:07:57.072  1784  1885 E OMXNodeInstance: getExtensionIndex(0xf41423c0:google.mpeg4.decoder, OMX.google.android.index.enableAndroidNativeBuffers) ERROR: UnsupportedIndex(0x8000101a)
10-04 11:07:57.085  1778  1890 I OMXClient: IOmx service obtained
10-04 11:07:57.086  1784  1885 I OMXMaster: makeComponentInstance(OMX.google.vp8.decoder) in android.hardwar process
10-04 11:07:57.147  1784  1886 E OMXNodeInstance: getExtensionIndex(0xf41423c0:google.vp8.decoder, OMX.google.android.index.configureVideoTunnelMode) ERROR: UnsupportedIndex(0x8000101a)
10-04 11:07:57.148  1778  1890 D MediaCodecInfo: detail feature-tunneled-playback wasn't present to remove
10-04 11:07:57.149  1784  1886 E OMXNodeInstance: getExtensionIndex(0xf41423c0:google.vp8.decoder, OMX.google.android.index.enableAndroidNativeBuffers) ERROR: UnsupportedIndex(0x8000101a)
10-04 11:07:57.164  1778  1890 I OMXClient: IOmx service obtained
10-04 11:07:57.165  1784  1886 I OMXMaster: makeComponentInstance(OMX.google.vp9.decoder) in android.hardwar process
10-04 11:07:57.182  1784  1886 E OMXNodeInstance: getExtensionIndex(0xf41423c0:google.vp9.decoder, OMX.google.android.index.configureVideoTunnelMode) ERROR: UnsupportedIndex(0x8000101a)
10-04 11:07:57.184  1778  1890 D MediaCodecInfo: detail feature-tunneled-playback wasn't present to remove
10-04 11:07:57.184  1784  1886 E OMXNodeInstance: getExtensionIndex(0xf41423c0:google.vp9.decoder, OMX.google.android.index.enableAndroidNativeBuffers) ERROR: UnsupportedIndex(0x8000101a)
10-04 11:07:57.203  1778  1890 I OMXClient: IOmx service obtained
10-04 11:07:57.204  1784  1886 I OMXMaster: makeComponentInstance(OMX.google.h264.encoder) in android.hardwar process
10-04 11:07:57.213  1688  1688 D Zygote  : Forked child process 2133
10-04 11:07:57.242  1778  1890 W OMXUtils: do not know color format 0x7f000789 = 2130708361
10-04 11:07:57.277  1778  1890 I OMXClient: IOmx service obtained
10-04 11:07:57.277  1784  1885 I OMXMaster: makeComponentInstance(OMX.google.h263.encoder) in android.hardwar process
10-04 11:07:57.283  1924  1951 W ActivityManager: Slow operation: 2014ms so far, now at startProcess: returned from zygote!
10-04 11:07:57.284  1924  1951 W ActivityManager: Slow operation: 2015ms so far, now at startProcess: done updating battery stats
10-04 11:07:57.286  1924  2070 W system_server: Long monitor contention with owner ActivityManager:procStart (1951) at int android.net.LocalSocketImpl.readba_native(byte[], int, int, java.io.FileDescriptor)(LocalSocketImpl.java:-2) waiters=0 in android.os.Process$ProcessStartResult android.os.ZygoteProcess.startViaZygote(java.lang.String, java.lang.String, int, int, int[], int, int, int, java.lang.String, java.lang.String, java.lang.String, java.lang.String, java.lang.String, boolean, java.lang.String, boolean, java.lang.String[]) for 950ms
10-04 11:07:57.324  1784  1885 I SoftMPEG4Encoder: Construct SoftMPEG4Encoder
10-04 11:07:57.332  1778  1890 W OMXUtils: do not know color format 0x7f000789 = 2130708361
10-04 11:07:57.333  1784  1886 E OMXNodeInstance: getConfig(0xf4142420:google.h263.encoder, ConfigAndroidIntraRefresh(0x6f60000a)) ERROR: Undefined(0x80001001)
10-04 11:07:57.334  1784  1886 E OMXNodeInstance: getParameter(0xf4142420:google.h263.encoder, ParamVideoIntraRefresh(0x6000006)) ERROR: UnsupportedIndex(0x8000101a)
10-04 11:07:57.335  1778  1890 D MediaCodecInfo: detail feature-frame-parsing wasn't present to remove
10-04 11:07:57.351  1778  1890 I OMXClient: IOmx service obtained
10-04 11:07:57.352  1784  1885 I OMXMaster: makeComponentInstance(OMX.google.mpeg4.encoder) in android.hardwar process
10-04 11:07:57.354  1784  1885 I SoftMPEG4Encoder: Construct SoftMPEG4Encoder
10-04 11:07:57.375  1778  1890 W OMXUtils: do not know color format 0x7f000789 = 2130708361
10-04 11:07:57.377  1784  1885 E OMXNodeInstance: getConfig(0xf4142120:google.mpeg4.encoder, ConfigAndroidIntraRefresh(0x6f60000a)) ERROR: Undefined(0x80001001)
10-04 11:07:57.378  1784  1885 E OMXNodeInstance: getParameter(0xf4142120:google.mpeg4.encoder, ParamVideoIntraRefresh(0x6000006)) ERROR: UnsupportedIndex(0x8000101a)
10-04 11:07:57.379  1778  1890 D MediaCodecInfo: detail feature-frame-parsing wasn't present to remove
10-04 11:07:57.387  1688  1688 D Zygote  : Forked child process 2148
10-04 11:07:57.405  1778  1890 I OMXClient: IOmx service obtained
10-04 11:07:57.406  1784  1885 I OMXMaster: makeComponentInstance(OMX.google.vp8.encoder) in android.hardwar process
10-04 11:07:57.425  2133  2133 W WebViewLoader-: Unexpected CPU variant for X86 using defaults: x86_64
10-04 11:07:57.451  1924  1924 W system_server: Long monitor contention with owner android.bg (1949) at android.content.pm.ParceledListSlice com.android.server.pm.PackageManagerService.getInstalledPackages(int, int)(PackageManagerService.java:8526) waiters=0 in java.lang.String com.android.server.pm.PackageManagerService.getInstantAppPackageName(int) for 697ms
10-04 11:07:57.452  1924  1924 W VoiceInteractionManagerService: no available voice interaction services found for user 0
10-04 11:07:57.452  1924  1924 W VoiceInteractionManagerService: no available voice recognition services found for user 0
10-04 11:07:57.453  1924  1924 W SystemServiceManager: Service com.android.server.voiceinteraction.VoiceInteractionManagerService took 723 ms in onStartUser 
10-04 11:07:57.455  1924  1941 W system_server: Long monitor contention with owner android.bg (1949) at android.content.pm.ParceledListSlice com.android.server.pm.PackageManagerService.getInstalledPackages(int, int)(PackageManagerService.java:8526) waiters=1 in java.lang.String com.android.server.pm.PackageManagerService.getInstantAppPackageName(int) for 596ms
10-04 11:07:57.459  1924  1951 W ActivityManager: Slow operation: 2189ms so far, now at startProcess: building log message
10-04 11:07:57.459  1924  1951 I ActivityManager: Start proc 2133:WebViewLoader-x86/1037 [android.webkit.WebViewLibraryLoader$RelroFileCreator] for null
10-04 11:07:57.459  1924  1951 W ActivityManager: Slow operation: 2189ms so far, now at startProcess: starting to update pids map
10-04 11:07:57.463  1924  1951 W ActivityManager: Slow operation: 2193ms so far, now at startProcess: done updating pids map
10-04 11:07:57.463  1924  1951 W ActivityManager: Slow operation: 2154ms so far, now at startProcess: asking zygote to start proc
10-04 11:07:57.483  1778  1890 W OMXUtils: do not know color format 0x7f000789 = 2130708361
10-04 11:07:57.484  1784  1886 E OMXNodeInstance: getConfig(0xf4142180:google.vp8.encoder, ConfigAndroidIntraRefresh(0x6f60000a)) ERROR: Undefined(0x80001001)
10-04 11:07:57.484  1784  1886 E OMXNodeInstance: getParameter(0xf4142180:google.vp8.encoder, ParamVideoIntraRefresh(0x6000006)) ERROR: UnsupportedIndex(0x8000101a)
10-04 11:07:57.484  1778  1890 D MediaCodecInfo: detail feature-frame-parsing wasn't present to remove
10-04 11:07:57.495  1778  1890 D MediaCodecList: ignored a null builder
10-04 11:07:57.554  1924  2070 W ZygoteProcess: Got error connecting to zygote, retrying. msg= Connection refused
10-04 11:07:57.583  1763  1763 D incidentd: WorkDirectory::getReports
10-04 11:07:57.594  1924  2072 I OMXClient: IOmx service obtained
10-04 11:07:57.596  1784  1885 I OMXMaster: makeComponentInstance(OMX.google.vorbis.decoder) in android.hardwar process
10-04 11:07:57.608  1924  2070 W ZygoteProcess: Got error connecting to zygote, retrying. msg= Connection refused
10-04 11:07:57.612  1784  2094 E OMXNodeInstance: getConfig(0xf4142240:google.vorbis.decoder, ConfigAndroidVendorExtension(0x6f100004)) ERROR: Undefined(0x80001001)
10-04 11:07:57.643  1924  1924 W ActivityManager: Slow operation: 107ms so far, now at startProcess: building args
10-04 11:07:58.161  1924  2070 W ZygoteProcess: Got error connecting to zygote, retrying. msg= Connection refused
10-04 11:07:58.262  1924  2070 I chatty  : uid=1000 system_server identical 1 line
10-04 11:07:58.358  1924  2070 W ZygoteProcess: Got error connecting to zygote, retrying. msg= Connection refused
10-04 11:07:58.366  1924  1944 W system_server: Long monitor contention with owner main (1924) at boolean android.os.MessageQueue.enqueueMessage(android.os.Message, long)(MessageQueue.java:556) waiters=0 in android.os.Message android.os.MessageQueue.next() for 143ms
10-04 11:07:58.371  1924  1924 I ActivityTaskManager: START u0 {act=android.intent.action.MAIN cat=[android.intent.category.HOME] flg=0x10000100 cmp=com.android.settings/.FallbackHome} from uid 0
10-04 11:07:58.410  1924  2070 W ZygoteProcess: Got error connecting to zygote, retrying. msg= Connection refused
10-04 11:07:58.513  1924  2070 I chatty  : uid=1000 system_server identical 2 lines
10-04 11:07:58.564  1924  2070 W ZygoteProcess: Got error connecting to zygote, retrying. msg= Connection refused
10-04 11:07:58.585  2060  2077 I ndroid.systemu: Background young concurrent copying GC freed 14247(682KB) AllocSpace objects, 0(0B) LOS objects, 86% free, 968KB/7112KB, paused 123us total 1.189s
10-04 11:07:58.617  1924  2070 W ZygoteProcess: Got error connecting to zygote, retrying. msg= Connection refused
10-04 11:07:58.783  1924  2070 I chatty  : uid=1000 system_server identical 3 lines
10-04 11:07:58.836  1924  2070 W ZygoteProcess: Got error connecting to zygote, retrying. msg= Connection refused
10-04 11:07:58.838  2148  2148 I WebViewZygoteInit: Starting WebViewZygoteInit
10-04 11:07:58.888  1924  2070 W ZygoteProcess: Got error connecting to zygote, retrying. msg= Connection refused
10-04 11:07:58.950  1924  2070 I chatty  : uid=1000 system_server identical 1 line
10-04 11:07:59.001  1924  2070 W ZygoteProcess: Got error connecting to zygote, retrying. msg= Connection refused
10-04 11:07:59.109  1687  1687 D Zygote  : Forked child process 2174
10-04 11:07:59.203  1924  1951 W ActivityManager: Slow operation: 3893ms so far, now at startProcess: returned from zygote!
10-04 11:07:59.238  2133  2133 W WebViewLoader-: Verification of void com.android.org.conscrypt.TrustedCertificateStore$PreloadHolder.<clinit>() took 218.207ms
10-04 11:07:59.243  1924  1934 I system_server: Background young concurrent copying GC freed 30442(2348KB) AllocSpace objects, 23(900KB) LOS objects, 31% free, 6276KB/9226KB, paused 18.345ms total 2.607s
10-04 11:07:59.373  1924  2187 I OMXClient: IOmx service obtained
10-04 11:07:59.378  1784  2177 I OMXMaster: makeComponentInstance(OMX.google.vorbis.decoder) in android.hardwar process
10-04 11:07:59.396  2148  2148 I WebViewZygoteInit: Beginning application preload for com.android.webview
10-04 11:07:59.405  1784  2165 E OMXNodeInstance: getConfig(0xf619fc60:google.vorbis.decoder, ConfigAndroidVendorExtension(0x6f100004)) ERROR: Undefined(0x80001001)
10-04 11:07:59.663  2174  2174 W WebViewLoader-: Unexpected CPU variant for X86 using defaults: x86_64
10-04 11:07:59.755  1924  2193 I OMXClient: IOmx service obtained
10-04 11:07:59.756  1784  2165 I OMXMaster: makeComponentInstance(OMX.google.vorbis.decoder) in android.hardwar process
10-04 11:07:59.771  1784  2165 E OMXNodeInstance: getConfig(0xf619fc60:google.vorbis.decoder, ConfigAndroidVendorExtension(0x6f100004)) ERROR: Undefined(0x80001001)
10-04 11:08:00.266  1924  2191 W StorageManagerService: No primary storage defined yet; hacking together a stub
10-04 11:08:00.466  2148  2169 I webview_zygote: Background young concurrent copying GC freed 254(124KB) AllocSpace objects, 0(0B) LOS objects, 86% free, 947KB/7091KB, paused 266us total 440.221ms
10-04 11:08:00.496  1924  2205 I OMXClient: IOmx service obtained
10-04 11:08:00.498  1784  2190 I OMXMaster: makeComponentInstance(OMX.google.vorbis.decoder) in android.hardwar process
10-04 11:08:00.504  1784  2177 E OMXNodeInstance: getConfig(0xf619fc60:google.vorbis.decoder, ConfigAndroidVendorExtension(0x6f100004)) ERROR: Undefined(0x80001001)
10-04 11:08:00.612  2133  2156 I WebViewLoader-: Background young concurrent copying GC freed 104(83KB) AllocSpace objects, 0(0B) LOS objects, 86% free, 940KB/7084KB, paused 945us total 1.240s
10-04 11:08:00.679  2148  2148 I webview_zygote: The ClassLoaderContext is a special shared library.
10-04 11:08:00.813  1924  2211 I OMXClient: IOmx service obtained
10-04 11:08:00.814  1784  1784 I OMXMaster: makeComponentInstance(OMX.google.vorbis.decoder) in android.hardwar process
10-04 11:08:00.821  1784  1784 E OMXNodeInstance: getConfig(0xf619fc60:google.vorbis.decoder, ConfigAndroidVendorExtension(0x6f100004)) ERROR: Undefined(0x80001001)
10-04 11:08:01.120  1924  2215 I OMXClient: IOmx service obtained
10-04 11:08:01.122  1784  2177 I OMXMaster: makeComponentInstance(OMX.google.vorbis.decoder) in android.hardwar process
10-04 11:08:01.129  1784  2177 E OMXNodeInstance: getConfig(0xf619fd20:google.vorbis.decoder, ConfigAndroidVendorExtension(0x6f100004)) ERROR: Undefined(0x80001001)
10-04 11:08:01.894  2174  2199 I WebViewLoader-: Background young concurrent copying GC freed 13999(723KB) AllocSpace objects, 0(0B) LOS objects, 86% free, 942KB/7086KB, paused 86.664ms total 413.665ms
10-04 11:08:02.124  2148  2148 I WebViewZygoteInit: Application preload done
10-04 11:08:02.267  1924  1924 I ActivityTaskManager: Loaded persisted task ids for user 0
10-04 11:08:02.586  1924  1924 D SystemServerTiming: ActivityManagerStartApps took to complete: 6006ms
10-04 11:08:02.586  1924  1924 D SystemServerTiming: PhaseActivityManagerReady took to complete: 8003ms
10-04 11:08:02.586  1924  1941 W system_server: Long monitor contention with owner main (1924) at void com.android.server.am.ActivityManagerService.systemReady(java.lang.Runnable, android.util.TimingsTraceLog)(ActivityManagerService.java:9054) waiters=0 in int com.android.server.am.ActivityManagerService.getPackageProcessState(java.lang.String, java.lang.String) for 5.107s
10-04 11:08:02.589  1924  1942 W system_server: Long monitor contention with owner main (1924) at void com.android.server.am.ActivityManagerService.systemReady(java.lang.Runnable, android.util.TimingsTraceLog)(ActivityManagerService.java:9054) waiters=1 in void com.android.server.am.ActivityManagerService.dispatchUidsChanged() for 5.059s
10-04 11:08:02.592  1924  1951 W system_server: Long monitor contention with owner main (1924) at void com.android.server.am.ActivityManagerService.systemReady(java.lang.Runnable, android.util.TimingsTraceLog)(ActivityManagerService.java:9054) waiters=2 in void com.android.server.am.ProcessList.lambda$startProcessLocked$0$ProcessList(com.android.server.am.ProcessRecord, java.lang.String, int[], int, int, java.lang.String, java.lang.String, java.lang.String, long) for 3.389s
10-04 11:08:02.594  1924  1951 W ActivityManager: Slow operation: 7284ms so far, now at startProcess: done updating battery stats
10-04 11:08:02.594  1924  1951 W ActivityManager: Slow operation: 7285ms so far, now at startProcess: building log message
10-04 11:08:02.595  1924  1951 I ActivityManager: Start proc 2174:WebViewLoader-x86_64/1037 [android.webkit.WebViewLibraryLoader$RelroFileCreator] for null
10-04 11:08:02.595  1924  1951 W ActivityManager: Slow operation: 7285ms so far, now at startProcess: starting to update pids map
10-04 11:08:02.603  1924  1951 W ActivityManager: Slow operation: 7293ms so far, now at startProcess: done updating pids map
10-04 11:08:02.603  1924  1996 W system_server: Long monitor contention with owner main (1924) at void com.android.server.am.ActivityManagerService.systemReady(java.lang.Runnable, android.util.TimingsTraceLog)(ActivityManagerService.java:9054) waiters=3 in void com.android.server.am.ActivityManagerService.attachApplication(android.app.IApplicationThread, long) for 3.021s
10-04 11:08:02.614  1924  1951 W ActivityManager: Slow operation: 6496ms so far, now at startProcess: asking zygote to start proc
10-04 11:08:02.669  1924  1924 D SystemServerInitThreadPool: Shutdown successful
10-04 11:08:02.669  1924  1924 D SystemServerTiming: StartServices took to complete: 22393ms
10-04 11:08:02.677  1924  1996 W ActivityManager: Slow operation: 73ms so far, now at attachApplicationLocked: after mServices.attachApplicationLocked
10-04 11:08:02.684  1924  1924 E SystemServerTiming: SystemServer init took too long. uptimeMillis=82244
10-04 11:08:02.696  1924  1996 W ActivityManager: Slow operation: 92ms so far, now at attachApplicationLocked: after updateOomAdjLocked
10-04 11:08:02.697  1924  2018 W system_server: Long monitor contention with owner main (1924) at void com.android.server.am.ActivityManagerService.systemReady(java.lang.Runnable, android.util.TimingsTraceLog)(ActivityManagerService.java:9054) waiters=4 in boolean com.android.server.am.ActivityManagerService.isAppStartModeDisabled(int, java.lang.String) for 2.693s
10-04 11:08:02.698  1924  2210 W system_server: Long monitor contention with owner main (1924) at void com.android.server.am.ActivityManagerService.systemReady(java.lang.Runnable, android.util.TimingsTraceLog)(ActivityManagerService.java:9054) waiters=5 in void com.android.server.am.ActivityManagerService.attachApplication(android.app.IApplicationThread, long) for 1.920s
10-04 11:08:02.708  1924  2214 W system_server: Long monitor contention with owner main (1924) at void com.android.server.am.ActivityManagerService.systemReady(java.lang.Runnable, android.util.TimingsTraceLog)(ActivityManagerService.java:9054) waiters=6 in android.content.Intent com.android.server.am.ActivityManagerService.registerReceiver(android.app.IApplicationThread, java.lang.String, android.content.IIntentReceiver, android.content.IntentFilter, java.lang.String, int, int) for 1.632s
10-04 11:08:02.735  2174  2174 V WebViewLibraryLoader: RelroFileCreator (64bit = true), package: com.android.webview library: libwebviewchromium.so
10-04 11:08:02.739  1924  1942 W Looper  : Slow dispatch took 5210ms android.ui h=com.android.server.am.ActivityManagerService$UiHandler c=null m=53
10-04 11:08:02.739  1924  1942 W WindowManager: Keyguard drawn timeout. Setting mKeyguardDrawComplete
10-04 11:08:02.740  1924  1941 W system_server: Long monitor contention with owner Binder:1924_3 (1996) at void com.android.server.am.ActivityManagerService.attachApplication(android.app.IApplicationThread, long)(ActivityManagerService.java:5176) waiters=7 in int com.android.server.am.ActivityManagerService.getPackageProcessState(java.lang.String, java.lang.String) for 103ms
10-04 11:08:02.763  1924  1942 W Looper  : Slow delivery took 3325ms android.ui h=com.android.server.policy.PhoneWindowManager$PolicyHandler c=null m=6
10-04 11:08:02.783  1924  1950 I DropBoxManagerService: add tag=system_server_wtf isTagEnabled=true flags=0x2
10-04 11:08:02.790  1709  1709 E GnssHAL_GnssInterface: calling setCallback
10-04 11:08:02.793  1709  1709 W GnssHAL_GnssInterface: setCallback called more than once. Unexpected unless test.
10-04 11:08:02.804  2060  2060 W AlarmManager: Unrecognized alarm listener com.android.systemui.keyguard.-$$Lambda$KeyguardSliceProvider$IhzByd8TsqFuOrSyuGurVskyPLo@44e8221
10-04 11:08:02.835  2133  2133 V WebViewLibraryLoader: RelroFileCreator (64bit = false), package: com.android.webview library: libwebviewchromium.so
10-04 11:08:02.841  1924  1941 D GnssLocationProvider: gnssSetSystemInfoCb: yearOfHw=2015
10-04 11:08:02.925  1924  1941 D GnssLocationProvider: gnssSetCapabilitesCb: 0u
10-04 11:08:02.926  1924  1941 D GnssLocationProvider: gnssSetSystemInfoCb: yearOfHw=2015
10-04 11:08:02.927  1924  1941 I GnssLocationProvider: Unable to initialize IGnssXtra interface.
10-04 11:08:02.927  1924  1941 I GnssLocationProvider: Unable to initialize IAGnss interface.
10-04 11:08:02.927  1924  1941 I GnssLocationProvider: Unable to initialize IGnssGeofencing interface.
10-04 11:08:02.928  1924  1941 I GnssLocationProvider: Unable to initialize IGnssNi interface.
10-04 11:08:02.928  1924  1941 I GnssLocationProvider: Unable to initialize IAGnssRil interface.
10-04 11:08:02.928  1924  1941 E GnssLocationProvider: android_location_GnssLocationProvider_set_agps_server: AGPS interface not supported
10-04 11:08:02.930  1924  1941 E GnssBatchingProvider: Failed to initialize GNSS batching
10-04 11:08:02.930  1924  1941 W Looper  : Slow dispatch took 6466ms android.fg h=com.android.server.location.GnssLocationProvider$ProviderHandler c=null m=13
10-04 11:08:02.932  1924  1941 I GnssBlacklistHelper: Update GNSS satellite blacklist: 
10-04 11:08:02.933  1924  1941 W Looper  : Slow delivery took 6603ms android.fg h=com.android.server.location.GnssLocationProvider$ProviderHandler c=com.android.server.location.-$$Lambda$5U-_NhZgxqnYDZhpyacq4qBxh8k@c9a0c85 m=0
10-04 11:08:02.983  2133  2133 I WebViewLoader-: The ClassLoaderContext is a special shared library.
10-04 11:08:03.095  1924  1924 W Looper  : Slow delivery took 16675ms main h=android.app.ActivityThread$H c=null m=156
10-04 11:08:03.095  1924  1924 W Looper  : Slow dispatch took 408ms main h=android.app.ActivityThread$H c=null m=156
10-04 11:08:03.097  1924  1941 I GnssLocationProvider: restartRequests
10-04 11:08:03.125  2174  2174 I WebViewLoader-: The ClassLoaderContext is a special shared library.
10-04 11:08:03.153  1687  1687 D Zygote  : Forked child process 2220
10-04 11:08:03.138  1924  1941 I GnssLocationProvider: restartRequests
10-04 11:08:03.192  1924  1941 I GnssLocationProvider: No GNSS Satellite Blacklist interface available
10-04 11:08:03.202  1924  1924 D ConditionProviders.SCP: onConnected
10-04 11:08:03.220  1924  1951 W ActivityManager: Slow operation: 7101ms so far, now at startProcess: returned from zygote!
10-04 11:08:03.220  1924  1951 W ActivityManager: Slow operation: 7102ms so far, now at startProcess: done updating battery stats
10-04 11:08:03.221  1924  1951 W ActivityManager: Slow operation: 7102ms so far, now at startProcess: building log message
10-04 11:08:03.221  1924  1951 I ActivityManager: Start proc 2220:com.android.networkstack/1073 for service {com.android.networkstack/com.android.server.NetworkStackService}
10-04 11:08:03.221  1924  1951 W ActivityManager: Slow operation: 7102ms so far, now at startProcess: starting to update pids map
10-04 11:08:03.239  1924  1951 W ActivityManager: Slow operation: 7121ms so far, now at startProcess: done updating pids map
10-04 11:08:03.240  1924  1951 W ActivityManager: Slow operation: 5704ms so far, now at startProcess: asking zygote to start proc
10-04 11:08:03.285  1924  1924 D ConditionProviders: Subscribing to condition://android/event?userId=-10000&calendar=&reply=1 with ComponentInfo{android/com.android.server.notification.EventConditionProvider}
10-04 11:08:03.286  1924  1924 D ConditionProviders: Subscribing to condition://android/schedule?days=1.2.3.4.5.6.7&start=22.0&end=7.0&exitAtAlarm=true with ComponentInfo{android/com.android.server.notification.ScheduleConditionProvider}
10-04 11:08:03.372  1924  1924 V FingerprintService: starting client EnumerateClient(android) cookie: 0/0
10-04 11:08:03.393  1796  1796 D FingerprintHal: ----------------> fingerprint_enumerate ----------------->
10-04 11:08:03.394  1796  1796 D android.hardware.biometrics.fingerprint@2.1-service: onEnumerate(fid=0, gid=0, rem=0)
10-04 11:08:03.413  1924  1941 W Looper  : Drained
10-04 11:08:03.418  1924  1924 V SettingsProvider: Notifying for 0: content://settings/secure/location_mode
10-04 11:08:03.424  1924  1924 V SettingsProvider: Notifying for 0: content://settings/global/location_global_kill_switch
10-04 11:08:03.428  2220  2220 W id.networkstac: Unexpected CPU variant for X86 using defaults: x86_64
10-04 11:08:03.515  1687  1687 D Zygote  : Forked child process 2227
10-04 11:08:03.620  1924  1951 W ActivityManager: Slow operation: 6084ms so far, now at startProcess: returned from zygote!
10-04 11:08:03.621  1924  1951 W ActivityManager: Slow operation: 6085ms so far, now at startProcess: done updating battery stats
10-04 11:08:03.621  1924  1951 W ActivityManager: Slow operation: 6086ms so far, now at startProcess: building log message
10-04 11:08:03.621  1924  1951 I ActivityManager: Start proc 2227:com.android.phone/1001 for added application com.android.phone
10-04 11:08:03.621  1924  1951 W ActivityManager: Slow operation: 6086ms so far, now at startProcess: starting to update pids map
10-04 11:08:03.624  1924  1951 W ActivityManager: Slow operation: 6088ms so far, now at startProcess: done updating pids map
10-04 11:08:03.624  1924  1951 W ActivityManager: Slow operation: 912ms so far, now at startProcess: asking zygote to start proc
10-04 11:08:03.781  1924  1996 W ActivityManager: Slow operation: 95ms so far, now at attachApplicationLocked: after mServices.attachApplicationLocked
10-04 11:08:03.796  1924  1942 W Looper  : Drained
10-04 11:08:04.014  2133  2133 I WebViewLoader-: System.exit called, status: 0
10-04 11:08:04.014  2133  2133 I AndroidRuntime: VM exiting with result code 0, cleanup skipped.
10-04 11:08:04.083  2227  2227 W m.android.phon: Unexpected CPU variant for X86 using defaults: x86_64
10-04 11:08:04.094  1924  1996 I ActivityManager: Process WebViewLoader-x86 (pid 2133) has died: psvc PER 
10-04 11:08:04.104  1924  1955 E KernelCpuUidFreqTimeReader: Failed to read /proc/uid_time_in_state: java.nio.file.NoSuchFileException: /proc/uid_time_in_state
10-04 11:08:04.113  1924  1955 W KernelCpuProcStringReader: File not found. It's normal if not implemented: /proc/uid_time_in_state
10-04 11:08:04.114  1924  1955 W KernelCpuProcStringReader: File not found. It's normal if not implemented: /proc/uid_concurrent_active_time
10-04 11:08:04.115  1924  1955 W KernelCpuProcStringReader: File not found. It's normal if not implemented: /proc/uid_concurrent_policy_time
10-04 11:08:04.123  1688  1688 I Zygote  : Process 2133 exited cleanly (0)
10-04 11:08:04.324  1924  1924 I system_server: The ClassLoaderContext is a special shared library.
10-04 11:08:04.357  1924  1952 I libprocessgroup: Successfully killed process cgroup uid 1037 pid 2133 in 266ms
10-04 11:08:04.365  1687  1687 D Zygote  : Forked child process 2256
10-04 11:08:04.398  1924  1951 W ActivityManager: Slow operation: 1686ms so far, now at startProcess: returned from zygote!
10-04 11:08:04.398  1924  1951 W ActivityManager: Slow operation: 1686ms so far, now at startProcess: done updating battery stats
10-04 11:08:04.399  1924  1951 W ActivityManager: Slow operation: 1687ms so far, now at startProcess: building log message
10-04 11:08:04.399  1924  1951 I ActivityManager: Start proc 2256:com.android.settings/1000 for activity {com.android.settings/com.android.settings.FallbackHome}
10-04 11:08:04.399  1924  1951 W ActivityManager: Slow operation: 1687ms so far, now at startProcess: starting to update pids map
10-04 11:08:04.399  1924  1951 W ActivityManager: Slow operation: 1688ms so far, now at startProcess: done updating pids map
10-04 11:08:04.495  2256  2256 W ndroid.setting: Unexpected CPU variant for X86 using defaults: x86_64
10-04 11:08:04.592  1924  1996 W InputReader: Device has associated, but no associated display id.
10-04 11:08:04.666  1924  1996 W ActivityManager: Slow operation: 87ms so far, now at attachApplicationLocked: after mServices.attachApplicationLocked
10-04 11:08:04.593  1924  1996 I chatty  : uid=1000(system) Binder:1924_3 identical 8 lines
10-04 11:08:04.593  1924  1996 W InputReader: Device has associated, but no associated display id.
10-04 11:08:04.725  2227  2227 I m.android.phon: The ClassLoaderContext is a special shared library.
10-04 11:08:04.730  2256  2256 I ndroid.setting: The ClassLoaderContext is a special shared library.
10-04 11:08:04.753  2220  2220 I id.networkstac: The ClassLoaderContext is a special shared library.
10-04 11:08:05.009  2256  2256 I ndroid.setting: The ClassLoaderContext is a special shared library.
10-04 11:08:05.025  2060  2060 V SystemUIService: Starting SystemUI services for user 0.
10-04 11:08:05.111  2060  2060 D SystemUIBootTiming: StartServicescom.android.systemui.Dependency$DependencyCreator took to complete: 85ms
10-04 11:08:05.152  2060  2060 D SystemUIBootTiming: StartServicescom.android.systemui.util.NotificationChannels took to complete: 42ms
10-04 11:08:05.208  2060  2060 D SystemUIBootTiming: StartServicescom.android.systemui.statusbar.CommandQueue$CommandQueueStart took to complete: 55ms
10-04 11:08:05.226  1686  1686 W ServiceManager: Permission failure: android.permission.NETWORK_STACK from uid=1073 pid=2220
10-04 11:08:05.246  1686  1686 I netd    : registerUnsolicitedEventListener() <27.62ms>
10-04 11:08:05.284  2227  2227 I m.android.phon: The ClassLoaderContext is a special shared library.
10-04 11:08:05.397  2060  2060 V MediaRouter: Selecting route: RouteInfo{ name=Phone, description=null, status=null, category=RouteCategory{ name=System types=ROUTE_TYPE_LIVE_AUDIO ROUTE_TYPE_LIVE_VIDEO  groupable=false }, supportedTypes=ROUTE_TYPE_LIVE_AUDIO ROUTE_TYPE_LIVE_VIDEO , presentationDisplay=null }
10-04 11:08:05.620  2220  2232 I id.networkstac: Background young concurrent copying GC freed 14776(861KB) AllocSpace objects, 0(0B) LOS objects, 86% free, 989KB/7133KB, paused 152us total 260.837ms
10-04 11:08:06.129  2227  2250 I m.android.phon: Background young concurrent copying GC freed 14436(867KB) AllocSpace objects, 0(0B) LOS objects, 85% free, 1006KB/7150KB, paused 42.701ms total 322.360ms
10-04 11:08:06.201  1924  1924 W Looper  : Slow dispatch took 2759ms main h=android.app.ActivityThread$H c=null m=114
10-04 11:08:06.399  2060  2060 D SystemUIBootTiming: StartServicescom.android.systemui.keyguard.KeyguardViewMediator took to complete: 1191ms
10-04 11:08:06.400  2060  2060 W SystemUIService: Initialization of com.android.systemui.keyguard.KeyguardViewMediator took 1191 ms
10-04 11:08:06.510  2060  2060 D SystemUIBootTiming: StartServicescom.android.systemui.recents.Recents took to complete: 111ms
10-04 11:08:06.516  2060  2060 I vol.Events: writeEvent collection_started
10-04 11:08:06.549  2060  2282 I OMXClient: IOmx service obtained
10-04 11:08:06.555  1784  2177 I OMXMaster: makeComponentInstance(OMX.google.vorbis.decoder) in android.hardwar process
10-04 11:08:06.570  1784  1784 E OMXNodeInstance: getConfig(0xf619fd20:google.vorbis.decoder, ConfigAndroidVendorExtension(0x6f100004)) ERROR: Undefined(0x80001001)
10-04 11:08:06.987  1687  1687 D Zygote  : Forked child process 2284
10-04 11:08:07.066  1924  1951 W ActivityManager: Slow operation: 572ms so far, now at startProcess: returned from zygote!
10-04 11:08:07.066  1924  1951 W ActivityManager: Slow operation: 572ms so far, now at startProcess: done updating battery stats
10-04 11:08:07.066  1924  1951 W ActivityManager: Slow operation: 573ms so far, now at startProcess: building log message
10-04 11:08:07.067  1924  1951 I ActivityManager: Start proc 2284:com.android.launcher3/u0a100 for service {com.android.launcher3/com.android.quickstep.TouchInteractionService}
10-04 11:08:07.067  1924  1951 W ActivityManager: Slow operation: 573ms so far, now at startProcess: starting to update pids map
10-04 11:08:07.067  1924  1951 W ActivityManager: Slow operation: 574ms so far, now at startProcess: done updating pids map
10-04 11:08:07.121  2060  2295 I OMXClient: IOmx service obtained
10-04 11:08:07.123  1784  1784 I OMXMaster: makeComponentInstance(OMX.google.vorbis.decoder) in android.hardwar process
10-04 11:08:07.140  1784  1784 E OMXNodeInstance: getConfig(0xf619fd20:google.vorbis.decoder, ConfigAndroidVendorExtension(0x6f100004)) ERROR: Undefined(0x80001001)
10-04 11:08:07.212  2284  2284 W droid.launcher: Unexpected CPU variant for X86 using defaults: x86_64
10-04 11:08:07.783  2060  2311 I OMXClient: IOmx service obtained
10-04 11:08:07.788  1784  2177 I OMXMaster: makeComponentInstance(OMX.google.vorbis.decoder) in android.hardwar process
10-04 11:08:07.795  1784  2177 E OMXNodeInstance: getConfig(0xf619fd20:google.vorbis.decoder, ConfigAndroidVendorExtension(0x6f100004)) ERROR: Undefined(0x80001001)
10-04 11:08:08.060  1924  1924 E BluetoothAdapter: Bluetooth binder is null
10-04 11:08:08.129  1924  2314 I Telecom : BluetoothRouteManager: getBluetoothAudioConnectedDevice: no service available.
10-04 11:08:08.154  1924  1924 I Telecom : SystemStateHelper: Registering car mode receiver: android.content.IntentFilter@ee0fed6: TS.init@AAA
10-04 11:08:08.361  1734  1961 E SurfaceFlinger: ro.sf.lcd_density must be defined as a build property
10-04 11:08:08.369  2284  2284 I droid.launcher: The ClassLoaderContext is a special shared library.
10-04 11:08:08.375  1734  1961 E SurfaceFlinger: ro.sf.lcd_density must be defined as a build property
10-04 11:08:08.396  2256  2318 D libEGL  : Emulator has host GPU support, qemu.gles is set to 1.
10-04 11:08:08.414  2256  2318 W libc    : Unable to set property "qemu.gles" to "1": error code: 0x18
10-04 11:08:08.520  2174  2174 I WebViewLoader-: System.exit called, status: 0
10-04 11:08:08.522  2174  2174 I AndroidRuntime: VM exiting with result code 0, cleanup skipped.
10-04 11:08:08.604  2256  2318 D libEGL  : loaded /vendor/lib64/egl/libEGL_emulation.so
10-04 11:08:08.672  2256  2318 D libEGL  : loaded /vendor/lib64/egl/libGLESv1_CM_emulation.so
10-04 11:08:08.765  2256  2318 D libEGL  : loaded /vendor/lib64/egl/libGLESv2_emulation.so
10-04 11:08:08.860  1924  1940 I ActivityManager: Process WebViewLoader-x86_64 (pid 2174) has died: psvc PER 
10-04 11:08:08.865  1687  1687 I Zygote  : Process 2174 exited cleanly (0)
10-04 11:08:08.933  1924  2322 I Telecom : Logging.Events: Non-call EVENT: AUDIO_ROUTE, Entering state QuiescentSpeakerRoute
10-04 11:08:08.934  1924  2322 I Telecom : BluetoothRouteManager: getBluetoothAudioConnectedDevice: no service available.
10-04 11:08:09.194  1924  1952 I libprocessgroup: Successfully killed process cgroup uid 1037 pid 2174 in 114ms
10-04 11:08:09.374  2256  2316 D HostConnection: HostConnection::get() New Host Connection established 0x768e2b04a9a0, tid 2316
10-04 11:08:09.385  2256  2316 D HostConnection: HostComposition ext ANDROID_EMU_CHECKSUM_HELPER_v1 ANDROID_EMU_native_sync_v2 ANDROID_EMU_dma_v1 ANDROID_EMU_direct_mem ANDROID_EMU_host_composition_v1 ANDROID_EMU_host_composition_v2 ANDROID_EMU_sync_buffer_data ANDROID_EMU_hwc_color_transform GL_OES_EGL_image_external_essl3 GL_OES_vertex_array_object GL_KHR_texture_compression_astc_ldr ANDROID_EMU_host_side_tracing ANDROID_EMU_gles_max_version_3_0 
10-04 11:08:09.418  2256  2316 D EGL_emulation: eglCreateContext: 0x768e2b04ab80: maj 3 min 0 rcv 3
10-04 11:08:09.425  2256  2316 D EGL_emulation: eglMakeCurrent: 0x768e2b04ab80: ver 3 0 (tinfo 0x768e2b0189a0)
10-04 11:08:09.522  1924  2323 I Telecom : CallAudioModeStateMachine: Message received: null.: TS.init->CAMSM.pM_1@AAA
10-04 11:08:09.705  1924  1924 I Telecom : MissedCallNotifierImpl: reloadFromDatabase: Boot not yet complete -- call log db may not be available. Deferring loading until boot complete for user 0: TS.init@AAA
10-04 11:08:09.731  1924  1924 E BluetoothAdapter: Bluetooth binder is null
10-04 11:08:09.758  1710  1710 D gralloc_ranchu: gralloc_alloc: Creating ashmem region of size 1155072
10-04 11:08:09.799  1569  1569 I hwservicemanager: getTransport: Cannot find entry android.hardware.graphics.mapper@3.0::IMapper/default in either framework or device manifest.
10-04 11:08:09.800  2256  2316 W Gralloc3: mapper 3.x is not supported
10-04 11:08:09.812  2256  2316 D HostConnection: createUnique: call
10-04 11:08:09.813  2256  2316 D HostConnection: HostConnection::get() New Host Connection established 0x768e2b04ae00, tid 2316
10-04 11:08:09.815  2256  2316 D HostConnection: HostComposition ext ANDROID_EMU_CHECKSUM_HELPER_v1 ANDROID_EMU_native_sync_v2 ANDROID_EMU_dma_v1 ANDROID_EMU_direct_mem ANDROID_EMU_host_composition_v1 ANDROID_EMU_host_composition_v2 ANDROID_EMU_sync_buffer_data ANDROID_EMU_hwc_color_transform GL_OES_EGL_image_external_essl3 GL_OES_vertex_array_object GL_KHR_texture_compression_astc_ldr ANDROID_EMU_host_side_tracing ANDROID_EMU_gles_max_version_3_0 
10-04 11:08:09.816  2256  2316 D eglCodecCommon: allocate: Ask for block of size 0x1000
10-04 11:08:09.816  2256  2316 D eglCodecCommon: allocate: ioctl allocate returned offset 0x3ffff8000 size 0x2000
10-04 11:08:09.834  2256  2316 D EGL_emulation: eglMakeCurrent: 0x768e2b04ab80: ver 3 0 (tinfo 0x768e2b0189a0)
10-04 11:08:09.841  1710  1710 D gralloc_ranchu: gralloc_alloc: Creating ashmem region of size 1155072
10-04 11:08:09.878  1924  1924 I Telecom : Class: TelecomSystem.INSTANCE being set
10-04 11:08:09.844  1710  1710 D gralloc_ranchu: gralloc_alloc: Creating ashmem region of size 1155072
10-04 11:08:09.913  2284  2303 I droid.launcher: Background young concurrent copying GC freed 14666(1011KB) AllocSpace objects, 0(0B) LOS objects, 86% free, 974KB/7118KB, paused 196.832ms total 889.407ms
10-04 11:08:09.934  1924  1924 E BluetoothAdapter: Bluetooth binder is null
10-04 11:08:09.935  1924  1924 W Looper  : Slow dispatch took 3735ms main h=android.app.ActivityThread$H c=null m=121
10-04 11:08:09.937  1924  1924 D PackageWatchdog: Getting all observed packages pending health checks
10-04 11:08:09.937  1924  1924 I PackageWatchdog: Syncing health check requests for packages: {}
10-04 11:08:09.938  1924  1924 I ExplicitHealthCheckController: Service not ready to get health check supported packages. Binding...
10-04 11:08:10.050  1924  1924 W ActivityManager: Slow operation: 78ms so far, now at startProcess: building args
10-04 11:08:10.064  1734  1854 D HostConnection: HostConnection::get() New Host Connection established 0x7324eb0c3ea0, tid 1854
10-04 11:08:10.067  1734  1854 D HostConnection: HostComposition ext ANDROID_EMU_CHECKSUM_HELPER_v1 ANDROID_EMU_native_sync_v2 ANDROID_EMU_dma_v1 ANDROID_EMU_direct_mem ANDROID_EMU_host_composition_v1 ANDROID_EMU_host_composition_v2 ANDROID_EMU_sync_buffer_data ANDROID_EMU_hwc_color_transform GL_OES_EGL_image_external_essl3 GL_OES_vertex_array_object GL_KHR_texture_compression_astc_ldr ANDROID_EMU_host_side_tracing ANDROID_EMU_gles_max_version_3_0 
10-04 11:08:10.078  1734  1734 I SurfaceFlinger: Enter boot animation
10-04 11:08:10.098  1712  1760 W EmuHWC2 : No layers, exit, buffer 0x0
10-04 11:08:10.109  1924  1951 W ActivityManager: Slow operation: 137ms so far, now at startProcess: asking zygote to start proc
10-04 11:08:10.123  1924  1924 W ActivityManager: Slow operation: 152ms so far, now at startProcess: done starting proc!
10-04 11:08:10.124  1924  1924 I ExplicitHealthCheckController: Explicit health check service is bound
10-04 11:08:10.124  1924  1924 W Looper  : Slow dispatch took 187ms main h=android.os.Handler c=com.android.server.-$$Lambda$PackageWatchdog$CQuOnXthwwBaxcS5WoAlJJAz8Tk@7801ccc m=0
10-04 11:08:10.129  2256  2316 I OpenGLRenderer: Davey! duration=1064ms; Flags=1, IntendedVsync=88611765781, Vsync=88611765781, OldestInputEvent=9223372036854775807, NewestInputEvent=0, HandleInputStart=88614928548, AnimationStart=88615420256, PerformTraversalsStart=88615425843, DrawStart=89398937722, SyncQueued=89404458658, SyncStart=89407024230, IssueDrawCommandsStart=89409862062, SwapBuffers=89567560025, FrameCompleted=89679026867, DequeueBufferDuration=996000, QueueBufferDuration=11998000, 
10-04 11:08:10.160  1712  1760 W EmuHWC2 : No layers, exit, buffer 0x0
10-04 11:08:10.287  1924  1943 W system_server: Long monitor contention with owner main (1924) at boolean android.os.MessageQueue.enqueueMessage(android.os.Message, long)(MessageQueue.java:556) waiters=0 in android.os.Message android.os.MessageQueue.next() for 161ms
10-04 11:08:10.302  1924  1924 V SettingsProvider: Notifying for 0: content://settings/global/boot_count
10-04 11:08:10.302  1924  1924 W Looper  : Slow dispatch took 178ms main h=com.android.providers.settings.SettingsProvider$SettingsRegistry$MyHandler c=null m=1
10-04 11:08:10.328  1734  1961 D HostConnection: HostConnection::get() New Host Connection established 0x7324e8a35220, tid 1961
10-04 11:08:10.336  1734  1961 D HostConnection: HostComposition ext ANDROID_EMU_CHECKSUM_HELPER_v1 ANDROID_EMU_native_sync_v2 ANDROID_EMU_dma_v1 ANDROID_EMU_direct_mem ANDROID_EMU_host_composition_v1 ANDROID_EMU_host_composition_v2 ANDROID_EMU_sync_buffer_data ANDROID_EMU_hwc_color_transform GL_OES_EGL_image_external_essl3 GL_OES_vertex_array_object GL_KHR_texture_compression_astc_ldr ANDROID_EMU_host_side_tracing ANDROID_EMU_gles_max_version_3_0 
10-04 11:08:10.365  1924  1924 V SettingsProvider: Notifying for 0: content://settings/secure/location_providers_allowed
10-04 11:08:10.366  1924  1924 E WiredAccessoryManager: No state change.
10-04 11:08:10.420  1924  1944 W KeyguardServiceDelegate: onScreenTurningOn(): no keyguard service!
10-04 11:08:10.682  1924  1924 V NotificationListeners: enabling notification listener for 0: ComponentInfo{com.android.launcher3/com.android.launcher3.notification.NotificationListener}
10-04 11:08:10.683  1924  1924 V NotificationListeners: binding: Intent { act=android.service.notification.NotificationListenerService cmp=com.android.launcher3/.notification.NotificationListener (has extras) }
10-04 11:08:10.684  1924  1924 W ActivityManager: Unable to start service Intent { act=android.service.notification.NotificationListenerService cmp=com.android.launcher3/.notification.NotificationListener } U=0: not found
10-04 11:08:10.684  1924  1924 W NotificationListeners: Unable to bind notification listener service: Intent { act=android.service.notification.NotificationListenerService cmp=com.android.launcher3/.notification.NotificationListener (has extras) } in user 0
10-04 11:08:10.685  1924  1924 V NotificationAssistants: enabling notification assistant for 0: ComponentInfo{android.ext.services/android.ext.services.notification.Assistant}
10-04 11:08:10.686  1924  1924 V NotificationAssistants: binding: Intent { act=android.service.notification.NotificationAssistantService cmp=android.ext.services/.notification.Assistant (has extras) }
10-04 11:08:10.850  1924  2042 W system_server: Long monitor contention with owner main (1924) at boolean android.os.MessageQueue.enqueueMessage(android.os.Message, long)(MessageQueue.java:556) waiters=0 in android.os.Message android.os.MessageQueue.next() for 161ms
10-04 11:08:10.918  1687  1687 D Zygote  : Forked child process 2327
10-04 11:08:10.908  2284  2284 W ContextImpl: Failed to ensure /data/user/0/com.android.launcher3/cache: mkdir failed: ENOENT (No such file or directory)
10-04 11:08:11.009  2284  2284 W ContextImpl: Failed to update user.inode_cache: stat failed: ENOENT (No such file or directory)
10-04 11:08:11.024  1696  1904 W DeviceHAL: Error from HAL Device in function set_mic_mute: Function not implemented
10-04 11:08:11.026  1924  1924 E AudioSystem-JNI: Command failed for android_media_AudioSystem_muteMicrophone: -38
10-04 11:08:11.149  1924  1951 W ActivityManager: Slow operation: 1178ms so far, now at startProcess: returned from zygote!
10-04 11:08:11.150  1924  1951 W ActivityManager: Slow operation: 1178ms so far, now at startProcess: done updating battery stats
10-04 11:08:11.150  1924  1951 W ActivityManager: Slow operation: 1179ms so far, now at startProcess: building log message
10-04 11:08:11.150  1924  1951 I ActivityManager: Start proc 2327:android.ext.services/u0a55 for service {android.ext.services/android.ext.services.watchdog.ExplicitHealthCheckServiceImpl}
10-04 11:08:11.150  1924  1951 W ActivityManager: Slow operation: 1179ms so far, now at startProcess: starting to update pids map
10-04 11:08:11.151  1924  1951 W ActivityManager: Slow operation: 1179ms so far, now at startProcess: done updating pids map
10-04 11:08:11.151  1924  1951 W ActivityManager: Slow operation: 981ms so far, now at startProcess: asking zygote to start proc
10-04 11:08:11.210  2227  2227 I m.android.phon: The ClassLoaderContext is a special shared library.
10-04 11:08:11.313  2327  2327 W id.ext.service: Unexpected CPU variant for X86 using defaults: x86_64
10-04 11:08:11.442  1924  1924 W Looper  : Slow dispatch took 755ms main h=android.app.ActivityThread$H c=android.app.-$$Lambda$LoadedApk$ReceiverDispatcher$Args$_BumDX2UKsnxLVrE6UJsJZkotuA@96eabe7 m=0
10-04 11:08:11.494  2256  2278 I ndroid.setting: Waiting for a blocking GC ProfileSaver
10-04 11:08:11.551  1924  2026 W BestClock: java.time.DateTimeException: Missing NTP fix
10-04 11:08:11.554  1924  1924 W Looper  : Slow dispatch took 107ms main h=android.app.ActivityThread$H c=android.app.-$$Lambda$LoadedApk$ReceiverDispatcher$Args$_BumDX2UKsnxLVrE6UJsJZkotuA@ab3d139 m=0
10-04 11:08:11.573  1924  1924 V SettingsProvider: Notifying for 0: content://settings/secure/location_providers_allowed
10-04 11:08:11.580  1686  1686 I netd    : trafficSwapActiveStatsMap() <26.98ms>
10-04 11:08:11.624  1686  1686 I netd    : tetherGetStats() <39.48ms>
10-04 11:08:11.663  1924  1924 I system_server: The ClassLoaderContext is a special shared library.
10-04 11:08:11.730  2256  2266 I ndroid.setting: NativeAlloc concurrent copying GC freed 2001(174KB) AllocSpace objects, 0(0B) LOS objects, 56% free, 1159KB/2695KB, paused 116us total 951.213ms
10-04 11:08:11.730  2256  2278 I ndroid.setting: WaitForGcToComplete blocked ProfileSaver on ClassLinker for 236.422ms
10-04 11:08:11.742  1924  2026 W BestClock: java.time.DateTimeException: Missing NTP fix
10-04 11:08:11.794  1924  2027 W BestClock: java.time.DateTimeException: Missing NTP fix
10-04 11:08:11.827  1686  1686 I netd    : bandwidthSetGlobalAlert(2097152) <2.68ms>
10-04 11:08:11.936  2227  2227 D CarrierProvider: onCreate
10-04 11:08:11.988  1687  1687 D Zygote  : Forked child process 2344
10-04 11:08:12.009  2256  2316 I OpenGLRenderer: Davey! duration=932ms; Flags=0, IntendedVsync=90395058922, Vsync=90545058916, OldestInputEvent=9223372036854775807, NewestInputEvent=0, HandleInputStart=90549229640, AnimationStart=90549284203, PerformTraversalsStart=90550452494, DrawStart=90550781645, SyncQueued=90551426395, SyncStart=90803894217, IssueDrawCommandsStart=90805925006, SwapBuffers=91574497509, FrameCompleted=91580458172, DequeueBufferDuration=709000, QueueBufferDuration=4045000, 
10-04 11:08:12.012  2256  2256 I Choreographer: Skipped 46 frames!  The application may be doing too much work on its main thread.
10-04 11:08:12.082  2227  2227 D CarrierIdProvider: onCreate
10-04 11:08:12.082  2227  2227 D CarrierIdDatabaseHelper: CarrierIdDatabaseHelper: 5
10-04 11:08:12.112  2256  2316 I OpenGLRenderer: Davey! duration=837ms; Flags=0, IntendedVsync=90811708492, Vsync=91578375128, OldestInputEvent=9223372036854775807, NewestInputEvent=0, HandleInputStart=91583975656, AnimationStart=91584063610, PerformTraversalsStart=91584982850, DrawStart=91585169082, SyncQueued=91585227960, SyncStart=91619455665, IssueDrawCommandsStart=91620074412, SwapBuffers=91680297976, FrameCompleted=91683686969, DequeueBufferDuration=722000, QueueBufferDuration=1825000, 
10-04 11:08:12.235  1924  1951 W ActivityManager: Slow operation: 2064ms so far, now at startProcess: returned from zygote!
10-04 11:08:12.235  1924  1951 W ActivityManager: Slow operation: 2065ms so far, now at startProcess: done updating battery stats
10-04 11:08:12.236  1924  1951 W ActivityManager: Slow operation: 2065ms so far, now at startProcess: building log message
10-04 11:08:12.236  1924  1951 I ActivityManager: Start proc 2344:com.android.inputmethod.latin/u0a115 for service {com.android.inputmethod.latin/com.android.inputmethod.latin.LatinIME}
10-04 11:08:12.236  1924  1951 W ActivityManager: Slow operation: 2065ms so far, now at startProcess: starting to update pids map
10-04 11:08:12.236  1924  1951 W ActivityManager: Slow operation: 2066ms so far, now at startProcess: done updating pids map
10-04 11:08:12.420  1924  1924 I system_server: The ClassLoaderContext is a special shared library.
10-04 11:08:12.431  1924  1924 I system_server: Waiting for a blocking GC ClassLinker
10-04 11:08:12.801  1745  1745 E netmgr  : Failed to open QEMU pipe 'qemud:network': Invalid argument
10-04 11:08:12.837  2227  2227 D CarrierIdProvider: update database from pb file
10-04 11:08:12.988  2344  2344 W putmethod.lati: Unexpected CPU variant for X86 using defaults: x86_64
10-04 11:08:13.064  2327  2327 I id.ext.service: The ClassLoaderContext is a special shared library.
10-04 11:08:13.301  2060  2283 I vol.Events: writeEvent level_changed STREAM_VOICE_CALL 1
10-04 11:08:13.353  2060  2283 I vol.Events: writeEvent level_changed STREAM_SYSTEM 5
10-04 11:08:13.420  2060  2283 I vol.Events: writeEvent level_changed STREAM_RING 5
10-04 11:08:13.579  2060  2283 I vol.Events: writeEvent level_changed STREAM_MUSIC 5
10-04 11:08:13.751  2227  2227 E CarrierIdProvider: read carrier list from ota pb failure: java.io.FileNotFoundException: /data/misc/carrierid/carrier_list.pb: open failed: ENOENT (No such file or directory)
10-04 11:08:13.751  2227  2227 D CarrierIdProvider: latest version: 16777227 need update: false
10-04 11:08:13.767  2060  2283 I vol.Events: writeEvent level_changed STREAM_ALARM 6
10-04 11:08:13.888  2060  2283 I vol.Events: writeEvent level_changed STREAM_BLUETOOTH_SCO 7
10-04 11:08:13.928  2060  2060 D SystemUIBootTiming: StartServicescom.android.systemui.volume.VolumeUI took to complete: 7417ms
10-04 11:08:13.928  2060  2060 W SystemUIService: Initialization of com.android.systemui.volume.VolumeUI took 7417 ms
10-04 11:08:13.936  2327  2339 I id.ext.service: Background young concurrent copying GC freed 14745(1074KB) AllocSpace objects, 0(0B) LOS objects, 86% free, 992KB/7136KB, paused 107us total 787.563ms
10-04 11:08:14.322  1924  1940 W ActivityManager: Slow operation: 266ms so far, now at attachApplicationLocked: after mServices.attachApplicationLocked
10-04 11:08:14.346  1924  1942 W Looper  : Slow dispatch took 142ms android.ui h=com.android.server.am.ActivityManagerService$UiHandler c=null m=53
10-04 11:08:14.390  2060  2283 I vol.Events: writeEvent zen_mode_config_changed [disallowAlarms=false disallowMedia=false disallowSystem=true disallowRinger=false]
10-04 11:08:14.622  2344  2344 D ApplicationLoaders: Returning zygote-cached class loader: /system/framework/android.hidl.base-V1.0-java.jar
10-04 11:08:14.686  2344  2344 D ApplicationLoaders: Returning zygote-cached class loader: /system/framework/android.hidl.manager-V1.0-java.jar
10-04 11:08:14.686  2344  2344 D ApplicationLoaders: Returning zygote-cached class loader: /system/framework/android.hidl.base-V1.0-java.jar
10-04 11:08:14.749  2284  2284 D TouchInteractionService: Touch service connected
10-04 11:08:15.120  2344  2344 I putmethod.lati: The ClassLoaderContext is a special shared library.
10-04 11:08:15.420  1924  1942 W WindowManager: Keyguard drawn timeout. Setting mKeyguardDrawComplete
10-04 11:08:15.673  1734  1854 E SurfaceFlinger: ro.sf.lcd_density must be defined as a build property
10-04 11:08:15.688  1734  1962 E SurfaceFlinger: ro.sf.lcd_density must be defined as a build property
10-04 11:08:15.699  1789  1789 E wifi_forwarder: RemoteConnection failed to initialize: RemoteConnection failed to open pipe
10-04 11:08:15.802  1924  1950 W ActivityManager: Timeout executing service: ServiceRecord{10fcb8d u0 com.android.systemui/.SystemUIService}
10-04 11:08:15.972  2344  2344 I putmethod.lati: Waiting for a blocking GC ClassLinker
10-04 11:08:15.985  2344  2344 I putmethod.lati: WaitForGcToComplete blocked ClassLinker on HeapTrim for 13.378ms
10-04 11:08:16.052  2060  2060 D SystemUIBootTiming: StartServicescom.android.systemui.stackdivider.Divider took to complete: 2124ms
10-04 11:08:16.052  2060  2060 W SystemUIService: Initialization of com.android.systemui.stackdivider.Divider took 2124 ms
10-04 11:08:16.735  1569  1569 I hwservicemanager: getTransport: Cannot find entry android.hardware.radio@1.4::IRadio/slot1 in either framework or device manifest.
10-04 11:08:16.738  2060  2060 I FalsingManagerPlugin: xdpi, ydpi: 160.0, 160.0
10-04 11:08:16.771  1569  1569 I hwservicemanager: getTransport: Cannot find entry android.hardware.radio@1.3::IRadio/slot1 in either framework or device manifest.
10-04 11:08:16.834  2060  2060 I FalsingManagerPlugin: width, height: 360, 752
10-04 11:08:16.838  1569  1569 I hwservicemanager: getTransport: Cannot find entry android.hardware.radio@1.2::IRadio/slot1 in either framework or device manifest.
10-04 11:08:16.888  1569  1569 I hwservicemanager: getTransport: Cannot find entry android.hardware.radio@1.1::IRadio/slot1 in either framework or device manifest.
10-04 11:08:16.970  1924  1950 I ActivityManager: dumpStackTraces pids={2256=true, 2284=true, 2327=true, 2344=true} nativepids=[1572, 1729, 1734, 1755, 1756, 1773, 1774, 1776, 1778, 1780, 1784, 1788]
10-04 11:08:17.071  2227  2227 I android_os_HwBinder: HwBinder: Starting thread pool for getting: android.hardware.radio@1.0::IRadio/slot1
10-04 11:08:17.235  1924  1949 I ActivityTaskManager: Displayed com.android.settings/.FallbackHome: +12s18ms
10-04 11:08:17.703  1924  1941 W Looper  : Slow dispatch took 118ms android.fg h=com.android.server.location.GnssLocationProvider$ProviderHandler c=null m=18
10-04 11:08:18.581  2284  2328 W droid.launcher: Verification of void com.android.org.conscrypt.OpenSSLMessageDigestJDK.<init>(long, int) took 1.154s
10-04 11:08:18.687  1924  2210 W system_server: Long monitor contention with owner android.io (1943) at int com.android.server.am.ActivityManagerService.bindIsolatedService(android.app.IApplicationThread, android.os.IBinder, android.content.Intent, java.lang.String, android.app.IServiceConnection, int, java.lang.String, java.lang.String, int)(ActivityManagerService.java:14067) waiters=1 in void com.android.server.am.ActivityManagerService.serviceDoneExecuting(android.os.IBinder, int, int, int) for 125ms
10-04 11:08:19.016  1569  1569 I hwservicemanager: getTransport: Cannot find entry android.hardware.radio.deprecated@1.0::IOemHook/slot1 in either framework or device manifest.
10-04 11:08:19.353  1924  1949 E memtrack: Couldn't load memtrack module
10-04 11:08:19.353  1924  1949 W android.os.Debug: failed to get memory consumption info: -1
10-04 11:08:19.354  1924  1949 I system_server: Using smaps_rollup for pss collection
10-04 11:08:19.638  2060  2060 V WifiManager: registerTrafficStateCallback: callback=com.android.systemui.statusbar.policy.WifiSignalController$WifiTrafficStateCallback@9957d0f, handler=null
10-04 11:08:19.904  1924  2210 D ConnectivityService: requestNetwork for uid/pid:10102/2060 NetworkRequest [ TRACK_DEFAULT id=12, [ Capabilities: INTERNET&NOT_RESTRICTED&TRUSTED Uid: 10102] ]
10-04 11:08:20.221  2227  2227 D TelephonyProvider: dbh.onOpen: ok, queried table=siminfo
10-04 11:08:20.286  2227  2227 D TelephonyProvider: dbh.onOpen: ok, queried table=carriers
10-04 11:08:20.372  2344  2344 I LatinIME: Hardware accelerated drawing: true
10-04 11:08:21.139  2344  2358 W putmethod.lati: Suspending all threads took: 153.369ms
10-04 11:08:21.554  1924  1934 I system_server: NativeAlloc concurrent copying GC freed 18976(2018KB) AllocSpace objects, 14(812KB) LOS objects, 42% free, 7624KB/13MB, paused 315.771ms total 11.689s
10-04 11:08:21.554  1924  1924 I system_server: WaitForGcToComplete blocked ClassLinker on ClassLinker for 9.123s
10-04 11:08:21.653  1924  1924 W Looper  : Slow dispatch took 10079ms main h=android.app.ActivityThread$H c=null m=114
10-04 11:08:21.972  1924  1924 W system_server: Verification of void com.android.location.fused.FusionEngine.updateFusedLocation() took 115.937ms
10-04 11:08:22.054  1924  1924 W Looper  : Slow dispatch took 402ms main h=android.app.ActivityThread$H c=null m=121
10-04 11:08:22.185  1924  1924 W Looper  : Slow dispatch took 129ms main h=android.app.ActivityThread$H c=android.app.-$$Lambda$LoadedApk$ReceiverDispatcher$Args$_BumDX2UKsnxLVrE6UJsJZkotuA@796e7f8 m=0
10-04 11:08:22.187  1924  1924 D ConditionProviders.SCP: onSubscribe condition://android/schedule?days=1.2.3.4.5.6.7&start=22.0&end=7.0&exitAtAlarm=true
10-04 11:08:22.289  1924  1924 D ConditionProviders.SCP: setRegistered true
10-04 11:08:22.178  1924  1941 D UsbDeviceManager: push notification:Charging this device via USB
10-04 11:08:22.320  1924  1941 W Looper  : Slow dispatch took 149ms android.fg h=com.android.server.usb.UsbDeviceManager$UsbHandlerLegacy c=null m=9
10-04 11:08:22.936  1924  2210 W system_server: Long monitor contention with owner ConditionProviders.ECP (2039) at java.lang.String com.android.server.am.ActivityManagerService.checkContentProviderAccess(java.lang.String, int)(ActivityManagerService.java:6492) waiters=1 in android.content.Intent com.android.server.am.ActivityManagerService.registerReceiver(android.app.IApplicationThread, java.lang.String, android.content.IIntentReceiver, android.content.IntentFilter, java.lang.String, int, int) for 607ms
10-04 11:08:22.938  1924  1924 W system_server: Long monitor contention with owner ConditionProviders.ECP (2039) at java.lang.String com.android.server.am.ActivityManagerService.checkContentProviderAccess(java.lang.String, int)(ActivityManagerService.java:6492) waiters=2 in android.content.Intent com.android.server.am.ActivityManagerService.registerReceiver(android.app.IApplicationThread, java.lang.String, android.content.IIntentReceiver, android.content.IntentFilter, java.lang.String, int, int) for 609ms
10-04 11:08:23.056  1924  1924 D ConditionProviders.SCP: evaluateSubscriptionLocked cal=ScheduleCalendar[mDays={1, 2, 3, 4, 5, 6, 7}, mSchedule=ScheduleInfo{days=[1, 2, 3, 4, 5, 6, 7], startHour=22, startMinute=0, endHour=7, endMinute=0, exitAtAlarm=true, nextAlarm=Thu Jan 01 00:00:00 UTC 1970 (0)}], now=Sun Oct 04 11:08:22 UTC 2026 (1791112102288), nextUserAlarmTime=Thu Jan 01 00:00:00 UTC 1970 (0)
10-04 11:08:23.068  1924  1924 D ConditionProviders.SCP: notifyCondition condition://android/schedule?days=1.2.3.4.5.6.7&start=22.0&end=7.0&exitAtAlarm=true STATE_FALSE reason=!meetsSchedule
10-04 11:08:23.136  1924  1924 D ConditionProviders.SCP: Scheduling evaluate for Sun Oct 04 22:00:00 UTC 2026 (1791151200000), in +10h51m37s712ms, now=Sun Oct 04 11:08:22 UTC 2026 (1791112102288)
10-04 11:08:23.137  1924  1924 W Looper  : Slow dispatch took 950ms main h=android.service.notification.ConditionProviderService$H c=null m=3
10-04 11:08:23.164  1924  1949 W system_server: Long monitor contention with owner ConditionProviders.ECP (2039) at java.lang.String com.android.server.am.ActivityManagerService.checkContentProviderAccess(java.lang.String, int)(ActivityManagerService.java:6492) waiters=0 in void com.android.server.am.ActivityManagerService$5.handleMessage(android.os.Message) for 859ms
10-04 11:08:23.169  1924  1924 V FingerprintService: handleEnumeratedTemplate: 0
10-04 11:08:23.169  1924  1924 V FingerprintService: Matched: false
10-04 11:08:23.169  1924  1924 V FingerprintService: Done with client: android
10-04 11:08:23.169  1924  1924 V FingerprintService: clearEnumerateState()
10-04 11:08:23.604  1924  2039 W system_server: Long monitor contention with owner android.bg (1949) at void com.android.server.am.ActivityManagerService$5.handleMessage(android.os.Message)(ActivityManagerService.java:1992) waiters=0 in java.lang.String com.android.server.am.ActivityManagerService.checkContentProviderAccess(java.lang.String, int) for 386ms
10-04 11:08:23.690  1924  2210 W system_server: Long monitor contention with owner android.bg (1949) at void com.android.server.am.ActivityManagerService$5.handleMessage(android.os.Message)(ActivityManagerService.java:1992) waiters=1 in android.content.Intent com.android.server.am.ActivityManagerService.registerReceiver(android.app.IApplicationThread, java.lang.String, android.content.IIntentReceiver, android.content.IntentFilter, java.lang.String, int, int) for 435ms
10-04 11:08:23.699  1924  2367 W system_server: Long monitor contention with owner android.bg (1949) at void com.android.server.am.ActivityManagerService$5.handleMessage(android.os.Message)(ActivityManagerService.java:1992) waiters=2 in java.lang.String com.android.server.am.ActivityManagerService.checkContentProviderAccess(java.lang.String, int) for 314ms
10-04 11:08:23.721  1924  1924 W Looper  : Slow dispatch took 334ms main h=com.android.server.job.JobSchedulerService$JobHandler c=null m=6
10-04 11:08:24.072  1924  1949 E memtrack: Couldn't load memtrack module
10-04 11:08:24.072  1924  1949 W android.os.Debug: failed to get memory consumption info: -1
10-04 11:08:24.559  1924  1924 W Looper  : Slow dispatch took 836ms main h=android.app.ActivityThread$H c=android.app.LoadedApk$ServiceDispatcher$RunConnection@874aae2 m=0
10-04 11:08:24.572  1924  1924 I NetworkStackClient: Network stack service connected
10-04 11:08:24.671  1924  2210 W system_server: Long monitor contention with owner ConditionProviders.ECP (2039) at android.content.Intent com.android.server.am.ActivityManagerService.registerReceiver(android.app.IApplicationThread, java.lang.String, android.content.IIntentReceiver, android.content.IntentFilter, java.lang.String, int, int)(ActivityManagerService.java:14406) waiters=0 in android.content.Intent com.android.server.am.ActivityManagerService.registerReceiver(android.app.IApplicationThread, java.lang.String, android.content.IIntentReceiver, android.content.IntentFilter, java.lang.String, int, int) for 349ms
10-04 11:08:24.722  1924  2367 W system_server: Long monitor contention with owner ConditionProviders.ECP (2039) at android.content.Intent com.android.server.am.ActivityManagerService.registerReceiver(android.app.IApplicationThread, java.lang.String, android.content.IIntentReceiver, android.content.IntentFilter, java.lang.String, int, int)(ActivityManagerService.java:14406) waiters=1 in java.lang.String com.android.server.am.ActivityManagerService.checkContentProviderAccess(java.lang.String, int) for 332ms
10-04 11:08:25.739  1924  1940 W system_server: Long monitor contention with owner ConditionProviders.ECP (2039) at android.content.Intent com.android.server.am.ActivityManagerService.registerReceiver(android.app.IApplicationThread, java.lang.String, android.content.IIntentReceiver, android.content.IntentFilter, java.lang.String, int, int)(ActivityManagerService.java:14406) waiters=2 in android.app.ContentProviderHolder com.android.server.am.ActivityManagerService.getContentProviderImpl(android.app.IApplicationThread, java.lang.String, android.os.IBinder, int, java.lang.String, java.lang.String, boolean, int) for 1.318s
10-04 11:08:25.756  1924  1924 W system_server: Long monitor contention with owner ConditionProviders.ECP (2039) at android.content.Intent com.android.server.am.ActivityManagerService.registerReceiver(android.app.IApplicationThread, java.lang.String, android.content.IIntentReceiver, android.content.IntentFilter, java.lang.String, int, int)(ActivityManagerService.java:14406) waiters=3 in int com.android.server.am.ActivityManagerService.getMemoryTrimLevel() for 1.174s
10-04 11:08:25.756  1924  1924 W Looper  : Slow dispatch took 1175ms main h=com.android.server.job.JobSchedulerService$JobHandler c=null m=6
10-04 11:08:25.801  1924  1924 I Telecom : WiredHeadsetManager: ACTION_HEADSET_PLUG event, plugged in: false, : WHC.oADA@AAE
10-04 11:08:25.806  1924  1924 D MediaSessionService: Global priority session is changed from null to com.android.server.telecom/HeadsetMediaButton (userId=0)
10-04 11:08:25.858  2344  2344 W InputAttributes: No editor info for this field. Bug?
10-04 11:08:26.036  1924  2039 W system_server: Long monitor contention with owner Binder:1924_5 (2210) at android.content.Intent com.android.server.am.ActivityManagerService.registerReceiver(android.app.IApplicationThread, java.lang.String, android.content.IIntentReceiver, android.content.IntentFilter, java.lang.String, int, int)(ActivityManagerService.java:14406) waiters=3 in android.app.ContentProviderHolder com.android.server.am.ActivityManagerService.getContentProviderImpl(android.app.IApplicationThread, java.lang.String, android.os.IBinder, int, java.lang.String, java.lang.String, boolean, int) for 305ms
10-04 11:08:26.105  1924  1924 I ContentSuggestionsManagerService: Updating for user 0: disabled=false
10-04 11:08:26.254  1924  1924 D AutofillManagerService: Restriction did not change for user 0
10-04 11:08:26.437  1924  1949 W system_server: Long monitor contention with owner ConditionProviders.ECP (2039) at android.app.ContentProviderHolder com.android.server.am.ActivityManagerService.getContentProviderImpl(android.app.IApplicationThread, java.lang.String, android.os.IBinder, int, java.lang.String, java.lang.String, boolean, int)(ActivityManagerService.java:6714) waiters=0 in void com.android.server.am.ActivityManagerService$5.handleMessage(android.os.Message) for 386ms
10-04 11:08:26.457  1924  2039 E ActivityThread: Failed to find provider info for com.android.calendar
10-04 11:08:26.731  1924  1940 W system_server: Long monitor contention with owner ConditionProviders.ECP (2039) at android.app.ContentProviderHolder com.android.server.am.ActivityManagerService.getContentProviderImpl(android.app.IApplicationThread, java.lang.String, android.os.IBinder, int, java.lang.String, java.lang.String, boolean, int)(ActivityManagerService.java:6714) waiters=1 in android.content.Intent com.android.server.am.ActivityManagerService.registerReceiver(android.app.IApplicationThread, java.lang.String, android.content.IIntentReceiver, android.content.IntentFilter, java.lang.String, int, int) for 486ms
10-04 11:08:26.738  1924  1924 W system_server: Long monitor contention with owner ConditionProviders.ECP (2039) at android.app.ContentProviderHolder com.android.server.am.ActivityManagerService.getContentProviderImpl(android.app.IApplicationThread, java.lang.String, android.os.IBinder, int, java.lang.String, java.lang.String, boolean, int)(ActivityManagerService.java:6714) waiters=2 in int com.android.server.am.ActivityManagerService.broadcastIntent(android.app.IApplicationThread, android.content.Intent, java.lang.String, android.content.IIntentReceiver, int, java.lang.String, android.os.Bundle, java.lang.String[], int, android.os.Bundle, boolean, boolean, int) for 483ms
10-04 11:08:26.748  1924  2365 W system_server: Long monitor contention with owner ConditionProviders.ECP (2039) at android.app.ContentProviderHolder com.android.server.am.ActivityManagerService.getContentProviderImpl(android.app.IApplicationThread, java.lang.String, android.os.IBinder, int, java.lang.String, java.lang.String, boolean, int)(ActivityManagerService.java:6714) waiters=3 in java.lang.String com.android.server.am.ActivityManagerService.checkContentProviderAccess(java.lang.String, int) for 434ms
10-04 11:08:26.755  1924  1924 W Looper  : Slow dispatch took 769ms main h=com.android.server.pm.UserManagerService$MainHandler c=com.android.server.pm.UserManagerService$3@b052d24 m=0
10-04 11:08:26.902  2060  2060 D StatusBar: disable<e i a s b h r c s > disable2<q i n >
10-04 11:08:26.987  1924  1940 I StatusBarManagerService: registerStatusBar bar=com.android.internal.statusbar.IStatusBar$Stub$Proxy@c4d28a8
10-04 11:08:27.053  1924  1924 W Looper  : Slow dispatch took 248ms main h=com.android.server.pm.UserManagerService$MainHandler c=null m=1
10-04 11:08:27.054  1924  1924 I ExplicitHealthCheckController: Explicit health check service is connected ComponentInfo{android.ext.services/android.ext.services.watchdog.ExplicitHealthCheckServiceImpl}
10-04 11:08:27.160  1924  1924 I ExplicitHealthCheckController: Service initialized, syncing requests
10-04 11:08:27.160  1924  1924 W Looper  : Slow dispatch took 106ms main h=android.app.ActivityThread$H c=android.app.LoadedApk$ServiceDispatcher$RunConnection@d7546a7 m=0
10-04 11:08:27.160  1924  1924 V NotificationAssistants: 0 notification assistant service connected: ComponentInfo{android.ext.services/android.ext.services.notification.Assistant}
10-04 11:08:27.313  1924  1949 W system_server: Long monitor contention with owner ConditionProviders.ECP (2039) at android.app.ContentProviderHolder com.android.server.am.ActivityManagerService.getContentProviderImpl(android.app.IApplicationThread, java.lang.String, android.os.IBinder, int, java.lang.String, java.lang.String, boolean, int)(ActivityManagerService.java:6714) waiters=0 in void com.android.server.am.ActivityManagerService$5.handleMessage(android.os.Message) for 478ms
10-04 11:08:27.387  1924  2039 E ActivityThread: Failed to find provider info for com.android.calendar
10-04 11:08:27.455  2327  2392 D ExtAssistant: File doesn't exist or isn't readable yet
10-04 11:08:27.636  2344  2394 I LatinIME:LogUtils: Dictionary info: dictionary = UserHistoryDictionary.en_US ; version = 1791112107 ; date = ?
10-04 11:08:27.670  1924  1924 W system_server: Long monitor contention with owner android.bg (1949) at void com.android.server.am.ActivityManagerService$5.handleMessage(android.os.Message)(ActivityManagerService.java:1961) waiters=0 in int com.android.server.am.ActivityManagerService.getPackageProcessState(java.lang.String, java.lang.String) for 334ms
10-04 11:08:27.683  1924  1924 W Looper  : Slow dispatch took 347ms main h=com.android.server.notification.NotificationManagerService$WorkerHandler c=com.android.server.notification.NotificationManagerService$EnqueueNotificationRunnable@b795f9 m=0
10-04 11:08:27.673  1924  1940 W system_server: Long monitor contention with owner android.bg (1949) at void com.android.server.am.ActivityManagerService$5.handleMessage(android.os.Message)(ActivityManagerService.java:1961) waiters=1 in java.lang.String com.android.server.am.ActivityManagerService.checkContentProviderAccess(java.lang.String, int) for 317ms
10-04 11:08:27.694  1924  1924 V SettingsProvider: Notifying for 0: content://settings/secure/snoozed_schedule_condition_provider
10-04 11:08:27.859  1924  1924 W Looper  : Slow dispatch took 166ms main h=com.android.server.notification.NotificationManagerService$WorkerHandler c=com.android.server.notification.NotificationManagerService$10$1@18a296d m=0
10-04 11:08:27.862  1924  1924 D PackageWatchdog: Getting all observed packages pending health checks
10-04 11:08:27.863  1924  1924 I PackageWatchdog: Syncing health check requests for packages: {}
10-04 11:08:27.863  1924  1924 D ExplicitHealthCheckController: Getting health check supported packages
10-04 11:08:27.870  1924  1996 I ExplicitHealthCheckController: Explicit health check supported packages [PackageConfig{com.android.networkstack, 3600000}]
10-04 11:08:27.871  1924  1996 D PackageWatchdog: Received supported packages [PackageConfig{com.android.networkstack, 3600000}]
10-04 11:08:27.914  1924  2039 W system_server: Long monitor contention with owner android.bg (1949) at void com.android.server.am.ActivityManagerService$5.handleMessage(android.os.Message)(ActivityManagerService.java:1961) waiters=2 in java.lang.String com.android.server.am.ActivityManagerService.getTagForIntentSender(android.content.IIntentSender, java.lang.String) for 526ms
10-04 11:08:27.989  1924  1996 D ExplicitHealthCheckController: Getting health check requested packages
10-04 11:08:27.997  1924  2210 I ExplicitHealthCheckController: Explicit health check requested packages []
10-04 11:08:27.998  1924  2210 I ExplicitHealthCheckController: No more health check requests, unbinding...
10-04 11:08:28.012  1924  1924 W Looper  : Slow dispatch took 149ms main h=android.os.Handler c=com.android.server.-$$Lambda$PackageWatchdog$CQuOnXthwwBaxcS5WoAlJJAz8Tk@9acef69 m=0
10-04 11:08:28.033  2344  2394 I LatinIME:LogUtils: Dictionary info: dictionary = userunigram.en_US ; version = 1791112108 ; date = ?
10-04 11:08:28.203  1924  1924 W Looper  : Slow dispatch took 190ms main h=com.android.server.notification.NotificationManagerService$WorkerHandler c=com.android.server.notification.NotificationManagerService$PostNotificationRunnable@33e2afa m=0
10-04 11:08:28.370  1924  1924 W Looper  : Slow dispatch took 166ms main h=com.android.server.notification.ZenModeHelper$H c=null m=4
10-04 11:08:28.472  1924  1924 W Looper  : Slow dispatch took 101ms main h=com.android.server.notification.NotificationManagerService$WorkerHandler c=com.android.server.notification.NotificationManagerService$NotificationListeners$2@59a22a1 m=0
10-04 11:08:28.520  1924  1940 W system_server: Long monitor contention with owner ConditionProviders.ECP (2039) at java.lang.String com.android.server.am.ActivityManagerService.getTagForIntentSender(android.content.IIntentSender, java.lang.String)(ActivityManagerService.java:5579) waiters=0 in android.content.Intent com.android.server.am.ActivityManagerService.registerReceiver(android.app.IApplicationThread, java.lang.String, android.content.IIntentReceiver, android.content.IntentFilter, java.lang.String, int, int) for 534ms
10-04 11:08:28.521  1924  2210 W system_server: Long monitor contention with owner ConditionProviders.ECP (2039) at java.lang.String com.android.server.am.ActivityManagerService.getTagForIntentSender(android.content.IIntentSender, java.lang.String)(ActivityManagerService.java:5579) waiters=1 in boolean com.android.server.am.ActivityManagerService.unbindService(android.app.IServiceConnection) for 522ms
10-04 11:08:28.534  1924  1996 W system_server: Long monitor contention with owner ConditionProviders.ECP (2039) at java.lang.String com.android.server.am.ActivityManagerService.getTagForIntentSender(android.content.IIntentSender, java.lang.String)(ActivityManagerService.java:5579) waiters=2 in android.app.ContentProviderHolder com.android.server.am.ActivityManagerService.getContentProviderImpl(android.app.IApplicationThread, java.lang.String, android.os.IBinder, int, java.lang.String, java.lang.String, boolean, int) for 499ms
10-04 11:08:28.536  1924  2210 I ExplicitHealthCheckController: Explicit health check service is unbound
10-04 11:08:28.537  1924  1939 W system_server: Long monitor contention with owner ConditionProviders.ECP (2039) at java.lang.String com.android.server.am.ActivityManagerService.getTagForIntentSender(android.content.IIntentSender, java.lang.String)(ActivityManagerService.java:5579) waiters=4 in boolean com.android.server.am.ActivityManagerService.unbindService(android.app.IServiceConnection) for 200ms
10-04 11:08:28.538  2344  2394 E ActivityThread: Failed to find provider info for user_dictionary
10-04 11:08:28.744  1924  1924 V SettingsProvider: Notifying for 0: content://settings/global/zen_mode_config_etag
10-04 11:08:28.744  1924  1924 W Looper  : Slow dispatch took 260ms main h=com.android.providers.settings.SettingsProvider$SettingsRegistry$MyHandler c=null m=1
10-04 11:08:28.818  1924  1949 E memtrack: Couldn't load memtrack module
10-04 11:08:28.818  1924  1949 W android.os.Debug: failed to get memory consumption info: -1
10-04 11:08:28.835  1924  1943 I DropBoxManagerService: add tag=system_app_strictmode isTagEnabled=true flags=0x2
10-04 11:08:29.019  1924  1924 W Looper  : Slow dispatch took 221ms main h=android.os.Handler c=android.database.ContentObserver$NotificationRunnable@5798581 m=0
10-04 11:08:29.212  1924  1924 W Looper  : Drained
10-04 11:08:29.274  2284  2328 W Looper  : Slow dispatch took 18394ms android.bg h=android.os.Handler c=android.os.-$$Lambda$StrictMode$yZJXPvy2veRNA-xL_SWdXzX_OLg@1c09bc0 m=0
10-04 11:08:29.381  1924  1943 I DropBoxManagerService: add tag=system_app_strictmode isTagEnabled=true flags=0x2
10-04 11:08:30.939  1924  1939 W system_server: Long monitor contention with owner android.bg (1949) at void com.android.server.am.ActivityManagerService$5.handleMessage(android.os.Message)(ActivityManagerService.java:1992) waiters=0 in java.lang.String com.android.server.am.ActivityManagerService.checkContentProviderAccess(java.lang.String, int) for 701ms
10-04 11:08:30.953  1924  2365 W system_server: Long monitor contention with owner android.bg (1949) at void com.android.server.am.ActivityManagerService$5.handleMessage(android.os.Message)(ActivityManagerService.java:1992) waiters=1 in com.android.server.am.ProcessRecord com.android.server.am.ActivityManagerService.findAppProcess(android.os.IBinder, java.lang.String) for 514ms
10-04 11:08:30.954  1924  2395 W system_server: Long monitor contention with owner android.bg (1949) at void com.android.server.am.ActivityManagerService$5.handleMessage(android.os.Message)(ActivityManagerService.java:1992) waiters=2 in java.lang.String com.android.server.am.ActivityManagerService.checkContentProviderAccess(java.lang.String, int) for 250ms
10-04 11:08:30.955  1924  1941 W Looper  : Slow dispatch took 102ms android.fg h=com.android.server.DropBoxManagerService$DropBoxManagerBroadcastHandler c=null m=2
10-04 11:08:30.999  1924  1943 I DropBoxManagerService: add tag=system_app_strictmode isTagEnabled=true flags=0x2
10-04 11:08:31.437  1924  1949 E memtrack: Couldn't load memtrack module
10-04 11:08:31.437  1924  1949 W android.os.Debug: failed to get memory consumption info: -1
10-04 11:08:31.972  2344  2394 I LatinIME:LogUtils: Dictionary info: dictionary = main:en ; version = 54 ; date = 1414726273
10-04 11:08:32.719  1924  1950 I ActivityManager: Skipping next CPU consuming process, not a java proc: 1734
10-04 11:08:32.720  1924  1950 I ActivityManager: Skipping next CPU consuming process, not a java proc: 1712
10-04 11:08:32.720  1924  1950 I ActivityManager: Skipping next CPU consuming process, not a java proc: 1924
10-04 11:08:32.720  1924  1950 I ActivityManager: Skipping next CPU consuming process, not a java proc: 2060
10-04 11:08:32.720  1924  1950 I ActivityManager: Skipping next CPU consuming process, not a java proc: 1716
10-04 11:08:32.720  1924  1950 I ActivityManager: Skipping next CPU consuming process, not a java proc: 213
10-04 11:08:32.720  1924  1950 I ActivityManager: Skipping next CPU consuming process, not a java proc: 2227
10-04 11:08:32.720  1924  1950 I ActivityManager: Skipping next CPU consuming process, not a java proc: 8
10-04 11:08:32.720  1924  1950 I ActivityManager: Skipping next CPU consuming process, not a java proc: 1679
10-04 11:08:32.720  1924  1950 I ActivityManager: Skipping next CPU consuming process, not a java proc: 1567
10-04 11:08:32.720  1924  1950 I ActivityManager: Skipping next CPU consuming process, not a java proc: 1766
10-04 11:08:32.720  1924  1950 I ActivityManager: Skipping next CPU consuming process, not a java proc: 1
10-04 11:08:32.720  1924  1950 I ActivityManager: Skipping next CPU consuming process, not a java proc: 7
10-04 11:08:32.720  1924  1950 I ActivityManager: Skipping next CPU consuming process, not a java proc: 802
10-04 11:08:32.720  1924  1950 I ActivityManager: Skipping next CPU consuming process, not a java proc: 1568
10-04 11:08:32.720  1924  1950 I ActivityManager: Skipping next CPU consuming process, not a java proc: 1569
10-04 11:08:32.720  1924  1950 I ActivityManager: Skipping next CPU consuming process, not a java proc: 1587
10-04 11:08:32.720  1924  1950 I ActivityManager: Skipping next CPU consuming process, not a java proc: 1709
10-04 11:08:32.720  1924  1950 I ActivityManager: Skipping next CPU consuming process, not a java proc: 1739
10-04 11:08:33.021  1924  1943 I DropBoxManagerService: add tag=system_app_strictmode isTagEnabled=true flags=0x2
10-04 11:08:33.147  1924  1950 I ActivityManager: Dumping to /data/anr/anr_2026-10-04-11-08-32-938
10-04 11:08:33.147  1924  1950 I ActivityManager: Collecting stacks for pid 2060
10-04 11:08:33.243  1924  1950 I system_server: libdebuggerd_client: started dumping process 2060
10-04 11:08:33.485  2060  2075 I ndroid.systemu: Thread[4,tid=2075,WaitingInMainSignalCatcherLoop,Thread*=0x768e2b011800,peer=0x12f00618,"Signal Catcher"]: reacting to signal 3
10-04 11:08:33.485  2060  2075 I ndroid.systemu: 
10-04 11:08:33.258  2327  2393 W id.ext.service: Verification of void com.android.org.conscrypt.OpenSSLMessageDigestJDK.<init>(long, int) took 420.108ms
10-04 11:08:33.605  1793  1793 I /system/bin/tombstoned: registered intercept for pid 2060 and type kDebuggerdJavaBacktrace
10-04 11:08:33.878  2327  2393 W id.ext.service: Verification of void com.android.org.conscrypt.OpenSSLMessageDigestJDK.<init>(long, int, com.android.org.conscrypt.NativeRef$EVP_MD_CTX, boolean) took 179.544ms
10-04 11:08:34.483  2327  2393 W id.ext.service: Verification of void com.android.org.conscrypt.OpenSSLMessageDigestJDK.<init>(long, int, com.android.org.conscrypt.OpenSSLMessageDigestJDK$1) took 284.305ms
10-04 11:08:34.572  2060  2075 W ndroid.systemu: Suspending all threads took: 801.403ms
10-04 11:08:34.870  1924  1949 E memtrack: Couldn't load memtrack module
10-04 11:08:34.870  1924  1949 W android.os.Debug: failed to get memory consumption info: -1
10-04 11:08:35.836  2227  2227 W SystemConfig: No directory /product/etc/sysconfig, skipping
10-04 11:08:36.336  2227  2227 W SystemConfig: No directory /product_services/etc/sysconfig, skipping
10-04 11:08:36.337  2227  2227 W SystemConfig: No directory /product_services/etc/permissions, skipping
10-04 11:08:36.804  2227  2227 D PhoneSwitcherNetworkRequstListener: Registering NetworkFactory
10-04 11:08:36.811  1924  2033 D ConnectivityService: Got NetworkFactory Messenger for PhoneSwitcherNetworkRequstListener
10-04 11:08:38.034  1924  2033 D ConnectivityService: Got NetworkFactory Messenger for TelephonyNetworkFactory[0]
10-04 11:08:38.073  2227  2255 W m.android.phon: Long monitor contention with owner main (2227) at boolean android.os.BinderProxy.transactNative(int, android.os.Parcel, android.os.Parcel, int)(BinderProxy.java:-2) waiters=0 in com.android.internal.telephony.Phone com.android.internal.telephony.PhoneFactory.getPhone(int) for 13.652s
10-04 11:08:38.192  1924  1949 E memtrack: Couldn't load memtrack module
10-04 11:08:38.192  1924  1949 W android.os.Debug: failed to get memory consumption info: -1
10-04 11:08:39.553  1924  2037 D NotificationSQLiteLog: Pruned event entries: 0
10-04 11:08:39.889  1924  2395 W system_server: Long monitor contention with owner android.bg (1949) at void com.android.server.am.ActivityManagerService$5.handleMessage(android.os.Message)(ActivityManagerService.java:1992) waiters=0 in java.lang.String com.android.server.am.ActivityManagerService.checkContentProviderAccess(java.lang.String, int) for 1.216s
10-04 11:08:39.896  1924  1939 W system_server: Long monitor contention with owner android.bg (1949) at void com.android.server.am.ActivityManagerService$5.handleMessage(android.os.Message)(ActivityManagerService.java:1992) waiters=1 in android.app.ContentProviderHolder com.android.server.am.ActivityManagerService.getContentProviderImpl(android.app.IApplicationThread, java.lang.String, android.os.IBinder, int, java.lang.String, java.lang.String, boolean, int) for 974ms
10-04 11:08:39.897  1924  2365 W system_server: Long monitor contention with owner android.bg (1949) at void com.android.server.am.ActivityManagerService$5.handleMessage(android.os.Message)(ActivityManagerService.java:1992) waiters=2 in android.content.Intent com.android.server.am.ActivityManagerService.registerReceiver(android.app.IApplicationThread, java.lang.String, android.content.IIntentReceiver, android.content.IntentFilter, java.lang.String, int, int) for 862ms
10-04 11:08:39.900  2227  2407 E ActivityThread: Failed to find provider info for com.android.contacts
10-04 11:08:39.901  2227  2407 W CallerInfoCache: cursor is null
10-04 11:08:39.943  2227  2227 D CarrierConfigLoader: CarrierConfigLoader has started
10-04 11:08:40.006  2227  2227 E BluetoothAdapter: Bluetooth binder is null
10-04 11:08:40.198  1924  1943 I DropBoxManagerService: add tag=system_app_strictmode isTagEnabled=true flags=0x2
10-04 11:08:40.234  1924  1949 E memtrack: Couldn't load memtrack module
10-04 11:08:40.234  1924  1949 W android.os.Debug: failed to get memory consumption info: -1
10-04 11:08:40.396  1924  1944 W WindowManager: ***** BOOT TIMEOUT: forcing display enabled
10-04 11:08:40.401  1924  1944 I WindowManager: ******* TELLING SURFACE FLINGER WE ARE BOOTED!
10-04 11:08:40.403  1734  1961 I SurfaceFlinger: Boot is finished (82496 ms)
10-04 11:08:40.602  1924  1944 I SystemServiceManager: Starting phase 1000
10-04 11:08:40.618  1924  1958 V DisplayPowerController: Brightness [102] reason changing to: 'manual', previous reason: 'override'.
10-04 11:08:40.670  1924  2024 D StorageManagerService: Thinking about init, mBootCompleted=true, mDaemonConnected=true
10-04 11:08:40.671  1924  2024 D StorageManagerService: Thinking about reset, mBootCompleted=true, mDaemonConnected=true
10-04 11:08:40.682  1924  2365 V StorageManagerService: Found primary storage at VolumeInfo{emulated}:
10-04 11:08:40.682  1924  2365 V StorageManagerService:     type=EMULATED diskId=null partGuid= mountFlags=0 mountUserId=-10000 
10-04 11:08:40.682  1924  2365 V StorageManagerService:     state=UNMOUNTED 
10-04 11:08:40.682  1924  2365 V StorageManagerService:     fsType=null fsUuid=null fsLabel=null 
10-04 11:08:40.682  1924  2365 V StorageManagerService:     path=null internalPath=null 
10-04 11:08:40.691  1924  1944 D TestHarnessModeService: Completing Test Harness Mode setup.
10-04 11:08:40.691  1924  1944 D TestHarnessModeService: Getting PersistentDataBlockManagerInternal from LocalServices
10-04 11:08:40.691  1924  1944 E TestHarnessModeService: Failed to start Test Harness Mode; no implementation of PersistentDataBlockManagerInternal was bound!
10-04 11:08:40.692  1924  1944 D WifiService: Handle boot completed
10-04 11:08:40.718  1924  2030 I WifiScoreCard: Installing MemoryStore
10-04 11:08:40.786  1924  1944 W SystemServiceManager: Service com.android.server.usb.UsbService$Lifecycle took 57 ms in onBootPhase
10-04 11:08:41.120  1569  1569 I hwservicemanager: getTransport: Cannot find entry android.hardware.radio.config@1.1::IRadioConfig/default in either framework or device manifest.
10-04 11:08:41.123  1569  1569 I hwservicemanager: getTransport: Cannot find entry android.hardware.radio.config@1.0::IRadioConfig/default in either framework or device manifest.
10-04 11:08:41.266  2327  2393 W Looper  : Slow dispatch took 13778ms android.bg h=android.os.Handler c=android.os.-$$Lambda$StrictMode$yZJXPvy2veRNA-xL_SWdXzX_OLg@7e96f45 m=0
10-04 11:08:41.557  1924  2030 W system_server: Verification of byte[] com.android.org.conscrypt.OpenSSLCipher.checkAndSetEncodedKey(int, java.security.Key) took 155.073ms
10-04 11:08:41.603  2227  2227 W m.android.phon: Long monitor contention with owner HwBinder:2227_1 (2373) at void com.android.internal.telephony.RIL.decrementWakeLock(com.android.internal.telephony.RILRequest)(RIL.java:4949) waiters=0 in void com.android.internal.telephony.RIL.acquireWakeLock(com.android.internal.telephony.RILRequest, int) for 104ms
10-04 11:08:41.955  1572  1572 D vold    : Waiting for FUSE to spin up...
10-04 11:08:42.137  1924  1944 D ActivityManager: Finishing user boot 0
10-04 11:08:42.138  1924  1944 I ActivityManager: User 0 state changed from BOOTING to RUNNING_LOCKED
10-04 11:08:42.151  1924  1944 E SystemServerTiming: finishUserBoot took too long. uptimeSeconds=121
10-04 11:08:42.155  1924  1944 D StorageManagerService: unlockUserKey: 0
10-04 11:08:42.279  1572  1580 D vold    : fscrypt_unlock_user_key 0 serial=0 token_present=0
10-04 11:08:42.284  1572  1580 D vold    : Skipping non-key .
10-04 11:08:42.284  1572  1580 D vold    : Skipping non-key ..
10-04 11:08:42.285  1572  1580 D vold    : Trying user CE key /data/misc/vold/user_keys/ce/0/current
10-04 11:08:42.335  1572  1572 D vold    : Waiting for FUSE to spin up...
10-04 11:08:42.522  1569  1569 I hwservicemanager: getTransport: Cannot find entry android.hardware.keymaster@4.0::IKeymasterDevice/default in either framework or device manifest.
10-04 11:08:42.591  1572  1572 I chatty  : uid=0(root) Binder:1572_2 identical 5 lines
10-04 11:08:42.642  1572  1572 D vold    : Waiting for FUSE to spin up...
10-04 11:08:42.644  1572  1580 I vold    : List of Keymaster HALs found:
10-04 11:08:42.669  1572  1580 I vold    : Keymaster HAL #1: SoftwareKeymasterDevice from Google SecurityLevel: SOFTWARE HAL: android.hardware.keymaster@3.0::IKeymasterDevice/default
10-04 11:08:42.699  1572  1572 D vold    : Waiting for FUSE to spin up...
10-04 11:08:42.720  1572  1580 I vold    : Using SoftwareKeymasterDevice from Google for encryption.  Security level: SOFTWARE, HAL: android.hardware.keymaster@3.0::IKeymasterDevice/default
10-04 11:08:42.750  1572  1572 D vold    : Waiting for FUSE to spin up...
10-04 11:08:42.883  1572  1580 D RefBase : RefBase: Explicit destruction, weak count = 0 (in 0x71950c8630f0)
10-04 11:08:42.883  1572  1580 W RefBase : CallStack::getCurrentInternal not linked, returning null
10-04 11:08:42.883  1572  1580 W RefBase : CallStack::logStackInternal not linked
10-04 11:08:42.800  1572  1572 I chatty  : uid=0(root) Binder:1572_2 identical 1 line
10-04 11:08:42.850  1572  1572 D vold    : Waiting for FUSE to spin up...
10-04 11:08:42.883  1572  1580 D vold    : Successfully retrieved key
10-04 11:08:42.902  1572  1572 D vold    : Waiting for FUSE to spin up...
10-04 11:08:42.927  1572  1580 D vold    : Added key 961971051 (ext4:d3046657b55e4d15) to keyring 573748494 in process 1572
10-04 11:08:42.927  1572  1580 D vold    : Added key 297569686 (f2fs:d3046657b55e4d15) to keyring 573748494 in process 1572
10-04 11:08:42.927  1572  1580 D vold    : Added key 467778936 (fscrypt:d3046657b55e4d15) to keyring 573748494 in process 1572
10-04 11:08:42.927  1572  1580 D vold    : Installed ce key for user 0
10-04 11:08:42.929  1924  1944 D ActivityManager: Started unlocking user 0
10-04 11:08:42.929  1924  1944 D ActivityManager: Unlocking user 0 progress 0
10-04 11:08:42.929  1924  1944 D ActivityManager: Unlocking user 0 progress 5
10-04 11:08:42.936  1924  1939 W system_server: Long monitor contention with owner android.display (1944) at void com.android.server.am.ActivityManagerService.finishBooting()(ActivityManagerService.java:5269) waiters=0 in com.android.server.am.ProcessRecord com.android.server.am.ActivityManagerService.findAppProcess(android.os.IBinder, java.lang.String) for 1.665s
10-04 11:08:42.939  1924  2365 W system_server: Long monitor contention with owner android.display (1944) at void com.android.server.am.ActivityManagerService.finishBooting()(ActivityManagerService.java:5269) waiters=2 in int com.android.server.am.ActivityManagerService.bindIsolatedService(android.app.IApplicationThread, android.os.IBinder, android.content.Intent, java.lang.String, android.app.IServiceConnection, int, java.lang.String, java.lang.String, int) for 1.022s
10-04 11:08:42.943  1924  1943 I DropBoxManagerService: add tag=system_app_strictmode isTagEnabled=true flags=0x2
10-04 11:08:42.953  1572  1572 D vold    : Waiting for FUSE to spin up...
10-04 11:08:42.971  1924  1941 W system_server: Long monitor contention with owner android.display (1944) at void com.android.server.am.ActivityManagerService.finishBooting()(ActivityManagerService.java:5269) waiters=3 in int com.android.server.am.ActivityManagerService.broadcastIntent(android.app.IApplicationThread, android.content.Intent, java.lang.String, android.content.IIntentReceiver, int, java.lang.String, android.os.Bundle, java.lang.String[], int, android.os.Bundle, boolean, boolean, int) for 765ms
10-04 11:08:42.972  1924  1941 W Looper  : Slow dispatch took 766ms android.fg h=com.android.server.DropBoxManagerService$DropBoxManagerBroadcastHandler c=null m=2
10-04 11:08:42.984  1924  1941 W Looper  : Slow delivery took 391ms android.fg h=com.android.server.location.GnssLocationProvider$ProviderHandler c=null m=18
10-04 11:08:42.986  1572  2411 D vold    : fscrypt_prepare_user_storage for volume null, user 0, serial 0, flags 2
10-04 11:08:42.987  1572  2411 D vold    : Preparing: /data/system_ce/0
10-04 11:08:42.987  1572  2411 D vold    : Preparing: /data/misc_ce/0
10-04 11:08:42.987  1572  2411 D vold    : Preparing: /data/vendor_ce/0
10-04 11:08:42.990  1572  2411 D vold    : Preparing: /data/media/0
10-04 11:08:42.992  1572  2411 D vold    : Preparing: /data/data
10-04 11:08:43.000  1572  2411 I vold    : Found policy d3046657b55e4d15 at /data/system_ce/0 which matches expected value
10-04 11:08:43.003  1572  1572 D vold    : Waiting for FUSE to spin up...
10-04 11:08:43.055  1572  1572 D vold    : Waiting for FUSE to spin up...
10-04 11:08:43.069  1572  2411 I vold    : Found policy d3046657b55e4d15 at /data/misc_ce/0 which matches expected value
10-04 11:08:43.087  1924  1944 D ColorDisplayService: setUp: currentUser=0
10-04 11:08:43.105  1572  1572 D vold    : Waiting for FUSE to spin up...
10-04 11:08:43.156  1572  1572 D vold    : Waiting for FUSE to spin up...
10-04 11:08:43.157  1572  2411 I vold    : Found policy d3046657b55e4d15 at /data/vendor_ce/0 which matches expected value
10-04 11:08:43.214  1572  1572 D vold    : Waiting for FUSE to spin up...
10-04 11:08:43.221  1924  1944 I WindowManager: Using new display size: 360x800
10-04 11:08:43.231  1924  1944 W InputReader: Device has associated, but no associated display id.
10-04 11:08:43.244  1572  2411 I vold    : Found policy d3046657b55e4d15 at /data/media/0 which matches expected value
10-04 11:08:43.245  1572  2411 I vold    : Found policy d3046657b55e4d15 at /data/data which matches expected value
10-04 11:08:43.245  1572  2411 D vold    : Starting restorecon of /data/system_ce/0
10-04 11:08:43.266  1572  1572 D vold    : Waiting for FUSE to spin up...
10-04 11:08:43.420  1924  1944 I chatty  : uid=1000(system) android.display identical 18 lines
10-04 11:08:43.420  1924  1944 W InputReader: Device has associated, but no associated display id.
10-04 11:08:43.553  1924  1939 D AlarmManagerService: Kernel timezone updated to 0 minutes west of GMT
10-04 11:08:43.676  1924  1949 W system_server: Long monitor contention with owner android.display (1944) at void com.android.server.am.ActivityManagerService.finishBooting()(ActivityManagerService.java:5269) waiters=1 in void com.android.server.am.ActivityManagerService$5.handleMessage(android.os.Message) for 1.657s
10-04 11:08:43.815  1793  1793 I /system/bin/tombstoned: intercept for pid 2060 and type kDebuggerdJavaBacktrace terminated: due to timeout
10-04 11:08:43.816  1924  1950 E system_server: libdebuggerd_client: failed to read status response from tombstoned: timeout reached?
10-04 11:08:43.722  1572  1572 I chatty  : uid=0(root) Binder:1572_2 identical 9 lines
10-04 11:08:43.772  1572  1572 D vold    : Waiting for FUSE to spin up...
10-04 11:08:43.817  1924  1950 W ActivityManager: Dumping Java threads failed, initiating native stack dump.
10-04 11:08:43.818  1924  1950 I system_server: libdebuggerd_client: started dumping process 2060
10-04 11:08:43.820  1793  1793 I /system/bin/tombstoned: registered intercept for pid 2060 and type kDebuggerdNativeBacktrace
10-04 11:08:43.823  1572  1572 D vold    : Waiting for FUSE to spin up...
10-04 11:08:43.884  1572  1572 D vold    : Waiting for FUSE to spin up...
10-04 11:08:43.905  1924  1939 D timedetector.SimpleTimeDetectorStrategy: adjustAndSetDeviceSystemClock: Not setting system clock. New time and system clock are close enough. elapsedRealtimeMillis=123475 newTime=TimestampedValue{mReferenceTimeMillis=38393, mValue=1791112039000} reason=New time signal systemClockUpdateThreshold=2000 absTimeDifference=178
10-04 11:08:43.937  1572  1572 D vold    : Waiting for FUSE to spin up...
10-04 11:08:44.145  2060  2060 I libc    : Requested dump for tid 2060 (ndroid.systemui)
10-04 11:08:44.334  1924  2030 D WifiConfigStore: Reading from all stores completed in 3614 ms.
10-04 11:08:44.737  1924  1939 I DefaultPermGrantPolicy: Revoking permissions from disabled data services for user:0
10-04 11:08:44.768  1924  1939 I DefaultPermGrantPolicy: Granting permissions to enabled data services for user:0
10-04 11:08:44.916  1924  2030 D WifiNetworkFactory: Registering NetworkFactory
10-04 11:08:44.824  1572  1572 I chatty  : uid=0(root) Binder:1572_2 identical 17 lines
10-04 11:08:44.875  1572  1572 D vold    : Waiting for FUSE to spin up...
10-04 11:08:44.917  1924  2033 D ConnectivityService: Got NetworkFactory Messenger for WifiNetworkFactory
10-04 11:08:44.917  1924  2030 D UntrustedWifiNetworkFactory: Registering NetworkFactory
10-04 11:08:44.917  1924  2033 D ConnectivityService: Got NetworkFactory Messenger for UntrustedWifiNetworkFactory
10-04 11:08:44.922  1924  2030 D WifiNetworkFactory: got request NetworkRequest [ REQUEST id=1, [ Capabilities: INTERNET&NOT_RESTRICTED&TRUSTED&NOT_VPN] ] with score 0 and serial -1
10-04 11:08:44.926  1572  1572 D vold    : Waiting for FUSE to spin up...
10-04 11:08:45.032  1924  2030 D WifiNetworkFactory: got request NetworkRequest [ TRACK_DEFAULT id=12, [ Capabilities: INTERNET&NOT_RESTRICTED&TRUSTED Uid: 10102] ] with score 0 and serial -1
10-04 11:08:45.032  1924  2030 D WifiNetworkFactory: got request NetworkRequest [ TRACK_DEFAULT id=9, [ Capabilities: INTERNET&NOT_RESTRICTED&TRUSTED Uid: 1000] ] with score 0 and serial -1
10-04 11:08:45.032  1924  2030 D WifiNetworkFactory: got request NetworkRequest [ REQUEST id=7, [ Capabilities: INTERNET&NOT_RESTRICTED&TRUSTED&NOT_VPN] ] with score 0 and serial -1
10-04 11:08:45.033  1924  2030 D WifiNetworkFactory: got request NetworkRequest [ BACKGROUND_REQUEST id=2, [ Transports: CELLULAR Capabilities: INTERNET&NOT_RESTRICTED&TRUSTED&NOT_VPN] ] with score 0 and serial -1
10-04 11:08:45.033  1924  2030 D UntrustedWifiNetworkFactory: got request NetworkRequest [ REQUEST id=1, [ Capabilities: INTERNET&NOT_RESTRICTED&TRUSTED&NOT_VPN] ] with score 0 and serial -1
10-04 11:08:45.034  1924  2030 D UntrustedWifiNetworkFactory: got request NetworkRequest [ TRACK_DEFAULT id=12, [ Capabilities: INTERNET&NOT_RESTRICTED&TRUSTED Uid: 10102] ] with score 0 and serial -1
10-04 11:08:45.034  1924  2030 D UntrustedWifiNetworkFactory: got request NetworkRequest [ TRACK_DEFAULT id=9, [ Capabilities: INTERNET&NOT_RESTRICTED&TRUSTED Uid: 1000] ] with score 0 and serial -1
10-04 11:08:45.034  1924  2030 D UntrustedWifiNetworkFactory: got request NetworkRequest [ REQUEST id=7, [ Capabilities: INTERNET&NOT_RESTRICTED&TRUSTED&NOT_VPN] ] with score 0 and serial -1
10-04 11:08:45.034  1924  2030 D UntrustedWifiNetworkFactory: got request NetworkRequest [ BACKGROUND_REQUEST id=2, [ Transports: CELLULAR Capabilities: INTERNET&NOT_RESTRICTED&TRUSTED&NOT_VPN] ] with score 0 and serial -1
10-04 11:08:45.388  1924  1939 W system_server: Long monitor contention with owner android.bg (1949) at void com.android.server.am.ActivityManagerService$5.handleMessage(android.os.Message)(ActivityManagerService.java:1961) waiters=0 in int com.android.server.am.ActivityManagerService.bindIsolatedService(android.app.IApplicationThread, android.os.IBinder, android.content.Intent, java.lang.String, android.app.IServiceConnection, int, java.lang.String, java.lang.String, int) for 328ms
10-04 11:08:45.609  1924  1949 E memtrack: Couldn't load memtrack module
10-04 11:08:45.609  1924  1949 W android.os.Debug: failed to get memory consumption info: -1
10-04 11:08:45.869  1924  1950 E system_server: libdebuggerd_client: failed to read status response from tombstoned: Try again
10-04 11:08:45.870  1793  1793 I /system/bin/tombstoned: intercept for pid 2060 and type kDebuggerdNativeBacktrace terminated: due to input
10-04 11:08:45.815  1572  1572 I chatty  : uid=0(root) Binder:1572_2 identical 16 lines
10-04 11:08:45.865  1572  1572 D vold    : Waiting for FUSE to spin up...
10-04 11:08:45.871  1924  1950 W ActivityManager: Native stack dump failed!
10-04 11:08:45.871  1924  1950 I ActivityManager: Collecting stacks for pid 1924
10-04 11:08:45.872  1924  1950 I system_server: libdebuggerd_client: started dumping process 1924
10-04 11:08:45.881  1793  1793 I /system/bin/tombstoned: registered intercept for pid 1924 and type kDebuggerdJavaBacktrace
10-04 11:08:45.882  1924  1932 I system_server: Thread[4,tid=1932,WaitingInMainSignalCatcherLoop,Thread*=0x768e2b011800,peer=0x12e80078,"Signal Catcher"]: reacting to signal 3
10-04 11:08:45.882  1924  1932 I system_server: 
10-04 11:08:45.916  1572  1572 D vold    : Waiting for FUSE to spin up...
10-04 11:08:46.119  1924  1932 W system_server: Suspending all threads took: 74.934ms
10-04 11:08:46.386  1924  1932 W system_server: Suspending all threads took: 168.501ms
10-04 11:08:46.887  1572  1572 I chatty  : uid=0(root) Binder:1572_2 identical 19 lines
10-04 11:08:46.938  1572  1572 D vold    : Waiting for FUSE to spin up...
10-04 11:08:46.989  1572  1572 W vold    : Timed out while waiting for FUSE to spin up
10-04 11:08:47.017  1924  2024 E StorageManagerService: 
10-04 11:08:47.017  1924  2024 E StorageManagerService: android.os.ServiceSpecificException:  (code -110)
10-04 11:08:47.017  1924  2024 E StorageManagerService: 	at android.os.Parcel.createException(Parcel.java:2085)
10-04 11:08:47.017  1924  2024 E StorageManagerService: 	at android.os.Parcel.readException(Parcel.java:2039)
10-04 11:08:47.017  1924  2024 E StorageManagerService: 	at android.os.Parcel.readException(Parcel.java:1987)
10-04 11:08:47.017  1924  2024 E StorageManagerService: 	at android.os.IVold$Stub$Proxy.mount(IVold.java:1565)
10-04 11:08:47.017  1924  2024 E StorageManagerService: 	at com.android.server.StorageManagerService.mount(StorageManagerService.java:1808)
10-04 11:08:47.017  1924  2024 E StorageManagerService: 	at com.android.server.StorageManagerService.access$1600(StorageManagerService.java:188)
10-04 11:08:47.017  1924  2024 E StorageManagerService: 	at com.android.server.StorageManagerService$StorageManagerServiceHandler.handleMessage(StorageManagerService.java:650)
10-04 11:08:47.017  1924  2024 E StorageManagerService: 	at android.os.Handler.dispatchMessage(Handler.java:107)
10-04 11:08:47.017  1924  2024 E StorageManagerService: 	at android.os.Looper.loop(Looper.java:214)
10-04 11:08:47.017  1924  2024 E StorageManagerService: 	at android.os.HandlerThread.run(HandlerThread.java:67)
10-04 11:08:47.022  2410  2410 I bootstat: Service started: /system/bin/bootstat --record_boot_complete --record_boot_reason --record_time_since_factory_reset -l 
10-04 11:08:47.302  2410  2410 E bootstat: Failed to read /data/misc/bootstat/post_decrypt_time_elapsed: No such file or directory
10-04 11:08:47.302  2410  2410 E bootstat: Failed to parse boot time record: /data/misc/bootstat/post_decrypt_time_elapsed
10-04 11:08:48.208  2409  2409 W sdcard  : Device explicitly enabled sdcardfs
10-04 11:08:50.423  1572  2411 D vold    : Finished restorecon of /data/system_ce/0
10-04 11:08:50.423  1572  2411 D vold    : Starting restorecon of /data/vendor_ce/0
10-04 11:08:51.373  2417  2417 I crash_dump64: obtaining output fd from tombstoned, type: kDebuggerdNativeBacktrace
10-04 11:08:51.376  1793  1793 I /system/bin/tombstoned: received crash request for pid 2060
10-04 11:08:51.378  2417  2417 I crash_dump64: performing dump of process 2060 (target tid = 2060)
10-04 11:08:51.536  1572  2411 D vold    : Finished restorecon of /data/vendor_ce/0
10-04 11:08:51.537  1572  2411 D vold    : Starting restorecon of /data/misc_ce/0
10-04 11:08:52.286  1572  2411 D vold    : Finished restorecon of /data/misc_ce/0
10-04 11:08:52.287  1572  2411 D vold    : /system/bin/vold_prepare_subdirs
10-04 11:08:52.287  1572  2411 D vold    :     prepare
10-04 11:08:52.287  1572  2411 D vold    :     
10-04 11:08:52.287  1572  2411 D vold    :     0
10-04 11:08:52.287  1572  2411 D vold    :     2
10-04 11:08:53.471  1924  1950 E system_server: libdebuggerd_client: failed to read status response from tombstoned: Try again
10-04 11:08:53.472  1793  1793 I /system/bin/tombstoned: intercept for pid 1924 and type kDebuggerdJavaBacktrace terminated: due to input
10-04 11:08:54.749  2060  2075 W libbacktrace: bool ThreadEntry::Wait(int): pthread_cond_timedwait for value 1 failed: Connection timed out
10-04 11:08:55.802  1793  1793 I /system/bin/tombstoned: received crash request for pid 2060
10-04 11:08:55.909  1793  1793 E /system/bin/tombstoned: Traces for pid 2060 written to: /data/anr/trace_05
10-04 11:08:55.931  2060  2075 I ndroid.systemu: Wrote stack traces to tombstoned
10-04 11:08:57.555  2423  2423 D vold_prepare_subdirs: Setting up mode 700 uid 0 gid 0 context u:object_r:vold_data_file:s0 on path: /data/misc_ce/0/vold
10-04 11:08:57.883  2423  2423 D vold_prepare_subdirs: Setting up mode 700 uid 0 gid 0 context u:object_r:storaged_data_file:s0 on path: /data/misc_ce/0/storaged
10-04 11:08:58.021  2423  2423 D vold_prepare_subdirs: Setting up mode 700 uid 0 gid 0 context u:object_r:rollback_data_file:s0 on path: /data/misc_ce/0/rollback
10-04 11:08:58.119  2423  2423 D vold_prepare_subdirs: Setting up mode 700 uid 1000 gid 1000 context u:object_r:backup_data_file:s0 on path: /data/system_ce/0/backup
10-04 11:08:58.188  2423  2423 D vold_prepare_subdirs: Setting up mode 700 uid 1000 gid 1000 context u:object_r:backup_data_file:s0 on path: /data/system_ce/0/backup_stage
10-04 11:08:58.254  2423  2423 D vold_prepare_subdirs: Setting up mode 700 uid 1000 gid 1000 context u:object_r:face_vendor_data_file:s0 on path: /data/vendor_ce/0/facedata
10-04 11:08:58.370  1924  1941 V UserDataPreparer: Found /data/user/0 with serial number 0
10-04 11:08:58.371  1924  1941 V UserDataPreparer: Found /data/system_ce/0 with serial number 0
10-04 11:08:58.389  1924  1941 D UserDataPreparer: Setting property: sys.user.0.ce_available=true
10-04 11:08:58.404  1924  1941 V PackageManager: reconcileAppsData for null u0 0x2 migrateAppData=false
10-04 11:08:59.185  2060  2077 I ndroid.systemu: NativeAlloc concurrent copying GC freed 24650(2518KB) AllocSpace objects, 4(80KB) LOS objects, 49% free, 2614KB/5228KB, paused 279us total 17.402s
10-04 11:09:00.637  1806  1806 E livelock: sample 19.900s
10-04 11:09:01.953  1723  1723 I qemu-props: tell the host boot completed
10-04 11:09:04.222  1924  1950 W ActivityManager: Dumping Java threads failed, initiating native stack dump.
10-04 11:09:04.228  1924  2024 W system_server: Long monitor contention with owner android.bg (1949) at void com.android.server.am.ActivityManagerService$5.handleMessage(android.os.Message)(ActivityManagerService.java:1992) waiters=0 in int com.android.server.am.ActivityManagerService.broadcastIntent(android.app.IApplicationThread, android.content.Intent, java.lang.String, android.content.IIntentReceiver, int, java.lang.String, android.os.Bundle, java.lang.String[], int, android.os.Bundle, boolean, boolean, int) for 17.208s
10-04 11:09:04.236  1924  1924 W AlarmManager: Unrecognized alarm listener com.android.server.job.controllers.TimeController$2@fa01a92
10-04 11:09:04.252  1924  1950 I system_server: libdebuggerd_client: started dumping process 1924
10-04 11:09:04.254  1793  1793 I /system/bin/tombstoned: registered intercept for pid 1924 and type kDebuggerdNativeBacktrace
10-04 11:09:04.255  1924  1924 I libc    : Requested dump for tid 1924 (system_server)
10-04 11:09:04.267  1924  1939 W system_server: Long monitor contention with owner android.bg (1949) at void com.android.server.am.ActivityManagerService$5.handleMessage(android.os.Message)(ActivityManagerService.java:1992) waiters=1 in int com.android.server.am.ActivityManagerService.broadcastIntent(android.app.IApplicationThread, android.content.Intent, java.lang.String, android.content.IIntentReceiver, int, java.lang.String, android.os.Bundle, java.lang.String[], int, android.os.Bundle, boolean, boolean, int) for 16.820s
10-04 11:09:04.881  1924  1939 W system_server: Long monitor contention with owner android.bg (1949) at void com.android.server.am.ActivityManagerService$5.handleMessage(android.os.Message)(ActivityManagerService.java:1961) waiters=0 in int com.android.server.am.ActivityManagerService.broadcastIntent(android.app.IApplicationThread, android.content.Intent, java.lang.String, android.content.IIntentReceiver, int, java.lang.String, android.os.Bundle, java.lang.String[], int, android.os.Bundle, boolean, boolean, int) for 609ms
10-04 11:09:04.972  1924  1949 E memtrack: Couldn't load memtrack module
10-04 11:09:04.972  1924  1949 W android.os.Debug: failed to get memory consumption info: -1
10-04 11:09:06.269  1924  1950 E system_server: libdebuggerd_client: failed to read status response from tombstoned: Try again
10-04 11:09:06.270  1793  1793 I /system/bin/tombstoned: intercept for pid 1924 and type kDebuggerdNativeBacktrace terminated: due to input
10-04 11:09:06.271  1924  1950 W ActivityManager: Native stack dump failed!
10-04 11:09:06.271  1924  1950 E ActivityManager: Aborting stack trace dump (current firstPid=1924); deadline exceeded.
10-04 11:09:06.353  1924  1941 V PackageManager: reconcileAppsData finished 147 packages
10-04 11:09:06.354  1924  1941 I ActivityManager: User 0 state changed from RUNNING_LOCKED to RUNNING_UNLOCKING
10-04 11:09:06.354  1924  1941 D ActivityManager: Unlocking user 0 progress 20
10-04 11:09:06.355  1924  1941 W Looper  : Slow dispatch took 23370ms android.fg h=android.os.Handler c=com.android.server.am.-$$Lambda$UserController$stQk1028ON105v_u-VMykVjcxLk@c344b92 m=0
10-04 11:09:06.455  2060  2060 I CameraManagerGlobal: Connecting to camera service
10-04 11:09:06.472  1924  1941 W Looper  : Slow dispatch took 117ms android.fg h=com.android.server.DropBoxManagerService$DropBoxManagerBroadcastHandler c=null m=2
10-04 11:09:06.582  1924  1941 W Looper  : Slow dispatch took 111ms android.fg h=com.android.server.location.GnssLocationProvider$ProviderHandler c=null m=18
10-04 11:09:07.162  1924  1950 W ProcessCpuTracker: Failed to stat(/proc/2425): android.system.ErrnoException: stat failed: ENOENT (No such file or directory)
10-04 11:09:07.163  1924  1950 W ProcessCpuTracker: Skipping unknown process pid 2425
10-04 11:09:07.521  1924  1950 E ActivityManager: ANR in com.android.systemui
10-04 11:09:07.521  1924  1950 E ActivityManager: PID: 2060
10-04 11:09:07.521  1924  1950 E ActivityManager: Reason: executing service com.android.systemui/.SystemUIService
10-04 11:09:07.521  1924  1950 E ActivityManager: Load: 9.17 / 3.29 / 1.19
10-04 11:09:07.521  1924  1950 E ActivityManager: CPU usage from 0ms to 50404ms later (2026-10-04 11:08:15.868 to 2026-10-04 11:09:06.271):
10-04 11:09:07.521  1924  1950 E ActivityManager:   27% 1734/surfaceflinger: 13% user + 14% kernel / faults: 43 minor
10-04 11:09:07.521  1924  1950 E ActivityManager:   22% 1712/android.hardware.graphics.composer@2.1-service: 3% user + 19% kernel / faults: 24 minor
10-04 11:09:07.521  1924  1950 E ActivityManager:   22% 2256/com.android.settings: 11% user + 10% kernel / faults: 2 minor
10-04 11:09:07.521  1924  1950 E ActivityManager:   10% 1924/system_server: 7.6% user + 2.9% kernel / faults: 2728 minor 9 major
10-04 11:09:07.521  1924  1950 E ActivityManager:   2.9% 2060/com.android.systemui: 1.8% user + 1% kernel / faults: 5216 minor 30 major
10-04 11:09:07.521  1924  1950 E ActivityManager:   1.5% 2227/com.android.phone: 1.1% user + 0.4% kernel / faults: 894 minor 16 major
10-04 11:09:07.521  1924  1950 E ActivityManager:   0.8% 1766/installd: 0.4% user + 0.4% kernel / faults: 1 minor
10-04 11:09:07.521  1924  1950 E ActivityManager:   1.1% 1716/android.hardware.sensors@1.0-service: 0.4% user + 0.7% kernel
10-04 11:09:07.521  1924  1950 E ActivityManager:   0.5% 1806/llkd: 0.1% user + 0.3% kernel / faults: 2 minor
10-04 11:09:07.521  1924  1950 E ActivityManager:   0.6% 1/init: 0.1% user + 0.4% kernel / faults: 359 minor
10-04 11:09:07.521  1924  1950 E ActivityManager:   0.7% 2344/com.android.inputmethod.latin: 0.4% user + 0.2% kernel / faults: 1512 minor 13 major
10-04 11:09:07.521  1924  1950 E ActivityManager:   0.6% 1679/kworker/0:2: 0% user + 0.6% kernel
10-04 11:09:07.521  1924  1950 E ActivityManager:   0.5% 213/kworker/u2:2: 0% user + 0.5% kernel
10-04 11:09:07.521  1924  1950 E ActivityManager:   0.4% 8/rcu_preempt: 0% user + 0.4% kernel
10-04 11:09:07.521  1924  1950 E ActivityManager:   0.3% 1572/vold: 0.1% user + 0.2% kernel / faults: 116 minor
10-04 11:09:07.521  1924  1950 E ActivityManager:   0.2% 1567/logd: 0% user + 0.1% kernel / faults: 5 minor
10-04 11:09:07.521  1924  1950 E ActivityManager:   0.1% 2327/android.ext.services: 0.1% user + 0% kernel / faults: 246 minor 3 major
10-04 11:09:07.521  1924  1950 E ActivityManager:   0.1% 1568/servicemanager: 0% user + 0% kernel
10-04 11:09:07.521  1924  1950 E ActivityManager:   0.1% 1739/logcat: 0% user + 0% kernel / faults: 1 minor
10-04 11:09:07.521  1924  1950 E ActivityManager:   0.1% 1748/adbd: 0% user + 0% kernel / faults: 59 minor
10-04 11:09:07.521  1924  1950 E ActivityManager:   0.1% 1780/statsd: 0.1% user + 0% kernel
10-04 11:09:07.521  1924  1950 E ActivityManager:   0% 1771/keystore: 0% user + 0% kernel / faults: 37 minor
10-04 11:09:07.521  1924  1950 E ActivityManager:   0% 1786/rild: 0% user + 0% kernel / faults: 11 minor 4 major
10-04 11:09:07.521  1924  1950 E ActivityManager:   0% 1793/tombstoned: 0% user + 0% kernel / faults: 1 minor
10-04 11:09:07.521  1924  1950 E ActivityManager:   0% 2284/com.android.launcher3: 0% user + 0% kernel / faults: 92 minor
10-04 11:09:07.521  1924  1950 E ActivityManager:   0% 1569/hwservicemanager: 0% user + 0% kernel / faults: 35 minor
10-04 11:09:07.521  1924  1950 E ActivityManager:   0% 1587/jbd2/vdc-8: 0% user + 0% kernel
10-04 11:09:07.521  1924  1950 E ActivityManager:   0% 1709/android.hardware.gnss@1.0-service: 0% user + 0% kernel
10-04 11:09:07.521  1924  1950 E ActivityManager:   0% 7/ksoftirqd/0: 0% user + 0% kernel
10-04 11:09:07.521  1924  1950 E ActivityManager:   0% 802/kworker/0:1H: 0% user + 0% kernel
10-04 11:09:07.521  1924  1950 E ActivityManager:   0% 1627/android.hardware.keymaster@3.0-service: 0% user + 0% kernel
10-04 11:09:07.521  1924  1950 E ActivityManager:   0% 9/rcu_sched: 0% user + 0% kernel
10-04 11:09:07.521  1924  1950 E ActivityManager:   0% 324/khugepaged: 0% user + 0% kernel
10-04 11:09:07.521  1924  1950 E ActivityManager:   0% 1239/init: 0% user + 0% kernel
10-04 11:09:07.521  1924  1950 E ActivityManager:   0% 1636/apexd: 0% user + 0% kernel
10-04 11:09:07.521  1924  1950 E ActivityManager:   0% 1694/android.system.suspend@1.0-service: 0% user + 0% kernel
10-04 11:09:07.521  1924  1950 E ActivityManager:   0% 1723/qemu-props: 0% user + 0% kernel
10-04 11:09:07.521  1924  1950 E ActivityManager:   0% 1772/mdnsd: 0% user + 0% kernel
10-04 11:09:07.521  1924  1950 E ActivityManager:   0% 1796/android.hardware.biometrics.fingerprint@2.1-service: 0% user + 0% kernel
10-04 11:09:07.521  1924  1950 E ActivityManager:   0% 2220/com.android.networkstack: 0% user + 0% kernel / faults: 12 minor
10-04 11:09:07.521  1924  1950 E ActivityManager:  +0% 2409/sdcard: 0% user + 0% kernel
10-04 11:09:07.521  1924  1950 E ActivityManager:  +0% 2417/crash_dump64: 0% user + 0% kernel
10-04 11:09:07.521  1924  1950 E ActivityManager:  +0% 2421/com.android.systemui: 0% user + 0% kernel
10-04 11:09:07.521  1924  1950 E ActivityManager:  +0% 2428/crash_dump64: 0% user + 0% kernel
10-04 11:09:07.521  1924  1950 E ActivityManager: 100% TOTAL: 46% user + 53% kernel + 0.1% softirq
10-04 11:09:07.521  1924  1950 E ActivityManager: CPU usage from 1102ms to 14953ms later (2026-10-04 11:08:16.970 to 2026-10-04 11:08:30.821):
10-04 11:09:07.521  1924  1950 E ActivityManager:   26% 1734/surfaceflinger: 13% user + 12% kernel / faults: 9 minor
10-04 11:09:07.521  1924  1950 E ActivityManager:     9.9% 1734/surfaceflinger: 7.2% user + 2.7% kernel
10-04 11:09:07.521  1924  1950 E ActivityManager:     3.4% 2334/Binder:1734_5: 1.5% user + 1.9% kernel
10-04 11:09:07.521  1924  1950 E ActivityManager:     2.4% 1961/Binder:1734_3: 1.1% user + 1.2% kernel
10-04 11:09:07.521  1924  1950 E ActivityManager:     1.9% 1855/DispSync: 0% user + 1.9% kernel
10-04 11:09:07.521  1924  1950 E ActivityManager:     1.8% 1962/Binder:1734_4: 0.5% user + 1.2% kernel
10-04 11:09:07.521  1924  1950 E ActivityManager:     1.4% 1853/Binder:1734_1: 0.5% user + 0.9% kernel
10-04 11:09:07.521  1924  1950 E ActivityManager:     1.2% 1858/sf: 0.3% user + 0.9% kernel
10-04 11:09:07.521  1924  1950 E ActivityManager:     1.2% 1863/HwBinder:1734_1: 0.6% user + 0.6% kernel
10-04 11:09:07.521  1924  1950 E ActivityManager:     0.9% 1857/app: 0.5% user + 0.3% kernel
10-04 11:09:07.521  1924  1950 E ActivityManager:     0.5% 1854/Binder:1734_2: 0% user + 0.5% kernel
10-04 11:09:07.521  1924  1950 E ActivityManager:     0.3% 1856/surfaceflinger: 0.2% user + 0.1% kernel
10-04 11:09:07.521  1924  1950 E ActivityManager:     0.1% 1860/surfaceflinger: 0% user + 0.1% kernel
10-04 11:09:07.521  1924  1950 E ActivityManager:   21% 1712/android.hardware.graphics.composer@2.1-service: 3.5% user + 18% kernel / faults: 10 minor
10-04 11:09:07.521  1924  1950 E ActivityManager:     13% 1760/HwBinder:1712_2: 2.9% user + 10% kernel
10-04 11:09:07.521  1924  1950 E ActivityManager:     1.4% 1757/: 0.3% user + 1% kernel
10-04 11:09:07.521  1924  1950 E ActivityManager:     0.1% 1712/composer@2.1-se: 0% user + 0.1% kernel
10-04 11:09:07.521  1924  1950 E ActivityManager:    +0% 2386/HwBinder:1712_3: 0% user + 0% kernel
10-04 11:09:07.521  1924  1950 E ActivityManager:   18% 1924/system_server: 11% user + 6.4% kernel / faults: 336 minor 1 major
10-04 11:09:07.521  1924  1950 E ActivityManager:     3.3% 1950/ActivityManager: 0.8% user
10-04 11:09:08.103  1924  1950 W system_server: Long monitor contention with owner android.bg (1949) at void com.android.server.am.ActivityManagerService$5.handleMessage(android.os.Message)(ActivityManagerService.java:1992) waiters=0 in void com.android.server.am.ActivityManagerService.appendDropBoxProcessHeaders(com.android.server.am.ProcessRecord, java.lang.String, java.lang.StringBuilder) for 485ms
10-04 11:09:08.244  1924  1943 I DropBoxManagerService: add tag=system_server_strictmode isTagEnabled=true flags=0x2
10-04 11:09:08.284  1924  1943 I chatty  : uid=1000(system) android.io identical 1 line
10-04 11:09:08.336  1924  1943 I DropBoxManagerService: add tag=system_server_strictmode isTagEnabled=true flags=0x2
10-04 11:09:08.222  1924  2432 I DropBoxManagerService: add tag=system_app_anr isTagEnabled=true flags=0x2
10-04 11:09:08.520  1924  1942 E system_server: Invalid ID 0x00000000.
10-04 11:09:08.528  1924  1949 W system_server: Long monitor contention with owner android.ui (1942) at void com.android.server.am.AppErrors.handleShowAnrUi(android.os.Message)(AppErrors.java:852) waiters=0 in void com.android.server.am.ActivityManagerService$5.handleMessage(android.os.Message) for 284ms
10-04 11:09:08.579  1924  1943 I DropBoxManagerService: add tag=system_server_strictmode isTagEnabled=true flags=0x2
10-04 11:09:09.170  1924  1950 W system_server: Long monitor contention with owner android.bg (1949) at void com.android.server.am.ActivityManagerService$5.handleMessage(android.os.Message)(ActivityManagerService.java:1961) waiters=1 in void com.android.server.am.ActivityManagerService$MainHandler.handleMessage(android.os.Message) for 579ms
10-04 11:09:08.657  1924  1943 I chatty  : uid=1000(system) android.io identical 1 line
10-04 11:09:08.818  1924  1943 I DropBoxManagerService: add tag=system_server_strictmode isTagEnabled=true flags=0x2
10-04 11:09:09.292  1924  1949 W Looper  : Slow dispatch took 31107ms android.bg h=com.android.server.am.ActivityManagerService$5 c=null m=1
10-04 11:09:09.353  1924  1951 W ActivityManager: Slow operation: 115ms so far, now at startProcess: asking zygote to start proc
10-04 11:09:09.376  1924  1950 W ActivityManager: Slow operation: 140ms so far, now at startProcess: done starting proc!
10-04 11:09:09.453  1924  1950 I ActivityManager: Force stopping com.android.providers.media appid=10050 user=-1: vold reset
10-04 11:09:09.802  1924  1950 I DropBoxManagerService: add tag=system_server_wtf isTagEnabled=true flags=0x2
10-04 11:09:09.827  1924  1949 W system_server: Long monitor contention with owner ActivityManager (1950) at void com.android.server.am.BroadcastQueue.processNextBroadcast(boolean)(BroadcastQueue.java:948) waiters=1 in java.lang.String com.android.server.am.ActivityManagerService.checkContentProviderAccess(java.lang.String, int) for 296ms
10-04 11:09:10.337  1687  1687 D Zygote  : Forked child process 2433
10-04 11:09:10.787  2433  2433 W droid.deskcloc: Unexpected CPU variant for X86 using defaults: x86_64
10-04 11:09:10.999  1924  1941 W system_server: Long monitor contention with owner android.bg (1949) at void com.android.server.am.ActivityManagerService$5.handleMessage(android.os.Message)(ActivityManagerService.java:1961) waiters=0 in int com.android.server.am.ActivityManagerService.broadcastIntent(android.app.IApplicationThread, android.content.Intent, java.lang.String, android.content.IIntentReceiver, int, java.lang.String, android.os.Bundle, java.lang.String[], int, android.os.Bundle, boolean, boolean, int) for 2.444s
10-04 11:09:11.085  2430  2430 I crash_dump64: obtaining output fd from tombstoned, type: kDebuggerdNativeBacktrace
10-04 11:09:11.088  1793  1793 I /system/bin/tombstoned: received crash request for pid 1924
10-04 11:09:11.202  2430  2430 I crash_dump64: performing dump of process 1924 (target tid = 1924)
10-04 11:09:09.887  1924  1950 I DropBoxManagerService: add tag=system_server_wtf isTagEnabled=true flags=0x2
10-04 11:09:11.236  1924  1951 W ActivityManager: Slow operation: 1998ms so far, now at startProcess: returned from zygote!
10-04 11:09:11.280  1924  1950 W system_server: Long monitor contention with owner android.bg (1949) at java.lang.String com.android.server.am.ActivityManagerService.checkContentProviderAccess(java.lang.String, int)(ActivityManagerService.java:6492) waiters=1 in void com.android.server.am.ActiveServices.serviceTimeout(com.android.server.am.ProcessRecord) for 1.351s
10-04 11:09:11.281  1924  1950 W ActivityManager: Timeout executing service: ServiceRecord{fa89ba6 u0 com.android.phone/com.android.internal.telephony.CellularNetworkService}
10-04 11:09:11.285  1924  1941 W Looper  : Slow dispatch took 2730ms android.fg h=com.android.server.DropBoxManagerService$DropBoxManagerBroadcastHandler c=null m=1
10-04 11:09:11.731  1924  1941 W system_server: Long monitor contention with owner watchdog (1947) at void com.android.server.Watchdog.run()(Watchdog.java:523) waiters=0 in void com.android.server.Watchdog$HandlerChecker.run() for 281ms
10-04 11:09:11.802  2433  2433 W droid.deskcloc: Verification of java.io.File com.android.org.conscrypt.TrustedCertificateStore$PreloadHolder.access$002(java.io.File) took 313.219ms
10-04 11:09:11.822  1924  1951 W ActivityManager: Slow operation: 2585ms so far, now at startProcess: done updating battery stats
10-04 11:09:11.956  1924  1951 W ActivityManager: Slow operation: 2718ms so far, now at startProcess: building log message
10-04 11:09:11.956  1924  1951 I ActivityManager: Start proc 2433:com.android.deskclock/u0a108 for broadcast {com.android.deskclock/com.android.deskclock.AlarmInitReceiver}
10-04 11:09:11.957  1924  1951 W ActivityManager: Slow operation: 2719ms so far, now at startProcess: starting to update pids map
10-04 11:09:11.957  1924  1951 W ActivityManager: Slow operation: 2719ms so far, now at startProcess: done updating pids map
10-04 11:09:11.961  1924  1949 W system_server: Long monitor contention with owner ActivityManager (1950) at void com.android.server.am.ActiveServices.serviceTimeout(com.android.server.am.ProcessRecord)(ActiveServices.java:3827) waiters=1 in java.lang.String com.android.server.am.ActivityManagerService.checkContentProviderAccess(java.lang.String, int) for 624ms
10-04 11:09:12.006  1924  1924 W system_server: Long monitor contention with owner AlarmManager (2018) at void com.android.server.AlarmManagerService$AlarmThread.run()(AlarmManagerService.java:4023) waiters=0 in void com.android.server.AlarmManagerService$DeliveryTracker.alarmComplete(android.os.IBinder) for 7.768s
10-04 11:09:12.015  1924  1924 W Looper  : Slow dispatch took 7779ms main h=android.os.Handler c=android.app.AlarmManager$ListenerWrapper@ef799bb m=0
10-04 11:09:12.015  1924  1924 W Looper  : Slow delivery took 7781ms main h=com.android.server.AlarmManagerService$AlarmHandler c=null m=4
10-04 11:09:12.033  1924  1943 I DropBoxManagerService: add tag=system_server_strictmode isTagEnabled=true flags=0x2
10-04 11:09:12.283  1924  1943 I chatty  : uid=1000(system) android.io identical 2 lines
10-04 11:09:12.545  1924  1943 I DropBoxManagerService: add tag=system_server_strictmode isTagEnabled=true flags=0x2
10-04 11:09:12.583  1924  1950 W ProcessCpuTracker: Failed to stat(/proc/2429): android.system.ErrnoException: stat failed: ENOENT (No such file or directory)
10-04 11:09:12.583  1924  1950 W ProcessCpuTracker: Skipping unknown process pid 2429
10-04 11:09:12.864  1745  1745 E netmgr  : Failed to open QEMU pipe 'qemud:network': Invalid argument
10-04 11:09:13.456  2433  2446 I droid.deskcloc: Background young concurrent copying GC freed 14795(1203KB) AllocSpace objects, 0(0B) LOS objects, 86% free, 942KB/7086KB, paused 96us total 890.258ms
10-04 11:09:13.665  1924  1941 W system_server: Long monitor contention with owner ActivityManager:procStart (1951) at void com.android.server.am.ProcessList.lambda$startProcessLocked$0$ProcessList(com.android.server.am.ProcessRecord, java.lang.String, int[], int, int, java.lang.String, java.lang.String, java.lang.String, long)(ProcessList.java:1671) waiters=1 in void com.android.server.am.ActivityManagerService.monitor() for 1.933s
10-04 11:09:13.672  1924  1924 W system_server: Long monitor contention with owner android.bg (1949) at java.lang.String com.android.server.am.ActivityManagerService.checkContentProviderAccess(java.lang.String, int)(ActivityManagerService.java:6492) waiters=1 in boolean com.android.server.am.ActivityManagerService.isAppBad(android.content.pm.ApplicationInfo) for 1.655s
10-04 11:09:13.674  1924  1924 W Looper  : Slow dispatch took 1658ms main h=android.os.Handler c=android.app.AlarmManager$ListenerWrapper@f96499e m=0
10-04 11:09:13.677  1924  1950 W system_server: Long monitor contention with owner android.bg (1949) at java.lang.String com.android.server.am.ActivityManagerService.checkContentProviderAccess(java.lang.String, int)(ActivityManagerService.java:6492) waiters=2 in void com.android.server.am.ProcessRecord.appNotResponding(java.lang.String, android.content.pm.ApplicationInfo, java.lang.String, com.android.server.wm.WindowProcessController, boolean, java.lang.String) for 786ms
10-04 11:09:13.682  1924  1950 I ActivityManager: dumpStackTraces pids=null nativepids=null
10-04 11:09:13.686  1924  1950 I ActivityManager: Dumping to /data/anr/anr_2026-10-04-11-09-13-685
10-04 11:09:13.687  1924  1950 I ActivityManager: Collecting stacks for pid 2227
10-04 11:09:13.687  1924  1950 I system_server: libdebuggerd_client: started dumping process 2227
10-04 11:09:13.770  1793  1793 I /system/bin/tombstoned: registered intercept for pid 2227 and type kDebuggerdJavaBacktrace
10-04 11:09:13.771  2227  2248 I m.android.phon: Thread[4,tid=2248,WaitingInMainSignalCatcherLoop,Thread*=0x768e2b011800,peer=0x131c0078,"Signal Catcher"]: reacting to signal 3
10-04 11:09:13.771  2227  2248 I m.android.phon: 
10-04 11:09:13.905  2227  2248 I m.android.phon: WaitForGcToComplete blocked ObjectsAllocated on None for 36.230ms
10-04 11:09:14.211  1924  1924 W Looper  : Slow dispatch took 521ms main h=com.android.server.job.JobSchedulerService$JobHandler c=null m=1
10-04 11:09:14.222  1924  1949 W system_server: Long monitor contention with owner main (1924) at int com.android.server.am.ActivityManagerService.bindIsolatedService(android.app.IApplicationThread, android.os.IBinder, android.content.Intent, java.lang.String, android.app.IServiceConnection, int, java.lang.String, java.lang.String, int)(ActivityManagerService.java:14067) waiters=0 in java.lang.String com.android.server.am.ActivityManagerService.checkContentProviderAccess(java.lang.String, int) for 129ms
10-04 11:09:14.280  1924  1941 W Looper  : Slow dispatch took 2830ms android.fg h=android.os.Handler c=com.android.server.Watchdog$HandlerChecker@903ee76 m=0
10-04 11:09:14.339  1924  1924 W Looper  : Drained
10-04 11:09:14.339  1924  1924 W Looper  : Slow dispatch took 124ms main h=android.app.ActivityThread$H c=android.app.LoadedApk$ServiceDispatcher$RunConnection@697e0e4 m=0
10-04 11:09:14.672  1924  1924 W Looper  : Slow dispatch took 333ms main h=android.app.job.JobServiceEngine$JobHandler c=null m=0
10-04 11:09:14.701  1924  1941 W Looper  : Slow dispatch took 421ms android.fg h=android.os.Handler c=<recycled PooledLambda@db87c02> m=0
10-04 11:09:14.947  1734  1854 E SurfaceFlinger: ro.sf.lcd_density must be defined as a build property
10-04 11:09:14.949  1734  1961 E SurfaceFlinger: ro.sf.lcd_density must be defined as a build property
10-04 11:09:15.353  1924  1941 W Looper  : Slow dispatch took 648ms android.fg h=android.os.Handler c=<recycled PooledLambda@8f1178b> m=0
10-04 11:09:15.364  1924  1942 W Looper  : Slow dispatch took 7227ms android.ui h=com.android.server.am.ActivityManagerService$UiHandler c=null m=2
10-04 11:09:15.406  1924  2455 I system_server: The ClassLoaderContext is a special shared library.
10-04 11:09:15.505  1924  1941 W Looper  : Slow dispatch took 151ms android.fg h=android.os.Handler c=<recycled PooledLambda@2de5c81> m=0
10-04 11:09:15.757  1789  1789 E wifi_forwarder: RemoteConnection failed to initialize: RemoteConnection failed to open pipe
10-04 11:09:15.805  1924  1942 W system_server: Long monitor contention with owner android.bg (1949) at java.lang.String com.android.server.am.ActivityManagerService.checkContentProviderAccess(java.lang.String, int)(ActivityManagerService.java:6492) waiters=0 in void com.android.server.am.ActivityManagerService.dispatchUidsChanged() for 405ms
10-04 11:09:15.817  1924  1942 W Looper  : Slow delivery took 5945ms android.ui h=com.android.server.am.ActivityManagerService$UiHandler c=null m=53
10-04 11:09:15.817  1924  1942 W Looper  : Slow dispatch took 417ms android.ui h=com.android.server.am.ActivityManagerService$UiHandler c=null m=53
10-04 11:09:15.830  1924  1942 I Choreographer: Skipped 35 frames!  The application may be doing too much work on its main thread.
10-04 11:09:15.914  1924  1941 W Looper  : Slow dispatch took 408ms android.fg h=android.os.Handler c=<recycled PooledLambda@5a2e126> m=0
10-04 11:09:16.022  1924  2455 I system_server: The ClassLoaderContext is a special shared library.
10-04 11:09:16.085  1924  1941 W Looper  : Slow dispatch took 171ms android.fg h=android.os.Handler c=<recycled PooledLambda@5274b14> m=0
10-04 11:09:16.456  1924  1941 W Looper  : Slow dispatch took 352ms android.fg h=android.os.Handler c=<recycled PooledLambda@133fbd> m=0
10-04 11:09:16.590  1924  2455 W system_server: Long monitor contention with owner android.bg (1949) at java.lang.String com.android.server.am.ActivityManagerService.checkContentProviderAccess(java.lang.String, int)(ActivityManagerService.java:6492) waiters=0 in android.content.Intent com.android.server.am.ActivityManagerService.registerReceiver(android.app.IApplicationThread, java.lang.String, android.content.IIntentReceiver, android.content.IntentFilter, java.lang.String, int, int) for 505ms
10-04 11:09:16.602  1924  1941 W Looper  : Slow dispatch took 130ms android.fg h=com.android.server.DropBoxManagerService$DropBoxManagerBroadcastHandler c=null m=2
10-04 11:09:16.786  1924  1941 W Looper  : Drained
10-04 11:09:16.883  1924  2455 I system_server: The ClassLoaderContext is a special shared library.
10-04 11:09:16.983  1924  2456 D libEGL  : Emulator has host GPU support, qemu.gles is set to 1.
10-04 11:09:16.986  1924  2456 W libc    : Unable to set property "qemu.gles" to "1": error code: 0x18
10-04 11:09:17.371  1924  2455 W system_server: Long monitor contention with owner android.bg (1949) at java.lang.String com.android.server.am.ActivityManagerService.checkContentProviderAccess(java.lang.String, int)(ActivityManagerService.java:6492) waiters=0 in android.content.Intent com.android.server.am.ActivityManagerService.registerReceiver(android.app.IApplicationThread, java.lang.String, android.content.IIntentReceiver, android.content.IntentFilter, java.lang.String, int, int) for 341ms
10-04 11:09:20.338  1924  1924 W Looper  : Slow delivery took 718ms main h=android.os.AsyncTask$InternalHandler c=null m=1
10-04 11:09:20.730  1924  2175 W system_server: Long monitor contention with owner android.bg (1949) at void com.android.server.power.batterysaver.BatterySaverStateMachine.lambda$onBootCompleted$0$BatterySaverStateMachine()(BatterySaverStateMachine.java:324) waiters=0 in void com.android.server.power.PowerManagerService.acquireWakeLockInternal(android.os.IBinder, int, java.lang.String, java.lang.String, android.os.WorkSource, java.lang.String, int, int) for 2.124s
10-04 11:09:20.734  1924  2397 W system_server: Long monitor contention with owner android.bg (1949) at void com.android.server.power.batterysaver.BatterySaverStateMachine.lambda$onBootCompleted$0$BatterySaverStateMachine()(BatterySaverStateMachine.java:324) waiters=1 in void com.android.server.power.PowerManagerService.releaseWakeLockInternal(android.os.IBinder, int) for 365ms
10-04 11:09:20.742  1924  2395 W ActivityManager: Slow operation: 372ms so far, now at attachApplicationLocked: after sendPendingBroadcastsLocked
10-04 11:09:20.745  2227  2227 W m.android.phon: Long monitor contention with owner HwBinder:2227_1 (2373) at void com.android.internal.telephony.RIL.decrementWakeLock(com.android.internal.telephony.RILRequest)(RIL.java:4949) waiters=0 in void com.android.internal.telephony.RIL.acquireWakeLock(com.android.internal.telephony.RILRequest, int) for 13.033s
10-04 11:09:20.821  1569  1569 I hwservicemanager: getTransport: Cannot find entry android.hardware.radio.config@1.1::IRadioConfig/default in either framework or device manifest.
10-04 11:09:20.832  1569  1569 I hwservicemanager: getTransport: Cannot find entry android.hardware.radio.config@1.0::IRadioConfig/default in either framework or device manifest.
10-04 11:09:21.120  2433  2433 D ApplicationLoaders: Returning zygote-cached class loader: /system/framework/android.hidl.base-V1.0-java.jar
10-04 11:09:21.120  2433  2433 D ApplicationLoaders: Returning zygote-cached class loader: /system/framework/android.hidl.manager-V1.0-java.jar
10-04 11:09:21.120  2433  2433 D ApplicationLoaders: Returning zygote-cached class loader: /system/framework/android.hidl.base-V1.0-java.jar
10-04 11:09:21.217  1924  2397 D ConnectivityService: requestNetwork for uid/pid:1001/2227 NetworkRequest [ TRACK_DEFAULT id=14, [ Capabilities: INTERNET&NOT_RESTRICTED&TRUSTED Uid: 1001] ]
10-04 11:09:21.221  1924  2030 D WifiNetworkFactory: got request NetworkRequest [ TRACK_DEFAULT id=14, [ Capabilities: INTERNET&NOT_RESTRICTED&TRUSTED Uid: 1001] ] with score 0 and serial 0
10-04 11:09:21.221  1924  2030 D UntrustedWifiNetworkFactory: got request NetworkRequest [ TRACK_DEFAULT id=14, [ Capabilities: INTERNET&NOT_RESTRICTED&TRUSTED Uid: 1001] ] with score 0 and serial 0
10-04 11:09:21.301  1569  1569 I hwservicemanager: getTransport: Cannot find entry android.hardware.radio.config@1.1::IRadioConfig/default in either framework or device manifest.
10-04 11:09:21.303  1569  1569 I hwservicemanager: getTransport: Cannot find entry android.hardware.radio.config@1.0::IRadioConfig/default in either framework or device manifest.
10-04 11:09:21.313  2227  2227 D PhoneSwitcherNetworkRequstListener: got request NetworkRequest [ REQUEST id=1, [ Capabilities: INTERNET&NOT_RESTRICTED&TRUSTED&NOT_VPN] ] with score 0 and serial -1
10-04 11:09:21.313  2227  2227 D PhoneSwitcherNetworkRequstListener: got request NetworkRequest [ TRACK_DEFAULT id=12, [ Capabilities: INTERNET&NOT_RESTRICTED&TRUSTED Uid: 10102] ] with score 0 and serial -1
10-04 11:09:21.313  2227  2227 D PhoneSwitcherNetworkRequstListener: got request NetworkRequest [ TRACK_DEFAULT id=9, [ Capabilities: INTERNET&NOT_RESTRICTED&TRUSTED Uid: 1000] ] with score 0 and serial -1
10-04 11:09:21.313  2227  2227 D PhoneSwitcherNetworkRequstListener: got request NetworkRequest [ REQUEST id=7, [ Capabilities: INTERNET&NOT_RESTRICTED&TRUSTED&NOT_VPN] ] with score 0 and serial -1
10-04 11:09:21.313  2227  2227 D PhoneSwitcherNetworkRequstListener: got request NetworkRequest [ BACKGROUND_REQUEST id=2, [ Transports: CELLULAR Capabilities: INTERNET&NOT_RESTRICTED&TRUSTED&NOT_VPN] ] with score 0 and serial -1
10-04 11:09:21.316  2227  2227 D TelephonyDebugService: TelephonyDebugService()
10-04 11:09:21.356  1793  1793 I /system/bin/tombstoned: received crash request for pid 1924
10-04 11:09:21.590  1793  1793 E /system/bin/tombstoned: Traces for pid 1924 written to: /data/anr/trace_06
10-04 11:09:21.976  2433  2433 I droid.deskcloc: The ClassLoaderContext is a special shared library.
10-04 11:09:22.914  1793  1793 I /system/bin/tombstoned: received crash request for pid 2227
10-04 11:09:22.915  1793  1793 I /system/bin/tombstoned: found intercept fd 512 for pid 2227 and type kDebuggerdJavaBacktrace
10-04 11:09:22.960  1924  2397 W system_server: Long monitor contention with owner HwBinder:1924_3 (2175) at void com.android.server.power.PowerManagerService.acquireWakeLockInternal(android.os.IBinder, int, java.lang.String, java.lang.String, android.os.WorkSource, java.lang.String, int, int)(PowerManagerService.java:1044) waiters=0 in void com.android.server.power.PowerManagerService.releaseWakeLockInternal(android.os.IBinder, int) for 1.305s
10-04 11:09:22.963  2227  2227 D CarrierConfigLoader: mHandler: 12 phoneId: 0
10-04 11:09:22.969  1924  1932 I system_server: Wrote stack traces to tombstoned
10-04 11:09:22.972  1924  1950 I system_server: libdebuggerd_client: done dumping process 2227
10-04 11:09:23.012  2227  2248 I m.android.phon: Wrote stack traces to tombstoned
10-04 11:09:23.099  1924  1950 I ActivityManager: Done dumping
10-04 11:09:24.087  1924  1950 E ActivityManager: ANR in com.android.phone
10-04 11:09:24.087  1924  1950 E ActivityManager: PID: 2227
10-04 11:09:24.087  1924  1950 E ActivityManager: Reason: executing service com.android.phone/com.android.internal.telephony.CellularNetworkService
10-04 11:09:24.087  1924  1950 E ActivityManager: Load: 0.0 / 0.0 / 0.0
10-04 11:09:24.087  1924  1950 E ActivityManager: CPU usage from 0ms to 11649ms later (2026-10-04 11:09:11.450 to 2026-10-04 11:09:23.100):
10-04 11:09:24.087  1924  1950 E ActivityManager:   25% 1712/android.hardware.graphics.composer@2.1-service: 4.5% user + 21% kernel
10-04 11:09:24.087  1924  1950 E ActivityManager:   25% 1734/surfaceflinger: 14% user + 10% kernel / faults: 11 minor
10-04 11:09:24.087  1924  1950 E ActivityManager:   21% 2256/com.android.settings: 10% user + 10% kernel
10-04 11:09:24.087  1924  1950 E ActivityManager:   8.1% 1924/system_server: 5.7% user + 2.3% kernel / faults: 1764 minor 6 major
10-04 11:09:24.087  1924  1950 E ActivityManager:   3.7% 2430/crash_dump64: 3.4% user + 0.2% kernel / faults: 1443 minor 12 major
10-04 11:09:24.087  1924  1950 E ActivityManager:   2.5% 2227/com.android.phone: 1.6% user + 0.9% kernel / faults: 756 minor 1 major
10-04 11:09:24.087  1924  1950 E ActivityManager:   1% 1716/android.hardware.sensors@1.0-service: 0.4% user + 0.6% kernel
10-04 11:09:24.087  1924  1950 E ActivityManager:   0.9% 2060/com.android.systemui: 0.8% user + 0% kernel / faults: 172 minor
10-04 11:09:24.087  1924  1950 E ActivityManager:   0.8% 1748/adbd: 0.1% user + 0.7% kernel / faults: 148 minor
10-04 11:09:24.087  1924  1950 E ActivityManager:   0.8% 2444/sh: 0.4% user + 0.4% kernel / faults: 239 minor
10-04 11:09:24.087  1924  1950 E ActivityManager:   0.7% 1679/kworker/0:2: 0% user + 0.7% kernel
10-04 11:09:24.087  1924  1950 E ActivityManager:   0.7% 2433/com.android.deskclock: 0.3% user + 0.3% kernel / faults: 856 minor 15 major
10-04 11:09:24.087  1924  1950 E ActivityManager:   0.5% 1280/kworker/u2:3: 0% user + 0.5% kernel
10-04 11:09:24.087  1924  1950 E ActivityManager:   0.4% 8/rcu_preempt: 0% user + 0.4% kernel
10-04 11:09:24.087  1924  1950 E ActivityManager:   0.4% 1567/logd: 0.3% user + 0% kernel
10-04 11:09:24.087  1924  1950 E ActivityManager:   0% 213/kworker/u2:2: 0% user + 0% kernel
10-04 11:09:24.087  1924  1950 E ActivityManager:   0% 1568/servicemanager: 0% user + 0% kernel
10-04 11:09:24.087  1924  1950 E ActivityManager:   0% 1587/jbd2/vdc-8: 0% user + 0% kernel
10-04 11:09:24.087  1924  1950 E ActivityManager:   0% 1739/logcat: 0% user + 0% kernel / faults: 2 minor
10-04 11:09:24.087  1924  1950 E ActivityManager:   0% 1780/statsd: 0% user + 0% kernel
10-04 11:09:24.087  1924  1950 E ActivityManager:  +0% 2457/tar: 0% user + 0% kernel
10-04 11:09:24.087  1924  1950 E ActivityManager:  +0% 2458/sh: 0% user + 0% kernel
10-04 11:09:24.087  1924  1950 E ActivityManager: 100% TOTAL: 47% user + 51% kernel + 0.5% softirq
10-04 11:09:24.087  1924  1950 E ActivityManager: CPU usage from 151021ms to 151021ms ago (1970-01-01 00:00:00.000 to 1970-01-01 00:00:00.000) with 0% awake:
10-04 11:09:24.087  1924  1950 E ActivityManager: 0% TOTAL: 0% user + 0% kernel
10-04 11:09:24.316  1924  1950 I ActivityManager: Killing 2227:com.android.phone/1001 (adj -800): bg anr
10-04 11:09:24.321  1924  1943 I DropBoxManagerService: add tag=system_server_strictmode isTagEnabled=true flags=0x2
10-04 11:09:24.384  1924  2463 I DropBoxManagerService: add tag=system_app_anr isTagEnabled=true flags=0x2
10-04 11:09:24.509  1924  1943 I DropBoxManagerService: add tag=system_server_strictmode isTagEnabled=true flags=0x2
10-04 11:09:24.542  1924  1943 I DropBoxManagerService: add tag=system_server_strictmode isTagEnabled=true flags=0x2
10-04 11:09:24.564  1924  1950 I SystemServiceManager: Calling onUnlockUser u0
10-04 11:09:24.576  1924  1943 I DropBoxManagerService: add tag=system_server_strictmode isTagEnabled=true flags=0x2
10-04 11:09:24.808  1924  1941 W system_server: Long monitor contention with owner Error dump: system_app_anr (2463) at boolean android.os.MessageQueue.enqueueMessage(android.os.Message, long)(MessageQueue.java:556) waiters=0 in android.os.Message android.os.MessageQueue.next() for 155ms
10-04 11:09:24.653  1924  1943 I chatty  : uid=1000(system) android.io identical 2 lines
10-04 11:09:24.827  1924  1943 I DropBoxManagerService: add tag=system_server_strictmode isTagEnabled=true flags=0x2
10-04 11:09:24.852  1924  1950 W SystemServiceManager: Service com.android.server.wm.ActivityTaskManagerService$Lifecycle took 288 ms in onUnlockUser 
10-04 11:09:24.862  1924  1943 I DropBoxManagerService: add tag=system_server_strictmode isTagEnabled=true flags=0x2
10-04 11:09:24.879  1924  1950 D StorageManagerService: onUnlockUser 0
10-04 11:09:24.941  1924  1949 W Looper  : Slow dispatch took 12027ms android.bg h=android.os.Handler c=com.android.server.power.batterysaver.-$$Lambda$BatterySaverStateMachine$fEidyt_9TXlXBpF6D2lhOOrfOC4@27ad15b m=0
10-04 11:09:24.945  1924  1943 I DropBoxManagerService: add tag=system_server_strictmode isTagEnabled=true flags=0x2
10-04 11:09:24.951  1687  1687 I Zygote  : Process 2227 exited due to signal 9 (Killed)
10-04 11:09:24.980  1924  1950 W SystemServiceManager: Service com.android.server.StorageManagerService$Lifecycle took 101 ms in onUnlockUser 
10-04 11:09:24.985  1924  1943 I DropBoxManagerService: add tag=system_server_strictmode isTagEnabled=true flags=0x2
10-04 11:09:25.016  1924  2033 D ConnectivityService: unregisterNetworkFactory for PhoneSwitcherNetworkRequstListener
10-04 11:09:25.017  1568  1568 I ServiceManager: service 'ircs' died
10-04 11:09:25.019  1924  2033 D ConnectivityService: unregisterNetworkFactory for TelephonyNetworkFactory[0]
10-04 11:09:25.021  1924  2365 D ConnectivityService: ConnectivityService NetworkRequestInfo binderDied(NetworkRequest [ TRACK_DEFAULT id=14, [ Capabilities: INTERNET&NOT_RESTRICTED&TRUSTED Uid: 1001] ], android.os.BinderProxy@dcafac2)
10-04 11:09:25.042  1924  2033 D ConnectivityService: releasing NetworkRequest [ TRACK_DEFAULT id=14, [ Capabilities: INTERNET&NOT_RESTRICTED&TRUSTED Uid: 1001] ] (release request)
10-04 11:09:25.044  1568  1568 I ServiceManager: service 'simphonebook' died
10-04 11:09:25.045  1568  1568 I ServiceManager: service 'iphonesubinfo' died
10-04 11:09:25.045  1568  1568 I ServiceManager: service 'isms' died
10-04 11:09:25.045  1568  1568 I ServiceManager: service 'phone' died
10-04 11:09:25.045  1568  1568 I ServiceManager: service 'carrier_config' died
10-04 11:09:25.045  1568  1568 I ServiceManager: service 'isub' died
10-04 11:09:25.053  1924  1952 E libprocessgroup: getpgid(2227) failed: No such process
10-04 11:09:25.104  1924  2367 D ConnectivityService: ConnectivityService NetworkRequestInfo binderDied(NetworkRequest [ LISTEN id=13, [ Transports: WIFI Capabilities: INTERNET&TRUSTED&NOT_VPN&FOREGROUND Uid: 1001] ], android.os.BinderProxy@9b9a410)
10-04 11:09:25.111  1924  1950 W SystemServiceManager: Service com.android.server.textservices.TextServicesManagerService$Lifecycle took 104 ms in onUnlockUser 
10-04 11:09:25.112  1924  1950 D WifiService: Handle user unlock 0
10-04 11:09:25.167  1924  1940 I ActivityManager: Process com.android.phone (pid 2227) has died: pers PER 
10-04 11:09:25.298  1924  1949 W Looper  : Slow delivery took 44038ms android.bg h=com.android.server.usage.UsageStatsService$H c=null m=0
10-04 11:09:25.454  1924  1952 I libprocessgroup: Successfully killed process cgroup uid 1001 pid 2227 in 1126ms
10-04 11:09:25.455  1924  1952 I libprocessgroup: Successfully killed process cgroup uid 1001 pid 2227 in 0ms
10-04 11:09:25.734  1924  2397 W system_server: Long monitor contention with owner main (1924) at void com.android.server.inputmethod.InputMethodManagerService.onUnlockUser(int)(InputMethodManagerService.java:1420) waiters=0 in java.util.List com.android.server.inputmethod.InputMethodManagerService.getEnabledInputMethodList(int) for 775ms
10-04 11:09:25.738  1924  1924 W Looper  : Drained
10-04 11:09:25.739  1924  1924 W Looper  : Slow dispatch took 875ms main h=android.os.Handler c=null m=5000
10-04 11:09:25.750  1924  1924 W Looper  : Slow delivery took 784ms main h=android.os.Handler c=com.android.server.statusbar.-$$Lambda$StatusBarManagerService$UEYsZUbySBvjdjRhx8OmRQFMSn4@c31201a m=0
10-04 11:09:25.799  1924  1940 W system_server: Long monitor contention with owner LazyTaskWriterThread (2464) at void com.android.server.wm.TaskPersister.writeTaskIdsFiles()(TaskPersister.java:450) waiters=0 in void com.android.server.wm.WindowProcessController.clearPackageList() for 631ms
10-04 11:09:25.803  1924  1940 W ActivityManager: Scheduling restart of crashed service com.android.phone/.TelephonyDebugService in 0ms
10-04 11:09:25.817  1924  1940 W ActivityManager: Re-adding persistent process ProcessRecord{576f80b 2227:com.android.phone/1001}
10-04 11:09:25.870  1924  1940 W ActivityManager: Slow operation: 52ms so far, now at startProcess: done removing from pids map
10-04 11:09:25.870  1924  1940 W ActivityManager: Slow operation: 52ms so far, now at startProcess: starting to update cpu stats
10-04 11:09:25.870  1924  1940 W ActivityManager: Slow operation: 52ms so far, now at startProcess: done updating cpu stats
10-04 11:09:25.870  1924  1940 W ActivityManager: Slow operation: 53ms so far, now at startProcess: getting gids from package manager
10-04 11:09:25.872  1924  1940 W ActivityManager: Slow operation: 54ms so far, now at startProcess: building args
10-04 11:09:26.064  2344  2344 I InputAttributes: InputType.TYPE_NULL is specified
10-04 11:09:26.509  1924  2191 I system_server: IncrementDisableThreadFlip blocked for 47.408ms
10-04 11:09:26.722  1924  1951 W ActivityManager: Slow operation: 904ms so far, now at startProcess: asking zygote to start proc
10-04 11:09:26.731  1924  1950 W system_server: Long monitor contention with owner Binder:1924_2 (1940) at void com.android.server.am.ActivityManagerService$AppDeathRecipient.binderDied()(ActivityManagerService.java:1503) waiters=0 in android.content.Intent com.android.server.am.ActivityManagerService.registerReceiver(android.app.IApplicationThread, java.lang.String, android.content.IIntentReceiver, android.content.IntentFilter, java.lang.String, int, int) for 1.280s
10-04 11:09:26.735  1924  1950 W SystemServiceManager: Service com.android.server.midi.MidiService$Lifecycle took 1552 ms in onUnlockUser 
10-04 11:09:26.745  1924  1949 W system_server: Long monitor contention with owner Binder:1924_2 (1940) at void com.android.server.am.ActivityManagerService$AppDeathRecipient.binderDied()(ActivityManagerService.java:1503) waiters=1 in void com.android.server.am.ActivityManagerService$5.handleMessage(android.os.Message) for 1.447s
10-04 11:09:26.746  1924  2467 W system_server: Long monitor contention with owner Binder:1924_2 (1940) at void com.android.server.am.ActivityManagerService$AppDeathRecipient.binderDied()(ActivityManagerService.java:1503) waiters=2 in android.content.Intent com.android.server.am.ActivityManagerService.registerReceiver(android.app.IApplicationThread, java.lang.String, android.content.IIntentReceiver, android.content.IntentFilter, java.lang.String, int, int) for 1.307s
10-04 11:09:26.748  1924  1941 W system_server: Long monitor contention with owner Binder:1924_2 (1940) at void com.android.server.am.ActivityManagerService$AppDeathRecipient.binderDied()(ActivityManagerService.java:1503) waiters=3 in int com.android.server.am.ActivityManagerService.broadcastIntent(android.app.IApplicationThread, android.content.Intent, java.lang.String, android.content.IIntentReceiver, int, java.lang.String, android.os.Bundle, java.lang.String[], int, android.os.Bundle, boolean, boolean, int) for 311ms
10-04 11:09:26.919  1924  1950 W VoiceInteractionManagerService: no available voice interaction services found for user 0
10-04 11:09:26.920  1924  1950 W VoiceInteractionManagerService: no available voice recognition services found for user 0
10-04 11:09:26.981  1924  1950 W SystemServiceManager: Service com.android.server.voiceinteraction.VoiceInteractionManagerService took 203 ms in onUnlockUser 
10-04 11:09:27.121  1924  2030 D WakeupConfigStoreData: WifiWake user data has been read
10-04 11:09:27.133  1924  1950 D AutofillManagerServiceImpl: Reset component for user 0:
10-04 11:09:27.134  1924  1950 D FieldClassificationStrategy: reset(): service is not bound. Do nothing.
10-04 11:09:27.134  1924  1924 W Looper  : Slow dispatch took 1343ms main h=android.os.Handler c=com.android.server.locksettings.LockSettingsService$1@e1ed4c3 m=0
10-04 11:09:27.154  1924  2467 W system_server: Long monitor contention with owner android.bg (1949) at void com.android.server.am.ActivityManagerService$5.handleMessage(android.os.Message)(ActivityManagerService.java:1913) waiters=1 in android.content.Intent com.android.server.am.ActivityManagerService.registerReceiver(android.app.IApplicationThread, java.lang.String, android.content.IIntentReceiver, android.content.IntentFilter, java.lang.String, int, int) for 406ms
10-04 11:09:27.165  1924  1941 W system_server: Long monitor contention with owner android.bg (1949) at void com.android.server.am.ActivityManagerService$5.handleMessage(android.os.Message)(ActivityManagerService.java:1913) waiters=1 in int com.android.server.am.ActivityManagerService.broadcastIntent(android.app.IApplicationThread, android.content.Intent, java.lang.String, android.content.IIntentReceiver, int, java.lang.String, android.os.Bundle, java.lang.String[], int, android.os.Bundle, boolean, boolean, int) for 417ms
10-04 11:09:27.167  1924  1941 W Looper  : Slow dispatch took 730ms android.fg h=com.android.server.DropBoxManagerService$DropBoxManagerBroadcastHandler c=null m=2
10-04 11:09:27.167  1924  1941 W Looper  : Slow delivery took 431ms android.fg h=com.android.server.usb.UsbDeviceManager$UsbHandlerLegacy c=null m=13
10-04 11:09:27.519  1924  2047 W system_server: Long monitor contention with owner android.bg (1949) at void com.android.server.am.ActivityManagerService$5.handleMessage(android.os.Message)(ActivityManagerService.java:1913) waiters=2 in android.content.Intent com.android.server.am.ActivityManagerService.registerReceiver(android.app.IApplicationThread, java.lang.String, android.content.IIntentReceiver, android.content.IntentFilter, java.lang.String, int, int) for 748ms
10-04 11:09:27.603  1924  1941 W Looper  : Drained
10-04 11:09:27.619  1924  1950 W SystemServiceManager: Service com.android.server.autofill.AutofillManagerService took 634 ms in onUnlockUser 
10-04 11:09:27.623  1924  2030 D WifiConfigStore: Reading from user stores completed in 2457 ms.
10-04 11:09:27.659  1924  1950 I ActivityManager: User 0 state changed from RUNNING_UNLOCKING to RUNNING_UNLOCKED
10-04 11:09:27.660  1924  1950 D SystemServerTiming: SystemUserUnlock took to complete: 44731ms
10-04 11:09:27.661  1924  1941 I ActivityTaskManager: Loading recents for user 0 into memory.
10-04 11:09:27.730  1924  2191 W system_server: Long monitor contention with owner android.bg (1949) at void com.android.server.am.ActivityManagerService$5.handleMessage(android.os.Message)(ActivityManagerService.java:1961) waiters=1 in android.content.Intent com.android.server.am.ActivityManagerService.registerReceiver(android.app.IApplicationThread, java.lang.String, android.content.IIntentReceiver, android.content.IntentFilter, java.lang.String, int, int) for 305ms
10-04 11:09:27.837  1924  1949 E memtrack: Couldn't load memtrack module
10-04 11:09:27.837  1924  1949 W android.os.Debug: failed to get memory consumption info: -1
10-04 11:09:27.849  1924  1950 W ActivityManager: Slow operation: 71ms so far, now at startProcess: building args
10-04 11:09:28.082  1924  1941 W Looper  : Slow dispatch took 189ms android.fg h=android.os.Handler c=com.android.server.am.-$$Lambda$UserController$avTAix2Aub5zSKSBBofMYY2qXyk@a108d46 m=0
10-04 11:09:28.121  1687  1687 D Zygote  : Forked child process 2474
10-04 11:09:28.126  1924  2047 W system_server: Long monitor contention with owner android.bg (1949) at void com.android.server.am.ActivityManagerService$5.handleMessage(android.os.Message)(ActivityManagerService.java:1961) waiters=1 in android.content.Intent com.android.server.am.ActivityManagerService.registerReceiver(android.app.IApplicationThread, java.lang.String, android.content.IIntentReceiver, android.content.IntentFilter, java.lang.String, int, int) for 606ms
10-04 11:09:28.441  1924  1950 W ActivityManager: Slow operation: 393ms so far, now at startProcess: building args
10-04 11:09:28.442  1924  2191 W system_server: Long monitor contention with owner ActivityManager (1950) at void com.android.server.am.ActivityManagerService.startPersistentApps(int)(ActivityManagerService.java:7575) waiters=1 in android.content.Intent com.android.server.am.ActivityManagerService.registerReceiver(android.app.IApplicationThread, java.lang.String, android.content.IIntentReceiver, android.content.IntentFilter, java.lang.String, int, int) for 703ms
10-04 11:09:28.443  1924  2475 W system_server: Long monitor contention with owner ActivityManager (1950) at int[] com.android.server.pm.PackageManagerService.getPackageGids(java.lang.String, int, int)(PackageManagerService.java:4592) waiters=0 in int com.android.server.pm.PackageManagerService.getPackageUid(java.lang.String, int, int) for 241ms
10-04 11:09:28.474  1924  1950 V ActivityManager: Installing ContentProviderInfo{name=com.android.launcher3 className=com.android.quickstep.LauncherSearchIndexablesProvider}
10-04 11:09:28.480  1924  1951 W ActivityManager: Slow operation: 2663ms so far, now at startProcess: returned from zygote!
10-04 11:09:28.486  1924  1950 V ActivityManager: Installing ContentProviderInfo{name=com.android.launcher3.settings className=com.android.launcher3.LauncherProvider}
10-04 11:09:28.497  2344  2344 I LatinIME: Timeout waiting for dictionary load
10-04 11:09:28.522  1924  1951 W ActivityManager: Slow operation: 2705ms so far, now at startProcess: done updating battery stats
10-04 11:09:28.527  1924  1951 W ActivityManager: Slow operation: 2709ms so far, now at startProcess: building log message
10-04 11:09:28.527  1924  1951 I ActivityManager: Start proc 2474:com.android.phone/1001 for restart com.android.phone
10-04 11:09:28.527  1924  1951 W ActivityManager: Slow operation: 2710ms so far, now at startProcess: starting to update pids map
10-04 11:09:28.535  1924  1951 W ActivityManager: Slow operation: 2717ms so far, now at startProcess: done updating pids map
10-04 11:09:28.536  1924  1951 W ActivityManager: Slow operation: 758ms so far, now at startProcess: asking zygote to start proc
10-04 11:09:28.669  1924  1950 I ActivityManager: Posting BOOT_COMPLETED user #0
10-04 11:09:28.905  2474  2474 W m.android.phon: Unexpected CPU variant for X86 using defaults: x86_64
10-04 11:09:29.339  1924  1943 I DropBoxManagerService: add tag=system_server_strictmode isTagEnabled=true flags=0x2
10-04 11:09:29.837  1924  2456 D libEGL  : loaded /vendor/lib64/egl/libEGL_emulation.so
10-04 11:09:29.765  1924  1943 I chatty  : uid=1000(system) android.io identical 3 lines
10-04 11:09:29.912  1924  1943 I DropBoxManagerService: add tag=system_server_strictmode isTagEnabled=true flags=0x2
10-04 11:09:30.106  1924  2191 W ActivityManager: Slow operation: 321ms so far, now at attachApplicationLocked: before bindApplication
10-04 11:09:30.113  2433  2433 I AlarmClock: AlarmInitReceiver android.intent.action.LOCKED_BOOT_COMPLETED
10-04 11:09:30.129  1924  2191 W ActivityManager: Slow operation: 344ms so far, now at attachApplicationLocked: immediately before bindApplication
10-04 11:09:30.139  1924  2191 W ActivityManager: Slow operation: 354ms so far, now at attachApplicationLocked: immediately after bindApplication
10-04 11:09:30.139  1924  2191 W ActivityManager: Slow operation: 354ms so far, now at attachApplicationLocked: after updateLruProcessLocked
10-04 11:09:30.143  1924  2047 I BackupManagerService: Starting service for user: 0
10-04 11:09:30.174  1924  1943 I DropBoxManagerService: add tag=system_server_strictmode isTagEnabled=true flags=0x2
10-04 11:09:30.239  1924  2191 W ActivityManager: Slow operation: 454ms so far, now at attachApplicationLocked: after mServices.attachApplicationLocked
10-04 11:09:30.282  1924  1924 W Looper  : Drained
10-04 11:09:30.302  1924  2191 W ActivityManager: Slow operation: 518ms so far, now at attachApplicationLocked: after updateOomAdjLocked
10-04 11:09:30.304  1924  1950 W system_server: Long monitor contention with owner Binder:1924_4 (2191) at void com.android.server.am.ActivityManagerService.attachApplication(android.app.IApplicationThread, long)(ActivityManagerService.java:5176) waiters=0 in void com.android.server.am.BroadcastQueue.processNextBroadcast(boolean) for 186ms
10-04 11:09:30.330  1924  1924 V NotificationAssistants: disabling notification assistant for user 0: ComponentInfo{android.ext.services/android.ext.services.notification.Assistant}
10-04 11:09:30.331  1924  1924 D NotificationListeners: Removing active service ComponentInfo{android.ext.services/android.ext.services.notification.Assistant}
10-04 11:09:30.339  2256  2256 D FallbackHome: User unlocked and real home found; let's go!
10-04 11:09:30.421  1924  1943 I DropBoxManagerService: add tag=system_server_strictmode isTagEnabled=true flags=0x2
10-04 11:09:30.672  2433  2497 I AlarmClock: Fixing alarm instances
10-04 11:09:30.703  1687  1687 D Zygote  : Forked child process 2494
10-04 11:09:30.722  1924  2397 W system_server: Long monitor contention with owner android.display (1944) at void com.android.server.wm.TaskChangeNotificationController.forAllRemoteListeners(com.android.server.wm.TaskChangeNotificationController$TaskStackConsumer, android.os.Message)(TaskChangeNotificationController.java:282) waiters=1 in void com.android.server.wm.ActivityTaskManagerService.activityTopResumedStateLost() for 342ms
10-04 11:09:30.731  1924  1945 W system_server: Long monitor contention with owner android.display (1944) at void com.android.server.wm.TaskChangeNotificationController.forAllRemoteListeners(com.android.server.wm.TaskChangeNotificationController$TaskStackConsumer, android.os.Message)(TaskChangeNotificationController.java:282) waiters=2 in void com.android.server.wm.WindowAnimator.lambda$new$1$WindowAnimator(long) for 340ms
10-04 11:09:30.737  1924  1950 W system_server: Long monitor contention with owner android.display (1944) at void com.android.server.wm.TaskChangeNotificationController.forAllRemoteListeners(com.android.server.wm.TaskChangeNotificationController$TaskStackConsumer, android.os.Message)(TaskChangeNotificationController.java:282) waiters=2 in boolean com.android.server.wm.WindowProcessController.hasActivitiesOrRecentTasks() for 273ms
10-04 11:09:30.560  1924  1943 I DropBoxManagerService: add tag=system_server_strictmode isTagEnabled=true flags=0x2
10-04 11:09:30.751  1924  2191 I ActivityTaskManager: START u0 {act=android.intent.action.MAIN cat=[android.intent.category.HOME] flg=0x10000100 cmp=com.android.launcher3/.Launcher} from uid 0
10-04 11:09:30.807  1924  2191 W InputReader: Device has associated, but no associated display id.
10-04 11:09:30.807  1924  2191 I chatty  : uid=1000(system) Binder:1924_4 identical 5 lines
10-04 11:09:30.807  1924  2191 W InputReader: Device has associated, but no associated display id.
10-04 11:09:31.940  2284  2284 W RenderThread: type=1400 audit(0.0:6): avc: denied { write } for name="property_service" dev="tmpfs" ino=6770 scontext=u:r:priv_app:s0:c512,c768 tcontext=u:object_r:property_socket:s0 tclass=sock_file permissive=0 app=com.android.launcher3
10-04 11:09:30.807  1924  2191 W InputReader: Device has associated, but no associated display id.
10-04 11:09:30.825  1924  1943 I DropBoxManagerService: add tag=system_server_strictmode isTagEnabled=true flags=0x2
10-04 11:09:30.862  1924  2191 I chatty  : uid=1000(system) Binder:1924_4 identical 31 lines
10-04 11:09:30.862  1924  2191 W InputReader: Device has associated, but no associated display id.
10-04 11:09:30.949  1924  1924 W system_server: Long monitor contention with owner Binder:1924_4 (2191) at void com.android.server.wm.ActivityTaskManagerService.activityPaused(android.os.IBinder)(ActivityTaskManagerService.java:1696) waiters=1 in boolean com.android.server.wm.WindowProcessController.hasActivities() for 183ms
10-04 11:09:31.034  1924  1924 V NotificationAssistants: enabling notification assistant for 0: ComponentInfo{android.ext.services/android.ext.services.notification.Assistant}
10-04 11:09:31.034  1924  1924 V NotificationAssistants: binding: Intent { act=android.service.notification.NotificationAssistantService cmp=android.ext.services/.notification.Assistant (has extras) }
10-04 11:09:31.041  1924  1949 W system_server: Long monitor contention with owner ActivityManager (1950) at void com.android.server.am.ActiveServices$ServiceRestarter.run()(ActiveServices.java:2029) waiters=1 in void com.android.server.am.ActivityManagerService$5.handleMessage(android.os.Message) for 479ms
10-04 11:09:31.064  1924  2456 D libEGL  : loaded /vendor/lib64/egl/libGLESv1_CM_emulation.so
10-04 11:09:31.101  1924  1943 I DropBoxManagerService: add tag=system_server_strictmode isTagEnabled=true flags=0x2
10-04 11:09:31.333  1924  1924 V NotificationListeners: enabling notification listener for 0: ComponentInfo{com.android.launcher3/com.android.launcher3.notification.NotificationListener}
10-04 11:09:31.333  1924  1924 V NotificationListeners: binding: Intent { act=android.service.notification.NotificationListenerService cmp=com.android.launcher3/.notification.NotificationListener (has extras) }
10-04 11:09:31.355  1924  1951 W ActivityManager: Slow operation: 3578ms so far, now at startProcess: returned from zygote!
10-04 11:09:31.395  1924  2455 I system_server: The ClassLoaderContext is a special shared library.
10-04 11:09:31.427  1924  2030 D WifiConfigStore: Writing to stores completed in 2958 ms.
10-04 11:09:31.437  2474  2474 I m.android.phon: The ClassLoaderContext is a special shared library.
10-04 11:09:31.454  1924  1940 W system_server: Long monitor contention with owner android.bg (1949) at void com.android.server.am.ActivityManagerService$5.handleMessage(android.os.Message)(ActivityManagerService.java:1992) waiters=1 in android.content.Intent com.android.server.am.ActivityManagerService.registerReceiver(android.app.IApplicationThread, java.lang.String, android.content.IIntentReceiver, android.content.IntentFilter, java.lang.String, int, int) for 132ms
10-04 11:09:31.457  1924  1951 W ActivityManager: Slow operation: 3680ms so far, now at startProcess: done updating battery stats
10-04 11:09:31.458  1924  1951 W ActivityManager: Slow operation: 3680ms so far, now at startProcess: building log message
10-04 11:09:31.458  1924  1951 I ActivityManager: Start proc 2494:com.android.se/1068 for added application com.android.se
10-04 11:09:31.458  1924  1951 W ActivityManager: Slow operation: 3680ms so far, now at startProcess: starting to update pids map
10-04 11:09:31.460  1924  1951 W ActivityManager: Slow operation: 3682ms so far, now at startProcess: done updating pids map
10-04 11:09:31.460  1924  1951 W ActivityManager: Slow operation: 3413ms so far, now at startProcess: asking zygote to start proc
10-04 11:09:31.463  1924  1924 W system_server: Long monitor contention with owner android.bg (1949) at void com.android.server.am.ActivityManagerService$5.handleMessage(android.os.Message)(ActivityManagerService.java:1992) waiters=2 in int com.android.server.am.ActivityManagerService.bindIsolatedService(android.app.IApplicationThread, android.os.IBinder, android.content.Intent, java.lang.String, android.app.IServiceConnection, int, java.lang.String, java.lang.String, int) for 129ms
10-04 11:09:31.484  1924  1924 W Looper  : Slow dispatch took 1155ms main h=android.app.ActivityThread$H c=android.app.-$$Lambda$LoadedApk$ReceiverDispatcher$Args$_BumDX2UKsnxLVrE6UJsJZkotuA@ee3968e m=0
10-04 11:09:31.518  1924  2047 V BackupManagerService: Starting with transport com.android.localtransport/.LocalTransport
10-04 11:09:31.534  2494  2494 W com.android.se: Unexpected CPU variant for X86 using defaults: x86_64
10-04 11:09:31.686  2474  2474 I m.android.phon: The ClassLoaderContext is a special shared library.
10-04 11:09:31.689  1924  1940 W system_server: Long monitor contention with owner android.bg (1949) at void com.android.server.am.ActivityManagerService$5.handleMessage(android.os.Message)(ActivityManagerService.java:1961) waiters=0 in android.content.Intent com.android.server.am.ActivityManagerService.registerReceiver(android.app.IApplicationThread, java.lang.String, android.content.IIntentReceiver, android.content.IntentFilter, java.lang.String, int, int) for 124ms
10-04 11:09:31.697  2284  2284 W ActivityThread: handleWindowVisibility: no activity for token android.os.BinderProxy@909f154
10-04 11:09:31.810  1924  1949 E memtrack: Couldn't load memtrack module
10-04 11:09:31.810  1924  1949 W android.os.Debug: failed to get memory consumption info: -1
10-04 11:09:31.892  1734  1853 E SurfaceFlinger: ro.sf.lcd_density must be defined as a build property
10-04 11:09:31.893  1734  1853 E SurfaceFlinger: ro.sf.lcd_density must be defined as a build property
10-04 11:09:31.949  2284  2515 D libEGL  : Emulator has host GPU support, qemu.gles is set to 1.
10-04 11:09:31.951  2284  2515 W libc    : Unable to set property "qemu.gles" to "1": connection failed; errno=13 (Permission denied)
10-04 11:09:31.976  2433  2446 W droid.deskcloc: Suspending all threads took: 119.942ms
10-04 11:09:32.025  1924  1924 I AccountManagerService: User 0 is unlocked - opening CE database
10-04 11:09:32.037  2284  2284 D Tonal   : Tonal Palette - index: 10. Main color: ffe590b7
10-04 11:09:32.037  2284  2284 D Tonal   : Colors: ff060104, ff1b0613, ff2f0b23, ff481135, ff671850, ff861f5d, ffa42773, ffbe4d91, ffd85a9e, ffde73aa, ffe590b7, ffefb9d1, fff5d6e5
10-04 11:09:32.038  2284  2284 D Tonal   : Gradients: 
10-04 11:09:32.038  2284  2284 D Tonal   : 	Normal GradientColors(ffe590b7, ffe590b7)
10-04 11:09:32.038  2284  2284 D Tonal   : 	Dark GradientColors(ff481135, ff481135)
10-04 11:09:32.038  2284  2284 D Tonal   : 	Extra dark: GradientColors(ff2f0b23, ff2f0b23)
10-04 11:09:32.041  2284  2284 V Launcher: LauncherAppState initiated
10-04 11:09:32.127  2474  2488 I m.android.phon: Background young concurrent copying GC freed 15041(1271KB) AllocSpace objects, 0(0B) LOS objects, 85% free, 1002KB/7146KB, paused 106us total 1.530s
10-04 11:09:32.172  2284  2515 D libEGL  : loaded /vendor/lib64/egl/libEGL_emulation.so
10-04 11:09:32.282  1924  2047 D BackupManagerService: Started thread backup-0 for user 0
10-04 11:09:32.311  2284  2515 D libEGL  : loaded /vendor/lib64/egl/libGLESv1_CM_emulation.so
10-04 11:09:32.536  2284  2515 D libEGL  : loaded /vendor/lib64/egl/libGLESv2_emulation.so
10-04 11:09:33.135  1687  1687 D Zygote  : Forked child process 2524
10-04 11:09:33.522  1924  1951 W ActivityManager: Slow operation: 5474ms so far, now at startProcess: returned from zygote!
10-04 11:09:33.626  1924  2397 W system_server: Long monitor contention with owner android.bg (1949) at void com.android.server.am.ActivityManagerService$5.handleMessage(android.os.Message)(ActivityManagerService.java:1992) waiters=0 in java.lang.String com.android.server.am.ActivityManagerService.checkContentProviderAccess(java.lang.String, int) for 1.632s
10-04 11:09:33.707  1924  2467 W system_server: Long monitor contention with owner android.bg (1949) at void com.android.server.am.ActivityManagerService$5.handleMessage(android.os.Message)(ActivityManagerService.java:1992) waiters=1 in android.content.Intent com.android.server.am.ActivityManagerService.registerReceiver(android.app.IApplicationThread, java.lang.String, android.content.IIntentReceiver, android.content.IntentFilter, java.lang.String, int, int) for 1.505s
10-04 11:09:33.725  2256  2316 I OpenGLRenderer: Davey! duration=701ms; Flags=2, IntendedVsync=172594798967, Vsync=172594798967, OldestInputEvent=0, NewestInputEvent=0, HandleInputStart=172594798967, AnimationStart=172594798967, PerformTraversalsStart=172594798967, DrawStart=172594798967, SyncQueued=172601036046, SyncStart=172601107286, IssueDrawCommandsStart=172603061273, SwapBuffers=173234339145, FrameCompleted=173296362918, DequeueBufferDuration=1393000, QueueBufferDuration=59350000, 
10-04 11:09:33.777  1924  1924 W system_server: Long monitor contention with owner android.fg (1941) at void android.content.res.AssetManager.nativeSetConfiguration(long, int, int, java.lang.String, int, int, int, int, int, int, int, int, int, int, int, int, int, int, int)(AssetManager.java:-2) waiters=0 in android.content.res.Resources android.app.ResourcesManager.getOrCreateResources(android.os.IBinder, android.content.res.ResourcesKey, java.lang.ClassLoader) for 293ms
10-04 11:09:33.799  1924  1949 E memtrack: Couldn't load memtrack module
10-04 11:09:33.799  1924  1949 W android.os.Debug: failed to get memory consumption info: -1
10-04 11:09:33.837  1924  1951 W ActivityManager: Slow operation: 5789ms so far, now at startProcess: done updating battery stats
10-04 11:09:33.838  1924  1951 W ActivityManager: Slow operation: 5790ms so far, now at startProcess: building log message
10-04 11:09:33.838  1924  1951 I ActivityManager: Start proc 2524:com.android.ims.rcsservice/1001 for added application com.android.ims.rcsservice
10-04 11:09:33.839  1924  1951 W ActivityManager: Slow operation: 5791ms so far, now at startProcess: starting to update pids map
10-04 11:09:33.850  1924  2395 W system_server: Long monitor contention with owner android.bg (1949) at void com.android.server.am.ActivityManagerService$5.handleMessage(android.os.Message)(ActivityManagerService.java:1992) waiters=2 in void com.android.server.am.ActivityManagerService.attachApplication(android.app.IApplicationThread, long) for 772ms
10-04 11:09:33.856  1924  1951 W ActivityManager: Slow operation: 5794ms so far, now at startProcess: done updating pids map
10-04 11:09:34.068  2524  2524 W .ims.rcsservic: Unexpected CPU variant for X86 using defaults: x86_64
10-04 11:09:34.146  2494  2517 I com.android.se: Background young concurrent copying GC freed 15074(1347KB) AllocSpace objects, 0(0B) LOS objects, 86% free, 942KB/7086KB, paused 661us total 615.037ms
10-04 11:09:34.298  1924  2395 W ActivityManager: Slow operation: 429ms so far, now at attachApplicationLocked: immediately after bindApplication
10-04 11:09:34.299  1924  2395 W ActivityManager: Slow operation: 430ms so far, now at attachApplicationLocked: after updateLruProcessLocked
10-04 11:09:34.320  1924  2395 W ActivityManager: Slow operation: 451ms so far, now at attachApplicationLocked: after mServices.attachApplicationLocked
10-04 11:09:34.420  1924  2395 W ActivityManager: Slow operation: 552ms so far, now at attachApplicationLocked: after updateOomAdjLocked
10-04 11:09:34.422  1924  2397 W system_server: Long monitor contention with owner Binder:1924_9 (2395) at void com.android.server.am.ActivityManagerService.attachApplication(android.app.IApplicationThread, long)(ActivityManagerService.java:5176) waiters=0 in android.content.Intent com.android.server.am.ActivityManagerService.registerReceiver(android.app.IApplicationThread, java.lang.String, android.content.IIntentReceiver, android.content.IntentFilter, java.lang.String, int, int) for 485ms
10-04 11:09:34.460  1924  1940 W system_server: Long monitor contention with owner Binder:1924_9 (2395) at void com.android.server.am.ActivityManagerService.attachApplication(android.app.IApplicationThread, long)(ActivityManagerService.java:5176) waiters=2 in java.lang.String com.android.server.am.ActivityManagerService.checkContentProviderAccess(java.lang.String, int) for 190ms
10-04 11:09:34.481  1924  2047 W system_server: Long monitor contention with owner Binder:1924_9 (2395) at void com.android.server.am.ActivityManagerService.attachApplication(android.app.IApplicationThread, long)(ActivityManagerService.java:5176) waiters=1 in java.lang.String com.android.server.am.ActivityManagerService.checkContentProviderAccess(java.lang.String, int) for 349ms
10-04 11:09:34.500  1924  2455 I system_server: The ClassLoaderContext is a special shared library.
10-04 11:09:34.523  2433  2497 V AlarmClock: AlarmInitReceiver finished
10-04 11:09:34.851  1924  1939 W system_server: Long monitor contention with owner backup (2047) at java.lang.String com.android.server.am.ActivityManagerService.checkContentProviderAccess(java.lang.String, int)(ActivityManagerService.java:6492) waiters=1 in java.lang.String com.android.server.am.ActivityManagerService.checkContentProviderAccess(java.lang.String, int) for 310ms
10-04 11:09:34.853  1924  2395 W system_server: Long monitor contention with owner backup (2047) at java.lang.String com.android.server.am.ActivityManagerService.checkContentProviderAccess(java.lang.String, int)(ActivityManagerService.java:6492) waiters=2 in void com.android.server.am.ActivityManagerService.addPackageDependency(java.lang.String) for 289ms
10-04 11:09:34.910  2474  2474 I m.android.phon: The ClassLoaderContext is a special shared library.
10-04 11:09:34.926  1924  2467 W ActivityManager: Slow operation: 62ms so far, now at attachApplicationLocked: immediately after bindApplication
10-04 11:09:34.926  1924  2467 W ActivityManager: Slow operation: 62ms so far, now at attachApplicationLocked: after updateLruProcessLocked
10-04 11:09:34.951  1924  2467 W ActivityManager: Slow operation: 87ms so far, now at attachApplicationLocked: after mServices.attachApplicationLocked
10-04 11:09:34.980  1924  2467 W ActivityManager: Slow operation: 116ms so far, now at attachApplicationLocked: after updateOomAdjLocked
10-04 11:09:34.981  1924  2397 W system_server: Long monitor contention with owner Binder:1924_C (2467) at void com.android.server.am.ActivityManagerService.attachApplication(android.app.IApplicationThread, long)(ActivityManagerService.java:5176) waiters=0 in android.content.Intent com.android.server.am.ActivityManagerService.registerReceiver(android.app.IApplicationThread, java.lang.String, android.content.IIntentReceiver, android.content.IntentFilter, java.lang.String, int, int) for 115ms
10-04 11:09:35.175  1924  1924 W system_server: Long monitor contention with owner android.fg (1941) at android.content.res.Resources android.app.ResourcesManager.getOrCreateResources(android.os.IBinder, android.content.res.ResourcesKey, java.lang.ClassLoader)(ResourcesManager.java:762) waiters=0 in android.content.res.Resources android.app.ResourcesManager.getOrCreateResources(android.os.IBinder, android.content.res.ResourcesKey, java.lang.ClassLoader) for 143ms
10-04 11:09:35.226  2494  2494 I com.android.se: The ClassLoaderContext is a special shared library.
10-04 11:09:35.292  1924  1924 W Looper  : Slow delivery took 1160ms main h=android.app.ActivityThread$H c=android.app.-$$Lambda$LoadedApk$ReceiverDispatcher$Args$_BumDX2UKsnxLVrE6UJsJZkotuA@b28109b m=0
10-04 11:09:35.292  1924  1924 W Looper  : Slow dispatch took 3807ms main h=android.app.ActivityThread$H c=android.app.-$$Lambda$LoadedApk$ReceiverDispatcher$Args$_BumDX2UKsnxLVrE6UJsJZkotuA@b28109b m=0
10-04 11:09:35.396  2524  2524 I .ims.rcsservic: The ClassLoaderContext is a special shared library.
10-04 11:09:35.453  2474  2474 D CarrierProvider: onCreate
10-04 11:09:35.495  1924  1924 W Looper  : Slow dispatch took 202ms main h=com.android.server.pm.UserManagerService$MainHandler c=null m=1
10-04 11:09:35.496  1924  1924 V NotificationAssistants: 0 notification assistant service connected: ComponentInfo{android.ext.services/android.ext.services.notification.Assistant}
10-04 11:09:35.540  1924  1949 W system_server: Long monitor contention with owner backup (2047) at java.lang.String com.android.server.am.ActivityManagerService.checkContentProviderAccess(java.lang.String, int)(ActivityManagerService.java:6492) waiters=0 in void com.android.server.am.ActivityManagerService$5.handleMessage(android.os.Message) for 347ms
10-04 11:09:35.572  2474  2474 D CarrierIdProvider: onCreate
10-04 11:09:35.573  2474  2474 D CarrierIdDatabaseHelper: CarrierIdDatabaseHelper: 5
10-04 11:09:35.641  1924  2397 W system_server: Long monitor contention with owner backup (2047) at java.lang.String com.android.server.am.ActivityManagerService.checkContentProviderAccess(java.lang.String, int)(ActivityManagerService.java:6492) waiters=1 in android.content.Intent com.android.server.am.ActivityManagerService.registerReceiver(android.app.IApplicationThread, java.lang.String, android.content.IIntentReceiver, android.content.IntentFilter, java.lang.String, int, int) for 371ms
10-04 11:09:35.647  2494  2494 I SecureElementService: main onCreate
10-04 11:09:35.735  1924  1924 W Looper  : Slow dispatch took 239ms main h=android.app.ActivityThread$H c=android.app.LoadedApk$ServiceDispatcher$RunConnection@feff04d m=0
10-04 11:09:35.746  1924  1934 I system_server: NativeAlloc concurrent copying GC freed 96604(6450KB) AllocSpace objects, 47(1996KB) LOS objects, 42% free, 8308KB/14MB, paused 437.455ms total 23.240s
10-04 11:09:35.751  2327  2392 D ExtAssistant: File doesn't exist or isn't readable yet
10-04 11:09:35.772  2060  2060 D StatusBar: mUserSetupObserver - DeviceProvisionedListener called for user 0
10-04 11:09:35.859  1924  2456 D libEGL  : loaded /vendor/lib64/egl/libGLESv2_emulation.so
10-04 11:09:35.973  2060  2060 D StatusBar: updateQsExpansionEnabled - QS Expand enabled: true
10-04 11:09:35.975  2060  2060 D StatusBar: mUserSetupObserver - DeviceProvisionedListener called for user 0
10-04 11:09:35.976  2060  2371 D OpenGLRenderer: profile bars disabled
10-04 11:09:35.977  2060  2371 D OpenGLRenderer: ambientRatio = 1.50
10-04 11:09:35.999  1569  1569 I hwservicemanager: getTransport: Cannot find entry android.hardware.secure_element@1.1::ISecureElement/eSE1 in either framework or device manifest.
10-04 11:09:36.003  2494  2494 D SecureElement-Terminal-eSE1: SE Hal V1.1 is not supported
10-04 11:09:36.044  2524  2524 I .ims.rcsservic: The ClassLoaderContext is a special shared library.
10-04 11:09:36.069  1569  1569 I hwservicemanager: getTransport: Cannot find entry android.hardware.secure_element@1.0::ISecureElement/eSE1 in either framework or device manifest.
10-04 11:09:36.071  2494  2494 I SecureElementService: No HAL implementation for eSE1
10-04 11:09:36.072  1569  1569 I hwservicemanager: getTransport: Cannot find entry android.hardware.secure_element@1.1::ISecureElement/SIM1 in either framework or device manifest.
10-04 11:09:36.074  2494  2494 D SecureElement-Terminal-SIM1: SE Hal V1.1 is not supported
10-04 11:09:36.075  1569  1569 I hwservicemanager: getTransport: Cannot find entry android.hardware.secure_element@1.0::ISecureElement/SIM1 in either framework or device manifest.
10-04 11:09:36.076  2494  2494 I SecureElementService: No HAL implementation for SIM1
10-04 11:09:36.088  2524  2537 I .ims.rcsservic: Background young concurrent copying GC freed 15654(1448KB) AllocSpace objects, 0(0B) LOS objects, 86% free, 986KB/7130KB, paused 128us total 389.077ms
10-04 11:09:36.199  1924  1944 W InputReader: Device has associated, but no associated display id.
10-04 11:09:36.199  1924  1944 I chatty  : uid=1000(system) android.display identical 8 lines
10-04 11:09:36.199  1924  1944 W InputReader: Device has associated, but no associated display id.
10-04 11:09:36.268  1924  2395 W system_server: Long monitor contention with owner android.display (1944) at void com.android.server.wm.AppTransition.handleAppTransitionTimeout()(AppTransition.java:2294) waiters=0 in int com.android.server.wm.WindowManagerService.addWindow(com.android.server.wm.Session, android.view.IWindow, int, android.view.WindowManager$LayoutParams, int, int, android.graphics.Rect, android.graphics.Rect, android.graphics.Rect, android.graphics.Rect, android.view.DisplayCutout$ParcelableWrapper, android.view.InputChannel, android.view.InsetsState) for 276ms
10-04 11:09:36.304  1924  1945 W system_server: Long monitor contention with owner android.display (1944) at void com.android.server.wm.AppTransition.handleAppTransitionTimeout()(AppTransition.java:2294) waiters=1 in void com.android.server.wm.InputMonitor$1.run() for 122ms
10-04 11:09:36.433  1924  2467 W system_server: Long monitor contention with owner android.bg (1949) at void com.android.server.am.ActivityManagerService$5.handleMessage(android.os.Message)(ActivityManagerService.java:1961) waiters=0 in void com.android.server.am.ActivityManagerService.serviceDoneExecuting(android.os.IBinder, int, int, int) for 312ms
10-04 11:09:36.439  1924  1949 E memtrack: Couldn't load memtrack module
10-04 11:09:36.439  1924  1949 W android.os.Debug: failed to get memory consumption info: -1
10-04 11:09:36.533  1712  2386 W EmuHWC2 : No layers, exit, buffer 0x0
10-04 11:09:36.544  1924  1924 W Looper  : Drained
10-04 11:09:36.562  1712  2386 W EmuHWC2 : No layers, exit, buffer 0x0
10-04 11:09:36.610  1712  1760 W EmuHWC2 : No layers, exit, buffer 0x0
10-04 11:09:36.625  1712  1760 I chatty  : uid=1000(system) HwBinder:1712_2 identical 1 line
10-04 11:09:36.658  1712  1760 W EmuHWC2 : No layers, exit, buffer 0x0
10-04 11:09:36.699  2256  2316 D EGL_emulation: eglMakeCurrent: 0x768e2b04ab80: ver 3 0 (tinfo 0x768e2b0189a0)
10-04 11:09:36.792  1712  1760 W EmuHWC2 : No layers, exit, buffer 0x0
10-04 11:09:36.800  1924  2455 I system_server: The ClassLoaderContext is a special shared library.
10-04 11:09:36.806  2474  2474 D CarrierIdProvider: update database from pb file
10-04 11:09:36.811  1712  1760 W EmuHWC2 : No layers, exit, buffer 0x0
10-04 11:09:36.851  1924  2059 I SyncManager: Loaded persisted syncs: 0 periodic syncs, 0 oneshot syncs, 11 total system server jobs, JobStats: FirstLoad: 3/2/0 LastSave: -1/-1/-1
10-04 11:09:36.896  1924  2047 I SELinux : SELinux: Loaded file_contexts
10-04 11:09:36.990  1924  2455 I system_server: The ClassLoaderContext is a special shared library.
10-04 11:09:36.997  2474  2474 E CarrierIdProvider: read carrier list from ota pb failure: java.io.FileNotFoundException: /data/misc/carrierid/carrier_list.pb: open failed: ENOENT (No such file or directory)
10-04 11:09:36.998  2474  2474 D CarrierIdProvider: latest version: 16777227 need update: false
10-04 11:09:37.041  1924  1943 W system_server: Long monitor contention with owner SyncManager (2059) at boolean android.os.MessageQueue.enqueueMessage(android.os.Message, long)(MessageQueue.java:556) waiters=0 in android.os.Message android.os.MessageQueue.next() for 190ms
10-04 11:09:37.044  2524  2524 I rcs     : [RcsStackAdaptor] mPublishingState=1 publishState=1
10-04 11:09:37.101  2524  2553 I rcs     : [PresencePublication] onMobileDataChanged, mDataEnabled=true value=true
10-04 11:09:37.141  2060  2060 E BluetoothAdapter: Bluetooth binder is null
10-04 11:09:37.370  1924  1940 W system_server: Long monitor contention with owner android.fg (1941) at long android.content.res.ApkAssets.nativeLoad(java.lang.String, boolean, boolean, boolean)(ApkAssets.java:-2) waiters=0 in android.content.pm.ParceledListSlice com.android.server.appwidget.AppWidgetServiceImpl.startListening(com.android.internal.appwidget.IAppWidgetHost, java.lang.String, int, int[]) for 2.393s
10-04 11:09:37.417  1924  1941 I AppWidgetServiceImpl: Processing of handleUserUnlocked u0 took 8846 ms
10-04 11:09:37.579  1924  1941 W Looper  : Slow dispatch took 8847ms android.fg h=android.os.Handler c=com.android.server.am.-$$Lambda$UserController$Injector$MYTLl7MOQKjyMJknWdxPeBLoPCc@ad5bc27 m=0
10-04 11:09:37.580  1924  1941 W Looper  : Slow delivery took 8979ms android.fg h=com.android.server.location.GnssLocationProvider$ProviderHandler c=null m=18
10-04 11:09:37.848  1924  1949 E memtrack: Couldn't load memtrack module
10-04 11:09:37.849  1924  1949 W android.os.Debug: failed to get memory consumption info: -1
10-04 11:09:37.908  2060  2060 V WifiManager: registerSoftApCallback: callback=com.android.systemui.statusbar.policy.HotspotControllerImpl@3569b9d, handler=Handler (android.os.Handler) {7b84812}
10-04 11:09:37.929  1924  2455 I system_server: The ClassLoaderContext is a special shared library.
10-04 11:09:38.210  1687  1687 D Zygote  : Forked child process 2562
10-04 11:09:38.389  1569  1569 I hwservicemanager: getTransport: Cannot find entry android.hardware.radio@1.4::IRadio/slot1 in either framework or device manifest.
10-04 11:09:38.392  1569  1569 I hwservicemanager: getTransport: Cannot find entry android.hardware.radio@1.3::IRadio/slot1 in either framework or device manifest.
10-04 11:09:38.394  1569  1569 I hwservicemanager: getTransport: Cannot find entry android.hardware.radio@1.2::IRadio/slot1 in either framework or device manifest.
10-04 11:09:38.415  1569  1569 I hwservicemanager: getTransport: Cannot find entry android.hardware.radio@1.1::IRadio/slot1 in either framework or device manifest.
10-04 11:09:38.462  1924  1951 W ActivityManager: Slow operation: 1136ms so far, now at startProcess: returned from zygote!
10-04 11:09:38.477  2474  2474 I android_os_HwBinder: HwBinder: Starting thread pool for getting: android.hardware.radio@1.0::IRadio/slot1
10-04 11:09:38.558  2562  2562 W .quicksearchbo: Unexpected CPU variant for X86 using defaults: x86_64
10-04 11:09:38.605  1924  1941 W Looper  : Drained
10-04 11:09:38.693  1569  1569 I hwservicemanager: getTransport: Cannot find entry android.hardware.radio.deprecated@1.0::IOemHook/slot1 in either framework or device manifest.
10-04 11:09:38.859  1924  2455 W system_server: Long monitor contention with owner android.bg (1949) at void com.android.server.am.ActivityManagerService$5.handleMessage(android.os.Message)(ActivityManagerService.java:1992) waiters=0 in android.content.Intent com.android.server.am.ActivityManagerService.registerReceiver(android.app.IApplicationThread, java.lang.String, android.content.IIntentReceiver, android.content.IntentFilter, java.lang.String, int, int) for 928ms
10-04 11:09:38.860  1924  1940 W system_server: Long monitor contention with owner android.bg (1949) at void com.android.server.am.ActivityManagerService$5.handleMessage(android.os.Message)(ActivityManagerService.java:1992) waiters=1 in android.content.Intent com.android.server.am.ActivityManagerService.registerReceiver(android.app.IApplicationThread, java.lang.String, android.content.IIntentReceiver, android.content.IntentFilter, java.lang.String, int, int) for 589ms
10-04 11:09:38.861  1924  1951 W system_server: Long monitor contention with owner android.bg (1949) at void com.android.server.am.ActivityManagerService$5.handleMessage(android.os.Message)(ActivityManagerService.java:1992) waiters=2 in void com.android.server.am.ProcessList.lambda$startProcessLocked$0$ProcessList(com.android.server.am.ProcessRecord, java.lang.String, int[], int, int, java.lang.String, java.lang.String, java.lang.String, long) for 398ms
10-04 11:09:38.862  1924  1951 W ActivityManager: Slow operation: 1536ms so far, now at startProcess: done updating battery stats
10-04 11:09:38.862  1924  1951 W ActivityManager: Slow operation: 1536ms so far, now at startProcess: building log message
10-04 11:09:38.862  1924  1951 I ActivityManager: Start proc 2562:com.android.quicksearchbox/u0a111 for broadcast {com.android.quicksearchbox/com.android.quicksearchbox.SearchWidgetProvider}
10-04 11:09:38.862  1924  1951 W ActivityManager: Slow operation: 1537ms so far, now at startProcess: starting to update pids map
10-04 11:09:38.863  1924  1951 W ActivityManager: Slow operation: 1537ms so far, now at startProcess: done updating pids map
10-04 11:09:39.117  1924  1949 E memtrack: Couldn't load memtrack module
10-04 11:09:39.117  1924  1949 W android.os.Debug: failed to get memory consumption info: -1
10-04 11:09:39.239  1924  1940 W ActivityManager: Slow operation: 59ms so far, now at attachApplicationLocked: after mServices.attachApplicationLocked
10-04 11:09:39.275  1924  1940 W ActivityManager: Slow operation: 95ms so far, now at attachApplicationLocked: after sendPendingBroadcastsLocked
10-04 11:09:39.413  2474  2474 D TelephonyProvider: dbh.onOpen: ok, queried table=siminfo
10-04 11:09:39.415  2474  2474 D TelephonyProvider: dbh.onOpen: ok, queried table=carriers
10-04 11:09:39.452  2562  2562 D ApplicationLoaders: Returning zygote-cached class loader: /system/framework/android.hidl.base-V1.0-java.jar
10-04 11:09:39.452  2562  2562 D ApplicationLoaders: Returning zygote-cached class loader: /system/framework/android.hidl.manager-V1.0-java.jar
10-04 11:09:39.452  2562  2562 D ApplicationLoaders: Returning zygote-cached class loader: /system/framework/android.hidl.base-V1.0-java.jar
10-04 11:09:39.471  2060  2060 D SystemUIBootTiming: StartServicescom.android.systemui.SystemBars took to complete: 83419ms
10-04 11:09:39.472  2060  2060 W SystemUIService: Initialization of com.android.systemui.SystemBars took 83420 ms
10-04 11:09:39.567  1687  1687 D Zygote  : Forked child process 2583
10-04 11:09:39.605  2562  2562 I .quicksearchbo: The ClassLoaderContext is a special shared library.
10-04 11:09:39.690  1924  1951 W ActivityManager: Slow operation: 592ms so far, now at startProcess: returned from zygote!
10-04 11:09:39.698  2583  2583 W ndroid.keychai: Unexpected CPU variant for X86 using defaults: x86_64
10-04 11:09:39.714  1924  2047 E BackupPasswordManager: Unable to read backup pw version
10-04 11:09:39.715  1924  2047 E BackupPasswordManager: Unable to read saved backup pw hash
10-04 11:09:39.780  2284  2284 W System  : ClassLoader referenced unknown path: 
10-04 11:09:39.845  1924  2455 I system_server: The ClassLoaderContext is a special shared library.
10-04 11:09:39.867  2562  2562 I .quicksearchbo: The ClassLoaderContext is a special shared library.
10-04 11:09:40.139  1924  2467 W system_server: Long monitor contention with owner android.bg (1949) at void com.android.server.am.ActivityManagerService$5.handleMessage(android.os.Message)(ActivityManagerService.java:1992) waiters=0 in android.content.Intent com.android.server.am.ActivityManagerService.registerReceiver(android.app.IApplicationThread, java.lang.String, android.content.IIntentReceiver, android.content.IntentFilter, java.lang.String, int, int) for 610ms
10-04 11:09:40.141  1924  2367 W system_server: Long monitor contention with owner android.bg (1949) at void com.android.server.am.ActivityManagerService$5.handleMessage(android.os.Message)(ActivityManagerService.java:1992) waiters=1 in android.content.Intent com.android.server.am.ActivityManagerService.registerReceiver(android.app.IApplicationThread, java.lang.String, android.content.IIntentReceiver, android.content.IntentFilter, java.lang.String, int, int) for 586ms
10-04 11:09:40.142  1924  1951 W system_server: Long monitor contention with owner android.bg (1949) at void com.android.server.am.ActivityManagerService$5.handleMessage(android.os.Message)(ActivityManagerService.java:1992) waiters=2 in void com.android.server.am.ProcessList.lambda$startProcessLocked$0$ProcessList(com.android.server.am.ProcessRecord, java.lang.String, int[], int, int, java.lang.String, java.lang.String, java.lang.String, long) for 452ms
10-04 11:09:40.143  1924  1951 W ActivityManager: Slow operation: 1045ms so far, now at startProcess: done updating battery stats
10-04 11:09:40.143  1924  1951 W ActivityManager: Slow operation: 1045ms so far, now at startProcess: building log message
10-04 11:09:40.143  1924  1951 I ActivityManager: Start proc 2583:com.android.keychain/1000 for service {com.android.keychain/com.android.keychain.KeyChainService}
10-04 11:09:40.143  1924  1951 W ActivityManager: Slow operation: 1045ms so far, now at startProcess: starting to update pids map
10-04 11:09:40.144  1924  1951 W ActivityManager: Slow operation: 1046ms so far, now at startProcess: done updating pids map
10-04 11:09:40.145  1924  2455 W system_server: Long monitor contention with owner android.bg (1949) at void com.android.server.am.ActivityManagerService$5.handleMessage(android.os.Message)(ActivityManagerService.java:1992) waiters=4 in android.content.Intent com.android.server.am.ActivityManagerService.registerReceiver(android.app.IApplicationThread, java.lang.String, android.content.IIntentReceiver, android.content.IntentFilter, java.lang.String, int, int) for 298ms
10-04 11:09:40.174  1924  1996 W InputReader: Device has associated, but no associated display id.
10-04 11:09:40.175  1924  1996 I chatty  : uid=1000(system) Binder:1924_3 identical 8 lines
10-04 11:09:40.175  1924  1996 W InputReader: Device has associated, but no associated display id.
10-04 11:09:40.236  2060  2060 D StorageNotification: Notifying about private volume: VolumeInfo{private}:
10-04 11:09:40.236  2060  2060 D StorageNotification:     type=PRIVATE diskId=null partGuid=null mountFlags=0 mountUserId=-10000 
10-04 11:09:40.236  2060  2060 D StorageNotification:     state=MOUNTED 
10-04 11:09:40.236  2060  2060 D StorageNotification:     fsType=null fsUuid=null fsLabel=null 
10-04 11:09:40.236  2060  2060 D StorageNotification:     path=/data internalPath=null 
10-04 11:09:40.260  1712  2386 W EmuHWC2 : No layers, exit, buffer 0x0
10-04 11:09:40.302  1924  1924 V NotificationListeners: 0 notification listener service connected: ComponentInfo{com.android.launcher3/com.android.launcher3.notification.NotificationListener}
10-04 11:09:40.275  1712  2386 W EmuHWC2 : No layers, exit, buffer 0x0
10-04 11:09:40.309  1712  1760 W EmuHWC2 : No layers, exit, buffer 0x0
10-04 11:09:40.312  2284  2284 I Choreographer: Skipped 56 frames!  The application may be doing too much work on its main thread.
10-04 11:09:40.351  1924  1944 W ActivityTaskManager: Launch timeout has expired, giving up wake lock!
10-04 11:09:40.414  2060  2060 D SystemUIBootTiming: StartServicescom.android.systemui.usb.StorageNotification took to complete: 907ms
10-04 11:09:40.422  1924  1949 E memtrack: Couldn't load memtrack module
10-04 11:09:40.422  1924  1949 W android.os.Debug: failed to get memory consumption info: -1
10-04 11:09:40.450  2562  2562 W .quicksearchbo: Verification of com.android.quicksearchbox.SourceResult com.android.quicksearchbox.google.GoogleSuggestClient.query(java.lang.String) took 316.927ms
10-04 11:09:40.456  1924  2047 W system_server: Long monitor contention with owner android.bg (1949) at void com.android.server.am.ActivityManagerService$5.handleMessage(android.os.Message)(ActivityManagerService.java:1992) waiters=3 in android.content.Intent com.android.server.am.ActivityManagerService.registerReceiver(android.app.IApplicationThread, java.lang.String, android.content.IIntentReceiver, android.content.IntentFilter, java.lang.String, int, int) for 738ms
10-04 11:09:40.546  2583  2583 I ndroid.keychai: The ClassLoaderContext is a special shared library.
10-04 11:09:40.787  2060  2060 D SystemUIBootTiming: StartServicescom.android.systemui.power.PowerUI took to complete: 373ms
10-04 11:09:40.812  2060  2060 D SystemUIBootTiming: StartServicescom.android.systemui.media.RingtonePlayer took to complete: 26ms
10-04 11:09:40.884  2060  2060 D SystemUIBootTiming: StartServicescom.android.systemui.keyboard.KeyboardUI took to complete: 71ms
10-04 11:09:40.926  1712  2386 W EmuHWC2 : No layers, exit, buffer 0x0
10-04 11:09:40.937  2284  2513 D HostConnection: HostConnection::get() New Host Connection established 0x768e2b04b1c0, tid 2513
10-04 11:09:40.945  2284  2513 D HostConnection: HostComposition ext ANDROID_EMU_CHECKSUM_HELPER_v1 ANDROID_EMU_native_sync_v2 ANDROID_EMU_dma_v1 ANDROID_EMU_direct_mem ANDROID_EMU_host_composition_v1 ANDROID_EMU_host_composition_v2 ANDROID_EMU_sync_buffer_data ANDROID_EMU_hwc_color_transform GL_OES_EGL_image_external_essl3 GL_OES_vertex_array_object GL_KHR_texture_compression_astc_ldr ANDROID_EMU_host_side_tracing ANDROID_EMU_gles_max_version_3_0 
10-04 11:09:40.972  2284  2513 D EGL_emulation: eglCreateContext: 0x768e2b04b440: maj 3 min 0 rcv 3
10-04 11:09:40.975  2284  2513 D EGL_emulation: eglMakeCurrent: 0x768e2b04b440: ver 3 0 (tinfo 0x768e2b018ba0)
10-04 11:09:41.018  1924  1945 W system_server: Long monitor contention with owner Binder:1924_3 (1996) at int com.android.server.wm.WindowManagerService.relayoutWindow(com.android.server.wm.Session, android.view.IWindow, int, android.view.WindowManager$LayoutParams, int, int, int, int, long, android.graphics.Rect, android.graphics.Rect, android.graphics.Rect, android.graphics.Rect, android.graphics.Rect, android.graphics.Rect, android.graphics.Rect, android.view.DisplayCutout$ParcelableWrapper, android.util.MergedConfiguration, android.view.SurfaceControl, android.view.InsetsState)(WindowManagerService.java:1982) waiters=1 in void com.android.server.wm.InputMonitor$1.run() for 117ms
10-04 11:09:41.043  1712  2386 W EmuHWC2 : No layers, exit, buffer 0x0
10-04 11:09:41.059  1712  1760 W EmuHWC2 : No layers, exit, buffer 0x0
10-04 11:09:41.193  1712  1760 W EmuHWC2 : No layers, exit, buffer 0x0
10-04 11:09:41.212  1924  2455 I system_server: The ClassLoaderContext is a special shared library.
10-04 11:09:41.227  1712  1760 W EmuHWC2 : No layers, exit, buffer 0x0
10-04 11:09:41.249  1924  1944 W system_server: Long monitor contention with owner backup (2047) at android.content.Intent com.android.server.am.ActivityManagerService.registerReceiver(android.app.IApplicationThread, java.lang.String, android.content.IIntentReceiver, android.content.IntentFilter, java.lang.String, int, int)(ActivityManagerService.java:14406) waiters=0 in void com.android.server.am.ActivityManagerService$LocalService.scheduleAppGcs() for 377ms
10-04 11:09:41.474  1710  1710 D gralloc_ranchu: gralloc_alloc: Creating ashmem region of size 1155072
10-04 11:09:41.487  1569  1569 I hwservicemanager: getTransport: Cannot find entry android.hardware.graphics.mapper@3.0::IMapper/default in either framework or device manifest.
10-04 11:09:41.488  2284  2513 W Gralloc3: mapper 3.x is not supported
10-04 11:09:41.504  2284  2513 D HostConnection: createUnique: call
10-04 11:09:41.505  2284  2513 D HostConnection: HostConnection::get() New Host Connection established 0x768e2b04b620, tid 2513
10-04 11:09:41.507  2284  2513 D HostConnection: HostComposition ext ANDROID_EMU_CHECKSUM_HELPER_v1 ANDROID_EMU_native_sync_v2 ANDROID_EMU_dma_v1 ANDROID_EMU_direct_mem ANDROID_EMU_host_composition_v1 ANDROID_EMU_host_composition_v2 ANDROID_EMU_sync_buffer_data ANDROID_EMU_hwc_color_transform GL_OES_EGL_image_external_essl3 GL_OES_vertex_array_object GL_KHR_texture_compression_astc_ldr ANDROID_EMU_host_side_tracing ANDROID_EMU_gles_max_version_3_0 
10-04 11:09:41.509  2284  2513 D eglCodecCommon: allocate: Ask for block of size 0x1000
10-04 11:09:41.509  2284  2513 D eglCodecCommon: allocate: ioctl allocate returned offset 0x3ffff6000 size 0x2000
10-04 11:09:41.549  1710  1710 D gralloc_ranchu: gralloc_alloc: Creating ashmem region of size 1155072
10-04 11:09:41.552  1710  1764 D gralloc_ranchu: gralloc_alloc: Creating ashmem region of size 1155072
10-04 11:09:41.557  2284  2513 D EGL_emulation: eglMakeCurrent: 0x768e2b04b440: ver 3 0 (tinfo 0x768e2b018ba0)
10-04 11:09:41.629  1734  2334 D HostConnection: HostConnection::get() New Host Connection established 0x7324eb0c4580, tid 2334
10-04 11:09:41.633  1734  2334 D HostConnection: HostComposition ext ANDROID_EMU_CHECKSUM_HELPER_v1 ANDROID_EMU_native_sync_v2 ANDROID_EMU_dma_v1 ANDROID_EMU_direct_mem ANDROID_EMU_host_composition_v1 ANDROID_EMU_host_composition_v2 ANDROID_EMU_sync_buffer_data ANDROID_EMU_hwc_color_transform GL_OES_EGL_image_external_essl3 GL_OES_vertex_array_object GL_KHR_texture_compression_astc_ldr ANDROID_EMU_host_side_tracing ANDROID_EMU_gles_max_version_3_0 
10-04 11:09:41.643  1712  1760 W EmuHWC2 : No layers, exit, buffer 0x0
10-04 11:09:41.663  2060  2060 D SystemUIBootTiming: StartServicescom.android.systemui.pip.PipUI took to complete: 778ms
10-04 11:09:41.670  2284  2513 I OpenGLRenderer: Davey! duration=2293ms; Flags=1, IntendedVsync=178944901493, Vsync=179878234789, OldestInputEvent=9223372036854775807, NewestInputEvent=0, HandleInputStart=179883936439, AnimationStart=179884078527, PerformTraversalsStart=179884652773, DrawStart=181091335940, SyncQueued=181127081079, SyncStart=181129596316, IssueDrawCommandsStart=181138959920, SwapBuffers=181143372587, FrameCompleted=181240868457, DequeueBufferDuration=514000, QueueBufferDuration=9882000, 
10-04 11:09:41.693  1712  1760 W EmuHWC2 : No layers, exit, buffer 0x0
10-04 11:09:41.849  2060  2060 D SystemUIBootTiming: StartServicescom.android.systemui.shortcut.ShortcutKeyDispatcher took to complete: 186ms
10-04 11:09:41.849  2060  2060 D SystemUIBootTiming: StartServicescom.android.systemui.VendorServices took to complete: 0ms
10-04 11:09:41.858  1687  1687 D Zygote  : Forked child process 2612
10-04 11:09:41.881  2256  2256 D QueuedWork: waited: [<1: 0, <2: 0, <4: 0, <8: 0, <16: 0, <32: 0, <64: 0, <128: 0, <256: 0, <512: 0, <1024: 1, <2048: 0, <4096: 0, <8192: 0, <16384: 0, >=16384: 0]
10-04 11:09:41.914  2284  2532 D LoaderTask: loadWorkspace: loading default favorites
10-04 11:09:41.917  2060  2060 D SystemUIBootTiming: StartServicescom.android.systemui.util.leak.GarbageMonitor$Service took to complete: 49ms
10-04 11:09:41.930  1924  1951 W ActivityManager: Slow operation: 1139ms so far, now at startProcess: returned from zygote!
10-04 11:09:41.987  1924  2601 W system_server: Long monitor contention with owner backup (2047) at java.lang.String com.android.server.am.ActivityManagerService.checkContentProviderAccess(java.lang.String, int)(ActivityManagerService.java:6492) waiters=0 in void com.android.server.am.ActivityManagerService.publishContentProviders(android.app.IApplicationThread, java.util.List) for 568ms
10-04 11:09:41.988  1924  2467 W system_server: Long monitor contention with owner backup (2047) at java.lang.String com.android.server.am.ActivityManagerService.checkContentProviderAccess(java.lang.String, int)(ActivityManagerService.java:6492) waiters=1 in android.content.Intent com.android.server.am.ActivityManagerService.registerReceiver(android.app.IApplicationThread, java.lang.String, android.content.IIntentReceiver, android.content.IntentFilter, java.lang.String, int, int) for 568ms
10-04 11:09:41.990  1924  1996 W system_server: Long monitor contention with owner backup (2047) at java.lang.String com.android.server.am.ActivityManagerService.checkContentProviderAccess(java.lang.String, int)(ActivityManagerService.java:6492) waiters=2 in void com.android.server.am.ActivityManagerService.serviceDoneExecuting(android.os.IBinder, int, int, int) for 331ms
10-04 11:09:41.991  1924  2367 W system_server: Long monitor contention with owner backup (2047) at java.lang.String com.android.server.am.ActivityManagerService.checkContentProviderAccess(java.lang.String, int)(ActivityManagerService.java:6492) waiters=3 in void com.android.server.am.ActivityManagerService.publishService(android.os.IBinder, android.content.Intent, android.os.IBinder) for 331ms
10-04 11:09:41.995  1924  1939 W system_server: Long monitor contention with owner backup (2047) at java.lang.String com.android.server.am.ActivityManagerService.checkContentProviderAccess(java.lang.String, int)(ActivityManagerService.java:6492) waiters=4 in java.lang.String com.android.server.am.ActivityManagerService.checkContentProviderAccess(java.lang.String, int) for 283ms
10-04 11:09:42.017  2284  2284 I Choreographer: Skipped 101 frames!  The application may be doing too much work on its main thread.
10-04 11:09:42.035  2284  2513 I OpenGLRenderer: Davey! duration=1709ms; Flags=0, IntendedVsync=179894903118, Vsync=181578236384, OldestInputEvent=9223372036854775807, NewestInputEvent=0, HandleInputStart=181588748439, AnimationStart=181588754329, PerformTraversalsStart=181590520958, DrawStart=181590945181, SyncQueued=181591193273, SyncStart=181592798339, IssueDrawCommandsStart=181594683695, SwapBuffers=181596253636, FrameCompleted=181606244448, DequeueBufferDuration=612000, QueueBufferDuration=6747000, 
10-04 11:09:42.081  1924  1941 W Looper  : Slow dispatch took 330ms android.fg h=android.os.Handler c=com.android.server.Watchdog$HandlerChecker@903ee76 m=0
10-04 11:09:42.243  2256  2256 I Choreographer: Skipped 80 frames!  The application may be doing too much work on its main thread.
10-04 11:09:42.264  1924  1951 W system_server: Long monitor contention with owner backup (2047) at java.lang.String com.android.server.am.ActivityManagerService.checkContentProviderAccess(java.lang.String, int)(ActivityManagerService.java:6492) waiters=10 in void com.android.server.am.ProcessList.lambda$startProcessLocked$0$ProcessList(com.android.server.am.ProcessRecord, java.lang.String, int[], int, int, java.lang.String, java.lang.String, java.lang.String, long) for 334ms
10-04 11:09:42.265  1924  1951 W ActivityManager: Slow operation: 1475ms so far, now at startProcess: done updating battery stats
10-04 11:09:42.266  1924  1951 W ActivityManager: Slow operation: 1475ms so far, now at startProcess: building log message
10-04 11:09:42.266  1924  1951 I ActivityManager: Start proc 2612:com.android.smspush/u0a80 for service {com.android.smspush/com.android.smspush.WapPushManager}
10-04 11:09:42.266  1924  1951 W ActivityManager: Slow operation: 1475ms so far, now at startProcess: starting to update pids map
10-04 11:09:42.296  2612  2612 W android.smspus: Unexpected CPU variant for X86 using defaults: x86_64
10-04 11:09:42.321  1924  1951 W ActivityManager: Slow operation: 1530ms so far, now at startProcess: done updating pids map
10-04 11:09:42.321  1924  2365 W system_server: Long monitor contention with owner backup (2047) at java.lang.String com.android.server.am.ActivityManagerService.checkContentProviderAccess(java.lang.String, int)(ActivityManagerService.java:6492) waiters=11 in android.content.Intent com.android.server.am.ActivityManagerService.registerReceiver(android.app.IApplicationThread, java.lang.String, android.content.IIntentReceiver, android.content.IntentFilter, java.lang.String, int, int) for 381ms
10-04 11:09:42.327  1924  2467 W system_server: Long monitor contention with owner Binder:1924_8 (2367) at void com.android.server.am.ActivityManagerService.publishService(android.os.IBinder, android.content.Intent, android.os.IBinder)(ActivityManagerService.java:14091) waiters=8 in android.content.Intent com.android.server.am.ActivityManagerService.registerReceiver(android.app.IApplicationThread, java.lang.String, android.content.IIntentReceiver, android.content.IntentFilter, java.lang.String, int, int) for 332ms
10-04 11:09:42.395  2583  2595 I ndroid.keychai: Background young concurrent copying GC freed 15928(1596KB) AllocSpace objects, 0(0B) LOS objects, 86% free, 970KB/7114KB, paused 132us total 721.916ms
10-04 11:09:42.529  1924  2455 I system_server: The ClassLoaderContext is a special shared library.
10-04 11:09:42.673  1924  2601 W system_server: Long monitor contention with owner backup (2047) at android.content.pm.ParceledListSlice com.android.server.pm.PackageManagerService.getInstalledPackages(int, int)(PackageManagerService.java:8526) waiters=0 in boolean com.android.server.pm.PackageManagerService$PackageManagerInternalImpl.isPermissionsReviewRequired(java.lang.String, int) for 342ms
10-04 11:09:42.676  1924  1940 W system_server: Long monitor contention with owner backup (2047) at android.content.pm.ParceledListSlice com.android.server.pm.PackageManagerService.getInstalledPackages(int, int)(PackageManagerService.java:8526) waiters=1 in android.content.pm.ProviderInfo com.android.server.pm.ComponentResolver.queryProvider(java.lang.String, int, int) for 285ms
10-04 11:09:42.692  1924  2367 W system_server: Long monitor contention with owner android.bg (1949) at void com.android.server.am.ActivityManagerService$5.handleMessage(android.os.Message)(ActivityManagerService.java:1992) waiters=4 in com.android.server.am.ProcessRecord com.android.server.am.ActivityManagerService.findAppProcess(android.os.IBinder, java.lang.String) for 470ms
10-04 11:09:42.703  1924  1944 W system_server: Long monitor contention with owner android.bg (1949) at void com.android.server.am.ActivityManagerService$5.handleMessage(android.os.Message)(ActivityManagerService.java:1992) waiters=5 in void com.android.server.am.ActivityManagerService$LocalService.updateActivityUsageStats(android.content.ComponentName, int, int, android.os.IBinder, android.content.ComponentName) for 452ms
10-04 11:09:42.705  1924  1949 W system_server: Long monitor contention with owner ActivityManager:procStart (1951) at void com.android.server.am.ProcessList.lambda$startProcessLocked$0$ProcessList(com.android.server.am.ProcessRecord, java.lang.String, int[], int, int, java.lang.String, java.lang.String, java.lang.String, long)(ProcessList.java:1671) waiters=5 in void com.android.server.am.ActivityManagerService$5.handleMessage(android.os.Message) for 396ms
10-04 11:09:42.707  1924  1943 I DropBoxManagerService: add tag=system_app_strictmode isTagEnabled=true flags=0x2
10-04 11:09:42.709  1924  2365 W system_server: Long monitor contention with owner Binder:1924_C (2467) at android.content.Intent com.android.server.am.ActivityManagerService.registerReceiver(android.app.IApplicationThread, java.lang.String, android.content.IIntentReceiver, android.content.IntentFilter, java.lang.String, int, int)(ActivityManagerService.java:14490) waiters=4 in android.content.Intent com.android.server.am.ActivityManagerService.registerReceiver(android.app.IApplicationThread, java.lang.String, android.content.IIntentReceiver, android.content.IntentFilter, java.lang.String, int, int) for 381ms
10-04 11:09:42.750  2615  2615 I migrate_legacy_obb_data: No support for 'unshared_obb'. Not migrating
10-04 11:09:42.784  1924  1924 W Looper  : Slow dispatch took 106ms main h=android.os.Handler c=android.app.-$$Lambda$LoadedApk$ReceiverDispatcher$Args$_BumDX2UKsnxLVrE6UJsJZkotuA@16fc18e m=0
10-04 11:09:42.794  2060  2060 D SystemUIBootTiming: StartServicescom.android.systemui.LatencyTester took to complete: 876ms
10-04 11:09:42.800  1924  1943 I DropBoxManagerService: add tag=system_app_strictmode isTagEnabled=true flags=0x2
10-04 11:09:42.829  2284  2284 I Choreographer: Skipped 38 frames!  The application may be doing too much work on its main thread.
10-04 11:09:42.881  1924  1949 E memtrack: Couldn't load memtrack module
10-04 11:09:42.882  1924  1949 W android.os.Debug: failed to get memory consumption info: -1
10-04 11:09:42.908  1924  1943 I chatty  : uid=1000(system) android.io identical 2 lines
10-04 11:09:42.931  1924  1943 I DropBoxManagerService: add tag=system_app_strictmode isTagEnabled=true flags=0x2
10-04 11:09:42.949  2060  2060 D SystemUIBootTiming: StartServicescom.android.systemui.globalactions.GlobalActionsComponent took to complete: 156ms
10-04 11:09:42.972  2060  2060 D SystemUIBootTiming: StartServicescom.android.systemui.ScreenDecorations took to complete: 22ms
10-04 11:09:42.975  2060  2060 D SystemUIBootTiming: StartServicescom.android.systemui.biometrics.BiometricDialogImpl took to complete: 4ms
10-04 11:09:42.985  2060  2060 D SystemUIBootTiming: StartServicescom.android.systemui.SliceBroadcastRelayHandler took to complete: 9ms
10-04 11:09:42.986  2060  2060 D SystemUIBootTiming: StartServicescom.android.systemui.SizeCompatModeActivityController took to complete: 2ms
10-04 11:09:43.055  2612  2612 I android.smspus: The ClassLoaderContext is a special shared library.
10-04 11:09:43.061  2060  2060 D SystemUIBootTiming: StartServicescom.android.systemui.statusbar.notification.InstantAppNotifier took to complete: 74ms
10-04 11:09:43.092  2284  2513 I OpenGLRenderer: Davey! duration=901ms; Flags=0, IntendedVsync=181761599396, Vsync=182394932704, OldestInputEvent=9223372036854775807, NewestInputEvent=0, HandleInputStart=182400782202, AnimationStart=182400840572, PerformTraversalsStart=182403340608, DrawStart=182404277595, SyncQueued=182635797636, SyncStart=182637029829, IssueDrawCommandsStart=182637323696, SwapBuffers=182639302908, FrameCompleted=182663966183, DequeueBufferDuration=628000, QueueBufferDuration=23178000, 
10-04 11:09:43.101  2284  2303 I droid.launcher: NativeAlloc concurrent copying GC freed 26489(2269KB) AllocSpace objects, 7(140KB) LOS objects, 49% free, 2414KB/4828KB, paused 153us total 1.572s
10-04 11:09:43.207  2060  2060 D SystemUIBootTiming: StartServicescom.android.systemui.theme.ThemeOverlayController took to complete: 146ms
10-04 11:09:43.234  2060  2060 D InterruptionStateProvider: heads up is enabled
10-04 11:09:43.385  1924  2455 I system_server: The ClassLoaderContext is a special shared library.
10-04 11:09:43.475  2060  2060 D StatusBar: disable<e i a s b h r c s > disable2<q i n >
10-04 11:09:43.475  2060  2060 D SystemUIBootTiming: StartServices took to complete: 98450ms
10-04 11:09:43.500  1924  1949 W system_server: Long monitor contention with owner Binder:1924_A (2396) at android.content.Intent com.android.server.am.ActivityManagerService.registerReceiver(android.app.IApplicationThread, java.lang.String, android.content.IIntentReceiver, android.content.IntentFilter, java.lang.String, int, int)(ActivityManagerService.java:14406) waiters=0 in void com.android.server.am.ActivityManagerService$5.handleMessage(android.os.Message) for 613ms
10-04 11:09:43.531  1569  1569 I hwservicemanager: getTransport: Cannot find entry android.hardware.graphics.allocator@3.0::IAllocator/default in either framework or device manifest.
10-04 11:09:43.536  2284  2532 W Gralloc3: allocator 3.x is not supported
10-04 11:09:43.554  1924  2214 E memtrack: Couldn't load memtrack module
10-04 11:09:43.554  1924  2214 W android.os.Debug: failed to get memory consumption info: -1
10-04 11:09:43.560  1710  1710 D gralloc_ranchu: gralloc_alloc: Creating ashmem region of size 16384
10-04 11:09:43.589  2284  2643 D HostConnection: HostConnection::get() New Host Connection established 0x768e2b04d240, tid 2643
10-04 11:09:43.594  2284  2643 D HostConnection: HostComposition ext ANDROID_EMU_CHECKSUM_HELPER_v1 ANDROID_EMU_native_sync_v2 ANDROID_EMU_dma_v1 ANDROID_EMU_direct_mem ANDROID_EMU_host_composition_v1 ANDROID_EMU_host_composition_v2 ANDROID_EMU_sync_buffer_data ANDROID_EMU_hwc_color_transform GL_OES_EGL_image_external_essl3 GL_OES_vertex_array_object GL_KHR_texture_compression_astc_ldr ANDROID_EMU_host_side_tracing ANDROID_EMU_gles_max_version_3_0 
10-04 11:09:43.596  2284  2643 D EGL_emulation: eglCreateContext: 0x768e2b04d2e0: maj 3 min 0 rcv 3
10-04 11:09:43.597  2284  2643 D EGL_emulation: eglMakeCurrent: 0x768e2b04d2e0: ver 3 0 (tinfo 0x768e293e8280)
10-04 11:09:43.622  2060  2060 W OverviewProxyService: Binder supposed established connection but actual connection to service timed out, trying again
10-04 11:09:43.629  2060  2060 W OverviewProxyService: Failed to connect on attempt 1 will try again in 1000ms
10-04 11:09:43.673  1924  1949 E memtrack: Couldn't load memtrack module
10-04 11:09:43.673  1924  1949 W android.os.Debug: failed to get memory consumption info: -1
10-04 11:09:43.695  2284  2532 D HostConnection: HostConnection::get() New Host Connection established 0x768ebabb4a20, tid 2532
10-04 11:09:43.701  2284  2532 D HostConnection: HostComposition ext ANDROID_EMU_CHECKSUM_HELPER_v1 ANDROID_EMU_native_sync_v2 ANDROID_EMU_dma_v1 ANDROID_EMU_direct_mem ANDROID_EMU_host_composition_v1 ANDROID_EMU_host_composition_v2 ANDROID_EMU_sync_buffer_data ANDROID_EMU_hwc_color_transform GL_OES_EGL_image_external_essl3 GL_OES_vertex_array_object GL_KHR_texture_compression_astc_ldr ANDROID_EMU_host_side_tracing ANDROID_EMU_gles_max_version_3_0 
10-04 11:09:43.749  1924  2047 V BackupManagerService: No ancestral data
10-04 11:09:43.896  2060  2060 I Choreographer: Skipped 5284 frames!  The application may be doing too much work on its main thread.
10-04 11:09:44.155  2060  2371 D libEGL  : Emulator has host GPU support, qemu.gles is set to 1.
10-04 11:09:44.162  2060  2371 W libc    : Unable to set property "qemu.gles" to "1": error code: 0x18
10-04 11:09:44.214  1924  2455 I system_server: The ClassLoaderContext is a special shared library.
10-04 11:09:44.234  2060  2371 D libEGL  : loaded /vendor/lib64/egl/libEGL_emulation.so
10-04 11:09:44.270  2060  2371 D libEGL  : loaded /vendor/lib64/egl/libGLESv1_CM_emulation.so
10-04 11:09:44.305  2060  2371 D libEGL  : loaded /vendor/lib64/egl/libGLESv2_emulation.so
10-04 11:09:44.323  1924  1949 E memtrack: Couldn't load memtrack module
10-04 11:09:44.323  1924  1949 W android.os.Debug: failed to get memory consumption info: -1
10-04 11:09:44.440  1710  1710 D gralloc_ranchu: gralloc_alloc: Creating ashmem region of size 16384
10-04 11:09:44.461  1924  2526 V BackupManagerConstants: getKeyValueBackupIntervalMilliseconds(...) returns 14400000
10-04 11:09:44.461  1924  2526 V BackupManagerConstants: getKeyValueBackupFuzzMilliseconds(...) returns 600000
10-04 11:09:44.461  1924  2526 V BackupManagerConstants: getKeyValueBackupRequiredNetworkType(...) returns 1
10-04 11:09:44.461  1924  2526 V BackupManagerConstants: getKeyValueBackupRequireCharging(...) returns true
10-04 11:09:44.461  1924  2526 V KeyValueBackupJob: Scheduling k/v pass in 243 minutes
10-04 11:09:44.532  2612  2631 I android.smspus: Background young concurrent copying GC freed 15984(1662KB) AllocSpace objects, 0(0B) LOS objects, 86% free, 967KB/7111KB, paused 119us total 240.166ms
10-04 11:09:44.577  2060  2371 D HostConnection: HostConnection::get() New Host Connection established 0x768ddef69b00, tid 2371
10-04 11:09:44.596  2060  2371 D HostConnection: HostComposition ext ANDROID_EMU_CHECKSUM_HELPER_v1 ANDROID_EMU_native_sync_v2 ANDROID_EMU_dma_v1 ANDROID_EMU_direct_mem ANDROID_EMU_host_composition_v1 ANDROID_EMU_host_composition_v2 ANDROID_EMU_sync_buffer_data ANDROID_EMU_hwc_color_transform GL_OES_EGL_image_external_essl3 GL_OES_vertex_array_object GL_KHR_texture_compression_astc_ldr ANDROID_EMU_host_side_tracing ANDROID_EMU_gles_max_version_3_0 
10-04 11:09:44.625  1924  2455 I system_server: The ClassLoaderContext is a special shared library.
10-04 11:09:44.631  2060  2371 D EGL_emulation: eglCreateContext: 0x768ddef69c40: maj 3 min 0 rcv 3
10-04 11:09:44.635  2060  2371 D EGL_emulation: eglMakeCurrent: 0x768ddef69c40: ver 3 0 (tinfo 0x768ddefd58a0)
10-04 11:09:44.709  1710  1710 D gralloc_ranchu: gralloc_alloc: Creating ashmem region of size 69632
10-04 11:09:44.715  1569  1569 I hwservicemanager: getTransport: Cannot find entry android.hardware.graphics.mapper@3.0::IMapper/default in either framework or device manifest.
10-04 11:09:44.717  2060  2371 W Gralloc3: mapper 3.x is not supported
10-04 11:09:44.727  2060  2371 D HostConnection: createUnique: call
10-04 11:09:44.728  2060  2371 D HostConnection: HostConnection::get() New Host Connection established 0x768e294d6060, tid 2371
10-04 11:09:44.729  2060  2371 D HostConnection: HostComposition ext ANDROID_EMU_CHECKSUM_HELPER_v1 ANDROID_EMU_native_sync_v2 ANDROID_EMU_dma_v1 ANDROID_EMU_direct_mem ANDROID_EMU_host_composition_v1 ANDROID_EMU_host_composition_v2 ANDROID_EMU_sync_buffer_data ANDROID_EMU_hwc_color_transform GL_OES_EGL_image_external_essl3 GL_OES_vertex_array_object GL_KHR_texture_compression_astc_ldr ANDROID_EMU_host_side_tracing ANDROID_EMU_gles_max_version_3_0 
10-04 11:09:44.730  2060  2371 D eglCodecCommon: allocate: Ask for block of size 0x1000
10-04 11:09:44.730  2060  2371 D eglCodecCommon: allocate: ioctl allocate returned offset 0x3ffff4000 size 0x2000
10-04 11:09:44.751  1924  1941 W Looper  : Slow dispatch took 338ms android.fg h=android.os.Handler c=<recycled PooledLambda@f34373c> m=0
10-04 11:09:44.755  1924  1941 W Looper  : Slow delivery took 500ms android.fg h=android.os.Handler c=<recycled PooledLambda@677fcc5> m=0
10-04 11:09:44.769  1710  1710 D gralloc_ranchu: gralloc_alloc: Creating ashmem region of size 69632
10-04 11:09:44.771  1710  1710 D gralloc_ranchu: gralloc_alloc: Creating ashmem region of size 69632
10-04 11:09:44.777  2060  2371 D EGL_emulation: eglMakeCurrent: 0x768ddef69c40: ver 3 0 (tinfo 0x768ddefd58a0)
10-04 11:09:44.781  1924  2455 I system_server: The ClassLoaderContext is a special shared library.
10-04 11:09:44.798  1710  1710 D gralloc_ranchu: gralloc_alloc: Creating ashmem region of size 16384
10-04 11:09:44.879  2060  2371 I OpenGLRenderer: Davey! duration=89051ms; Flags=1, IntendedVsync=95394994195, Vsync=183461657339, OldestInputEvent=9223372036854775807, NewestInputEvent=0, HandleInputStart=183468191771, AnimationStart=183468379844, PerformTraversalsStart=183471231495, DrawStart=184345634167, SyncQueued=184346016253, SyncStart=184349405537, IssueDrawCommandsStart=184354152858, SwapBuffers=184356111124, FrameCompleted=184449812656, DequeueBufferDuration=705000, QueueBufferDuration=1775000, 
10-04 11:09:44.883  1924  1941 W Looper  : Slow dispatch took 128ms android.fg h=android.os.Handler c=<recycled PooledLambda@7cb454b> m=0
10-04 11:09:44.902  1924  2455 I system_server: The ClassLoaderContext is a special shared library.
10-04 11:09:44.921  1710  1710 D gralloc_ranchu: gralloc_alloc: Creating ashmem region of size 16384
10-04 11:09:44.918  2060  2060 D KeyguardClockSwitch: Updating clock: 1109
10-04 11:09:44.990  1710  1710 D gralloc_ranchu: gralloc_alloc: Creating ashmem region of size 16384
10-04 11:09:45.011  1924  2455 I system_server: The ClassLoaderContext is a special shared library.
10-04 11:09:45.036  2474  2474 W SystemConfig: No directory /product/etc/sysconfig, skipping
10-04 11:09:45.151  2284  2284 E libprocessgroup: set_timerslack_ns write failed: Operation not permitted
10-04 11:09:45.179  1924  1941 W Looper  : Slow dispatch took 122ms android.fg h=com.android.server.DropBoxManagerService$DropBoxManagerBroadcastHandler c=null m=2
10-04 11:09:45.186  1924  2455 I system_server: The ClassLoaderContext is a special shared library.
10-04 11:09:45.409  1924  1949 E memtrack: Couldn't load memtrack module
10-04 11:09:45.409  1924  1949 W android.os.Debug: failed to get memory consumption info: -1
10-04 11:09:45.558  2474  2474 W SystemConfig: No directory /product_services/etc/sysconfig, skipping
10-04 11:09:45.589  2474  2474 W SystemConfig: No directory /product_services/etc/permissions, skipping
10-04 11:09:45.609  1924  1941 W Looper  : Drained
10-04 11:09:45.820  2284  2284 I Choreographer: Skipped 30 frames!  The application may be doing too much work on its main thread.
10-04 11:09:45.867  2284  2284 E libprocessgroup: set_timerslack_ns write failed: Operation not permitted
10-04 11:09:46.063  1924  2049 W ActivityManager: Slow operation: 576ms so far, now at getContentProviderImpl: incProviderCountLocked
10-04 11:09:46.063  1924  2049 W ActivityManager: Slow operation: 576ms so far, now at getContentProviderImpl: before updateLruProcess
10-04 11:09:46.063  1924  2049 W ActivityManager: Slow operation: 577ms so far, now at getContentProviderImpl: after updateLruProcess
10-04 11:09:46.063  1924  2049 W ActivityManager: Slow operation: 577ms so far, now at getContentProviderImpl: before updateOomAdj
10-04 11:09:46.087  1924  2049 W ActivityManager: Slow operation: 599ms so far, now at getContentProviderImpl: after updateOomAdj
10-04 11:09:46.087  1924  2049 W ActivityManager: Slow operation: 601ms so far, now at getContentProviderImpl: done!
10-04 11:09:46.130  2474  2474 D PhoneSwitcherNetworkRequstListener: Registering NetworkFactory
10-04 11:09:46.193  2060  2077 I ndroid.systemu: NativeAlloc concurrent copying GC freed 7869(910KB) AllocSpace objects, 0(0B) LOS objects, 49% free, 3147KB/6294KB, paused 116us total 795.688ms
10-04 11:09:46.227  1924  2033 D ConnectivityService: Got NetworkFactory Messenger for PhoneSwitcherNetworkRequstListener
10-04 11:09:46.265  1924  2526 W system_server: Long monitor contention with owner backup (2047) at void com.android.server.backup.UserBackupManagerService.initPackageTracking()(UserBackupManagerService.java:865) waiters=0 in void com.android.server.backup.UserBackupManagerService.dataChangedImpl(java.lang.String, java.util.HashSet) for 891ms
10-04 11:09:46.590  1924  2033 D ConnectivityService: Got NetworkFactory Messenger for TelephonyNetworkFactory[0]
10-04 11:09:46.769  1924  2455 I system_server: The ClassLoaderContext is a special shared library.
10-04 11:09:46.919  2474  2474 D CarrierConfigLoader: CarrierConfigLoader has started
10-04 11:09:46.921  2474  2474 E BluetoothAdapter: Bluetooth binder is null
10-04 11:09:47.095  2474  2474 D TelephonyDebugService: TelephonyDebugService()
10-04 11:09:47.177  1569  1569 I hwservicemanager: getTransport: Cannot find entry android.hardware.radio.config@1.1::IRadioConfig/default in either framework or device manifest.
10-04 11:09:47.180  1569  1569 I hwservicemanager: getTransport: Cannot find entry android.hardware.radio.config@1.0::IRadioConfig/default in either framework or device manifest.
10-04 11:09:47.185  1924  2455 I system_server: The ClassLoaderContext is a special shared library.
10-04 11:09:47.305  1687  1687 D Zygote  : Forked child process 2658
10-04 11:09:47.331  1924  1951 W ActivityManager: Slow operation: 461ms so far, now at startProcess: returned from zygote!
10-04 11:09:47.373  1924  1949 W Looper  : Slow dispatch took 22075ms android.bg h=com.android.server.am.ActivityManagerService$5 c=null m=1
10-04 11:09:47.391  1924  1951 W ActivityManager: Slow operation: 520ms so far, now at startProcess: done updating battery stats
10-04 11:09:47.391  1924  1951 W ActivityManager: Slow operation: 520ms so far, now at startProcess: building log message
10-04 11:09:47.391  1924  1951 I ActivityManager: Start proc 2658:android.process.acore/u0a51 for content provider {com.android.providers.contacts/com.android.providers.contacts.ContactsProvider2}
10-04 11:09:47.391  1924  1951 W ActivityManager: Slow operation: 521ms so far, now at startProcess: starting to update pids map
10-04 11:09:47.392  1924  1951 W ActivityManager: Slow operation: 521ms so far, now at startProcess: done updating pids map
10-04 11:09:47.422  2658  2658 W d.process.acor: Unexpected CPU variant for X86 using defaults: x86_64
10-04 11:09:47.495  1924  2455 I system_server: The ClassLoaderContext is a special shared library.
10-04 11:09:47.616  1924  2047 I BackupManagerService: Backup enabled => false
10-04 11:09:47.636  2284  2532 W droid.launcher: Core platform API violation: Ljava/nio/Buffer;->address:J from Landroid/graphics/Bitmap; using JNI
10-04 11:09:47.637  2284  2532 W droid.launcher: Core platform API violation: Ljava/nio/NIOAccess;->getBaseArrayOffset(Ljava/nio/Buffer;)I from Landroid/graphics/Bitmap; using JNI
10-04 11:09:47.638  2284  2532 W droid.launcher: Core platform API violation: Ljava/nio/NIOAccess;->getBaseArray(Ljava/nio/Buffer;)Ljava/lang/Object; from Landroid/graphics/Bitmap; using JNI
10-04 11:09:47.659  1924  2396 I DefaultPermGrantPolicy: Revoking permissions from disabled data services for user:0
10-04 11:09:47.665  1924  2396 I DefaultPermGrantPolicy: Granting permissions to enabled data services for user:0
10-04 11:09:47.892  1924  2467 W ActivityManager: Slow operation: 51ms so far, now at attachApplicationLocked: after mServices.attachApplicationLocked
10-04 11:09:47.896  1924  2455 I system_server: The ClassLoaderContext is a special shared library.
10-04 11:09:47.912  1924  2467 W ActivityManager: Slow operation: 71ms so far, now at attachApplicationLocked: after updateOomAdjLocked
10-04 11:09:47.975  1924  2455 I system_server: The ClassLoaderContext is a special shared library.
10-04 11:09:48.065  2658  2658 I d.process.acor: The ClassLoaderContext is a special shared library.
10-04 11:09:48.074  1924  2455 I system_server: The ClassLoaderContext is a special shared library.
10-04 11:09:48.161  1924  2456 D HostConnection: HostConnection::get() New Host Connection established 0x768dd5e99f20, tid 2456
10-04 11:09:48.163  1924  2456 D HostConnection: HostComposition ext ANDROID_EMU_CHECKSUM_HELPER_v1 ANDROID_EMU_native_sync_v2 ANDROID_EMU_dma_v1 ANDROID_EMU_direct_mem ANDROID_EMU_host_composition_v1 ANDROID_EMU_host_composition_v2 ANDROID_EMU_sync_buffer_data ANDROID_EMU_hwc_color_transform GL_OES_EGL_image_external_essl3 GL_OES_vertex_array_object GL_KHR_texture_compression_astc_ldr ANDROID_EMU_host_side_tracing ANDROID_EMU_gles_max_version_3_0 
10-04 11:09:48.201  1924  2455 I system_server: The ClassLoaderContext is a special shared library.
10-04 11:09:48.297  1924  2455 I system_server: The ClassLoaderContext is a special shared library.
10-04 11:09:48.364  2658  2658 I d.process.acor: The ClassLoaderContext is a special shared library.
10-04 11:09:48.427  1924  2455 I system_server: The ClassLoaderContext is a special shared library.
10-04 11:09:48.454  1924  2455 I system_server: The ClassLoaderContext is a special shared library.
10-04 11:09:48.602  1710  1710 D gralloc_ranchu: gralloc_alloc: Creating ashmem region of size 36864
10-04 11:09:48.615  1710  1710 I chatty  : uid=1000(system) allocator@2.0-s identical 1 line
10-04 11:09:48.617  1710  1710 D gralloc_ranchu: gralloc_alloc: Creating ashmem region of size 36864
10-04 11:09:48.730  1924  2047 W system_server: Long monitor contention with owner backup-0 (2526) at void com.android.server.backup.UserBackupManagerService.dataChangedImpl(java.lang.String, java.util.HashSet)(UserBackupManagerService.java:2273) waiters=0 in void com.android.server.backup.UserBackupManagerService.setBackupEnabled(boolean) for 403ms
10-04 11:09:48.735  1924  2455 I system_server: The ClassLoaderContext is a special shared library.
10-04 11:09:48.811  2658  2658 I d.process.acor: The ClassLoaderContext is a special shared library.
10-04 11:09:48.817  1569  1569 I hwservicemanager: getTransport: Cannot find entry android.hardware.radio.config@1.1::IRadioConfig/default in either framework or device manifest.
10-04 11:09:48.822  1569  1569 I hwservicemanager: getTransport: Cannot find entry android.hardware.radio.config@1.0::IRadioConfig/default in either framework or device manifest.
10-04 11:09:48.862  1924  2455 I system_server: The ClassLoaderContext is a special shared library.
10-04 11:09:48.866  1924  1939 D ConnectivityService: requestNetwork for uid/pid:1001/2474 NetworkRequest [ TRACK_DEFAULT id=17, [ Capabilities: INTERNET&NOT_RESTRICTED&TRUSTED Uid: 1001] ]
10-04 11:09:48.868  1924  2030 D WifiNetworkFactory: got request NetworkRequest [ TRACK_DEFAULT id=17, [ Capabilities: INTERNET&NOT_RESTRICTED&TRUSTED Uid: 1001] ] with score 0 and serial 0
10-04 11:09:48.869  1924  2030 D UntrustedWifiNetworkFactory: got request NetworkRequest [ TRACK_DEFAULT id=17, [ Capabilities: INTERNET&NOT_RESTRICTED&TRUSTED Uid: 1001] ] with score 0 and serial 0
10-04 11:09:48.879  1569  1569 I hwservicemanager: getTransport: Cannot find entry android.hardware.radio.config@1.1::IRadioConfig/default in either framework or device manifest.
10-04 11:09:48.887  1569  1569 I hwservicemanager: getTransport: Cannot find entry android.hardware.radio.config@1.0::IRadioConfig/default in either framework or device manifest.
10-04 11:09:48.907  2474  2474 D PhoneSwitcherNetworkRequstListener: got request NetworkRequest [ TRACK_DEFAULT id=12, [ Capabilities: INTERNET&NOT_RESTRICTED&TRUSTED Uid: 10102] ] with score 0 and serial -1
10-04 11:09:48.907  2474  2474 D PhoneSwitcherNetworkRequstListener: got request NetworkRequest [ REQUEST id=7, [ Capabilities: INTERNET&NOT_RESTRICTED&TRUSTED&NOT_VPN] ] with score 0 and serial -1
10-04 11:09:48.908  2474  2474 D PhoneSwitcherNetworkRequstListener: got request NetworkRequest [ REQUEST id=1, [ Capabilities: INTERNET&NOT_RESTRICTED&TRUSTED&NOT_VPN] ] with score 0 and serial -1
10-04 11:09:48.908  2474  2474 D PhoneSwitcherNetworkRequstListener: got request NetworkRequest [ TRACK_DEFAULT id=9, [ Capabilities: INTERNET&NOT_RESTRICTED&TRUSTED Uid: 1000] ] with score 0 and serial -1
10-04 11:09:48.908  2474  2474 D PhoneSwitcherNetworkRequstListener: got request NetworkRequest [ BACKGROUND_REQUEST id=2, [ Transports: CELLULAR Capabilities: INTERNET&NOT_RESTRICTED&TRUSTED&NOT_VPN] ] with score 0 and serial -1
10-04 11:09:48.952  2060  2060 D StatusBar: disable<e i a s b h r c s > disable2<q i n >
10-04 11:09:48.999  2474  2474 D CarrierConfigLoader: mHandler: 12 phoneId: 0
10-04 11:09:49.029  1924  2047 W system_server: Long monitor contention with owner backup-0 (2526) at void com.android.server.backup.UserBackupManagerService.dataChangedImpl(java.lang.String, java.util.HashSet)(UserBackupManagerService.java:2273) waiters=0 in void com.android.server.backup.UserBackupManagerService.setBackupEnabled(boolean) for 298ms
10-04 11:09:49.054  1924  2455 I system_server: The ClassLoaderContext is a special shared library.
10-04 11:09:49.066  2658  2658 I ContactsPerf: VoicemailContentProvider.onCreate start
10-04 11:09:49.078  2060  2371 D EGL_emulation: eglMakeCurrent: 0x768ddef69c40: ver 3 0 (tinfo 0x768ddefd58a0)
10-04 11:09:49.097  2060  2371 I OpenGLRenderer: Davey! duration=93269ms; Flags=1, IntendedVsync=95394994195, Vsync=183461657339, OldestInputEvent=9223372036854775807, NewestInputEvent=0, HandleInputStart=183468191771, AnimationStart=183468379844, PerformTraversalsStart=183471231495, DrawStart=188620143006, SyncQueued=188648143957, SyncStart=188650321372, IssueDrawCommandsStart=188657215661, SwapBuffers=188658298340, FrameCompleted=188667081278, DequeueBufferDuration=460000, QueueBufferDuration=5574000, 
10-04 11:09:49.406  1924  1944 W system_server: Long monitor contention with owner android.anim (1945) at void com.android.server.wm.WindowSurfacePlacer.lambda$new$0$WindowSurfacePlacer()(WindowSurfacePlacer.java:61) waiters=0 in void com.android.server.wm.WindowManagerService$H.handleMessage(android.os.Message) for 126ms
10-04 11:09:49.785  1924  2455 W system_server: Long monitor contention with owner backup (2047) at boolean com.android.server.am.ActivityManagerService.isAppBad(android.content.pm.ApplicationInfo)(ActivityManagerService.java:5706) waiters=0 in android.content.Intent com.android.server.am.ActivityManagerService.registerReceiver(android.app.IApplicationThread, java.lang.String, android.content.IIntentReceiver, android.content.IntentFilter, java.lang.String, int, int) for 661ms
10-04 11:09:49.792  2658  2658 I ContactsPerf: VoicemailContentProvider.onCreate finish
10-04 11:09:49.898  1924  2455 I system_server: The ClassLoaderContext is a special shared library.
10-04 11:09:49.982  1924  2456 D EGL_emulation: eglCreateContext: 0x768dd5e9a060: maj 3 min 0 rcv 3
10-04 11:09:50.041  2474  2474 D PhoneSwitcherNetworkRequstListener: got request NetworkRequest [ TRACK_DEFAULT id=17, [ Capabilities: INTERNET&NOT_RESTRICTED&TRUSTED Uid: 1001] ] with score 0 and serial 0
10-04 11:09:50.109  2658  2669 I d.process.acor: Background young concurrent copying GC freed 16560(1771KB) AllocSpace objects, 0(0B) LOS objects, 84% free, 1113KB/7257KB, paused 368us total 854.226ms
10-04 11:09:50.127  1924  2455 I system_server: The ClassLoaderContext is a special shared library.
10-04 11:09:50.164  1710  1710 D gralloc_ranchu: gralloc_alloc: Creating ashmem region of size 16384
10-04 11:09:50.183  2284  2643 D HostConnection: HostConnection::get() New Host Connection established 0x768e2b04d240, tid 2643
10-04 11:09:50.183  2284  2643 D HostConnection: HostComposition ext ANDROID_EMU_CHECKSUM_HELPER_v1 ANDROID_EMU_native_sync_v2 ANDROID_EMU_dma_v1 ANDROID_EMU_direct_mem ANDROID_EMU_host_composition_v1 ANDROID_EMU_host_composition_v2 ANDROID_EMU_sync_buffer_data ANDROID_EMU_hwc_color_transform GL_OES_EGL_image_external_essl3 GL_OES_vertex_array_object GL_KHR_texture_compression_astc_ldr ANDROID_EMU_host_side_tracing ANDROID_EMU_gles_max_version_3_0 
10-04 11:09:50.229  2284  2643 D EGL_emulation: eglCreateContext: 0x768e2b04d2e0: maj 3 min 0 rcv 3
10-04 11:09:50.299  1924  2526 W ActivityManager: Slow operation: 51ms so far, now at startProcess: done starting proc!
10-04 11:09:50.375  2284  2643 D EGL_emulation: eglMakeCurrent: 0x768e2b04d2e0: ver 3 0 (tinfo 0x768e293e8280)
10-04 11:09:50.429  1924  2467 D CountryDetector: The first listener is added
10-04 11:09:50.430  2658  2658 I ContactsDatabaseHelper: updateUseStrictPhoneNumberComparison: US
10-04 11:09:50.479  1710  1710 D gralloc_ranchu: gralloc_alloc: Creating ashmem region of size 16384
10-04 11:09:50.495  1924  2455 I system_server: The ClassLoaderContext is a special shared library.
10-04 11:09:50.500  2658  2658 D ActivityThread: Loading provider contacts;com.android.contacts: com.android.providers.contacts.ContactsProvider2
10-04 11:09:50.516  1710  1710 D gralloc_ranchu: gralloc_alloc: Creating ashmem region of size 16384
10-04 11:09:50.581  1710  1710 I chatty  : uid=1000(system) allocator@2.0-s identical 1 line
10-04 11:09:50.593  1710  1710 D gralloc_ranchu: gralloc_alloc: Creating ashmem region of size 16384
10-04 11:09:50.673  1924  2027 W BestClock: java.time.DateTimeException: Missing NTP fix
10-04 11:09:50.696  1924  2027 W BestClock: java.time.DateTimeException: Missing NTP fix
10-04 11:09:50.718  1710  1710 D gralloc_ranchu: gralloc_alloc: Creating ashmem region of size 16384
10-04 11:09:50.739  1924  2455 I system_server: The ClassLoaderContext is a special shared library.
10-04 11:09:50.762  1710  1710 D gralloc_ranchu: gralloc_alloc: Creating ashmem region of size 16384
10-04 11:09:50.822  2474  2474 I TelecomFramework: : onSubscriptionsChanged - update accounts
10-04 11:09:50.822  2474  2474 I TelecomFramework: TelecomAccountRegistry: setupAccounts: Found 1 phones.  Attempting to register.
10-04 11:09:50.824  2474  2474 I TelecomFramework: TelecomAccountRegistry: setupAccounts: Phone with subscription id -1
10-04 11:09:50.824  2474  2474 I TelecomFramework: TelecomAccountRegistry: setupAccounts: adding default
10-04 11:09:50.792  1710  1710 D gralloc_ranchu: gralloc_alloc: Creating ashmem region of size 16384
10-04 11:09:50.827  2474  2474 E PhoneInterfaceManager: [PhoneIntfMgr] getIccId: No UICC
10-04 11:09:50.845  2284  2284 E libprocessgroup: set_timerslack_ns write failed: Operation not permitted
10-04 11:09:50.875  1924  2455 I system_server: The ClassLoaderContext is a special shared library.
10-04 11:09:50.886  1687  1687 D Zygote  : Forked child process 2684
10-04 11:09:50.899  1686  1686 I netd    : bandwidthSetGlobalAlert(2097152) <3.78ms>
10-04 11:09:50.939  1924  2456 D EGL_emulation: eglMakeCurrent: 0x768dd5e9a060: ver 3 0 (tinfo 0x768ddb53efa0)
10-04 11:09:50.962  2474  2474 E PhoneInterfaceManager: [PhoneIntfMgr] isRttSupported: no Phone found. Invalid subId:-1
10-04 11:09:50.967  1924  2455 I system_server: The ClassLoaderContext is a special shared library.
10-04 11:09:50.991  1924  1951 W ActivityManager: Slow operation: 744ms so far, now at startProcess: returned from zygote!
10-04 11:09:51.005  1924  1951 W ActivityManager: Slow operation: 758ms so far, now at startProcess: done updating battery stats
10-04 11:09:51.006  1924  1951 W ActivityManager: Slow operation: 758ms so far, now at startProcess: building log message
10-04 11:09:51.006  1924  1951 I ActivityManager: Start proc 2684:com.android.localtransport/1000 for service {com.android.localtransport/com.android.localtransport.LocalTransportService}
10-04 11:09:51.006  1924  1951 W ActivityManager: Slow operation: 759ms so far, now at startProcess: starting to update pids map
10-04 11:09:51.007  1924  1951 W ActivityManager: Slow operation: 760ms so far, now at startProcess: done updating pids map
10-04 11:09:51.128  1924  2455 I chatty  : uid=1000 system_server identical 1 line
10-04 11:09:51.164  1924  2455 I system_server: The ClassLoaderContext is a special shared library.
10-04 11:09:51.174  2684  2684 W .localtranspor: Unexpected CPU variant for X86 using defaults: x86_64
10-04 11:09:51.224  1924  2467 I Telecom : PhoneAccountRegistrar: Modify account: [ComponentInfo{com.android.phone/com.android.services.telephony.TelephonyConnectionService}, ***, UserHandle{0}]: TSI.rPA@AAU
10-04 11:09:51.275  1924  2467 I Telecom : CallsManager: handlePhoneAccountChanged: phoneAccount=[[X] PhoneAccount: ComponentInfo{com.android.phone/com.android.services.telephony.TelephonyConnectionService}, ***, UserHandle{0} Capabilities: CallProvider MultiUser PlaceEmerg SimSub  Audio Routes: BESW Schemes: tel voicemail  Extras: Bundle[{android.telecom.extra.SUPPORTS_VIDEO_CALLING_FALLBACK=true}] GroupId: ***]: TSI.rPA@AAU
10-04 11:09:51.279  2474  2474 I TelecomFramework: AccountEntry: Registered phoneAccount: [[ ] PhoneAccount: ComponentInfo{com.android.phone/com.android.services.telephony.TelephonyConnectionService}, ***, UserHandle{0} Capabilities: CallProvider MultiUser PlaceEmerg SimSub  Audio Routes: BESW Schemes: tel voicemail  Extras: Bundle[{android.telecom.extra.SUPPORTS_VIDEO_CALLING_FALLBACK=true}] GroupId: ***] with handle: ComponentInfo{com.android.phone/com.android.services.telephony.TelephonyConnectionService}, ***, UserHandle{0}
10-04 11:09:51.281  2474  2474 I TelecomFramework: PstnIncomingCallNotifier: Registering: Handler (com.android.internal.telephony.GsmCdmaPhone) {d1d82dd}
10-04 11:09:51.318  1924  2455 I system_server: The ClassLoaderContext is a special shared library.
10-04 11:09:51.421  2474  2474 D MultiSimSettingController: onSubscriptionsChanged
10-04 11:09:51.492  2474  2474 I TelecomFramework: PstnPhoneCapabilitiesNotifier: handleVideoCapabilitesChanged. Video capability - false
10-04 11:09:51.521  2474  2474 E PhoneInterfaceManager: [PhoneIntfMgr] getIccId: No UICC
10-04 11:09:51.526  2474  2474 E PhoneInterfaceManager: [PhoneIntfMgr] isRttSupported: no Phone found. Invalid subId:-1
10-04 11:09:51.680  1924  2214 I Telecom : PhoneAccountRegistrar: Modify account: [ComponentInfo{com.android.phone/com.android.services.telephony.TelephonyConnectionService}, ***, UserHandle{0}]: TSI.rPA@AAg
10-04 11:09:51.683  1924  2214 I Telecom : CallsManager: handlePhoneAccountChanged: phoneAccount=[[X] PhoneAccount: ComponentInfo{com.android.phone/com.android.services.telephony.TelephonyConnectionService}, ***, UserHandle{0} Capabilities: CallProvider MultiUser PlaceEmerg SimSub  Audio Routes: BESW Schemes: tel voicemail  Extras: Bundle[{android.telecom.extra.SUPPORTS_VIDEO_CALLING_FALLBACK=true}] GroupId: ***]: TSI.rPA@AAg
10-04 11:09:51.804  2658  2692 D ContactsDatabaseHelper: WAL enabled for contacts2.db: true
10-04 11:09:51.911  1924  1951 W ActivityManager: Slow operation: 71ms so far, now at startProcess: asking zygote to start proc
10-04 11:09:51.929  1924  1949 W ActivityManager: Slow operation: 104ms so far, now at startProcess: done starting proc!
10-04 11:09:51.929  1924  2455 W system_server: Long monitor contention with owner android.bg (1949) at int com.android.server.am.ActivityManagerService.bindIsolatedService(android.app.IApplicationThread, android.os.IBinder, android.content.Intent, java.lang.String, android.app.IServiceConnection, int, java.lang.String, java.lang.String, int)(ActivityManagerService.java:14067) waiters=0 in android.content.Intent com.android.server.am.ActivityManagerService.registerReceiver(android.app.IApplicationThread, java.lang.String, android.content.IIntentReceiver, android.content.IntentFilter, java.lang.String, int, int) for 587ms
10-04 11:09:51.930  1924  2467 W system_server: Long monitor contention with owner android.bg (1949) at int com.android.server.am.ActivityManagerService.bindIsolatedService(android.app.IApplicationThread, android.os.IBinder, android.content.Intent, java.lang.String, android.app.IServiceConnection, int, java.lang.String, java.lang.String, int)(ActivityManagerService.java:14067) waiters=1 in void com.android.server.am.ActivityManagerService.attachApplication(android.app.IApplicationThread, long) for 389ms
10-04 11:09:52.117  2060  2274 D HostConnection: HostConnection::get() New Host Connection established 0x768ddf114f40, tid 2274
10-04 11:09:52.384  2060  2274 D HostConnection: HostComposition ext ANDROID_EMU_CHECKSUM_HELPER_v1 ANDROID_EMU_native_sync_v2 ANDROID_EMU_dma_v1 ANDROID_EMU_direct_mem ANDROID_EMU_host_composition_v1 ANDROID_EMU_host_composition_v2 ANDROID_EMU_sync_buffer_data ANDROID_EMU_hwc_color_transform GL_OES_EGL_image_external_essl3 GL_OES_vertex_array_object GL_KHR_texture_compression_astc_ldr ANDROID_EMU_host_side_tracing ANDROID_EMU_gles_max_version_3_0 
10-04 11:09:52.689  2060  2274 D EGL_emulation: eglCreateContext: 0x768ddf114fe0: maj 3 min 0 rcv 3
10-04 11:09:52.706  2060  2060 D Tonal   : Tonal Palette - index: 10. Main color: ffe590b7
10-04 11:09:52.706  2060  2060 D Tonal   : Colors: ff060104, ff1b0613, ff2f0b23, ff481135, ff671850, ff861f5d, ffa42773, ffbe4d91, ffd85a9e, ffde73aa, ffe590b7, ffefb9d1, fff5d6e5
10-04 11:09:52.707  1710  1710 D gralloc_ranchu: gralloc_alloc: Creating ashmem region of size 5095424
10-04 11:09:52.725  2060  2274 D EGL_emulation: eglMakeCurrent: 0x768ddf114fe0: ver 3 0 (tinfo 0x768ddf200580)
10-04 11:09:52.731  2060  2060 D Tonal   : Gradients: 
10-04 11:09:52.731  2060  2060 D Tonal   : 	Normal GradientColors(ffe590b7, ffe590b7)
10-04 11:09:52.731  2060  2060 D Tonal   : 	Dark GradientColors(ff481135, ff481135)
10-04 11:09:52.731  2060  2060 D Tonal   : 	Extra dark: GradientColors(ff2f0b23, ff2f0b23)
10-04 11:09:52.731  2060  2060 D Tonal   : Tonal Palette - index: 10. Main color: ffe590b7
10-04 11:09:52.731  2060  2060 D Tonal   : Colors: ff060104, ff1b0613, ff2f0b23, ff481135, ff671850, ff861f5d, ffa42773, ffbe4d91, ffd85a9e, ffde73aa, ffe590b7, ffefb9d1, fff5d6e5
10-04 11:09:52.732  2060  2060 D Tonal   : Gradients: 
10-04 11:09:52.732  2060  2060 D Tonal   : 	Normal GradientColors(ffe590b7, ffe590b7)
10-04 11:09:52.732  2060  2060 D Tonal   : 	Dark GradientColors(ff481135, ff481135)
10-04 11:09:52.732  2060  2060 D Tonal   : 	Extra dark: GradientColors(ff2f0b23, ff2f0b23)
10-04 11:09:52.755  2684  2684 I .localtranspor: The ClassLoaderContext is a special shared library.
10-04 11:09:52.810  1687  1687 D Zygote  : Forked child process 2708
10-04 11:09:52.815  1924  1951 W ActivityManager: Slow operation: 974ms so far, now at startProcess: returned from zygote!
10-04 11:09:52.816  1924  1951 W ActivityManager: Slow operation: 975ms so far, now at startProcess: done updating battery stats
10-04 11:09:52.816  1924  1951 W ActivityManager: Slow operation: 975ms so far, now at startProcess: building log message
10-04 11:09:52.818  1924  1951 I ActivityManager: Start proc 2708:com.android.printspooler/u0a81 for service {com.android.printspooler/com.android.printspooler.model.PrintSpoolerService}
10-04 11:09:52.818  1924  1951 W ActivityManager: Slow operation: 977ms so far, now at startProcess: starting to update pids map
10-04 11:09:52.818  1924  1951 W ActivityManager: Slow operation: 978ms so far, now at startProcess: done updating pids map
10-04 11:09:52.891  2060  2274 W ndroid.systemu: Core platform API violation: Ljava/nio/Buffer;->position:I from Landroid/opengl/GLES20; using JNI
10-04 11:09:52.891  2060  2274 W ndroid.systemu: Core platform API violation: Ljava/nio/Buffer;->limit:I from Landroid/opengl/GLES20; using JNI
10-04 11:09:52.891  2060  2274 W ndroid.systemu: Core platform API violation: Ljava/nio/Buffer;->_elementSizeShift:I from Landroid/opengl/GLES20; using JNI
10-04 11:09:52.891  2060  2274 W ndroid.systemu: Core platform API violation: Ljava/nio/Buffer;->address:J from Landroid/opengl/GLES20; using JNI
10-04 11:09:52.975  2658  2693 W d.process.acor: Long monitor contention with owner Worker-1 (2692) at long android.database.sqlite.SQLiteConnection.nativeOpen(java.lang.String, int, java.lang.String, boolean, boolean, int, int)(SQLiteConnection.java:-2) waiters=0 in android.database.sqlite.SQLiteDatabase android.database.sqlite.SQLiteOpenHelper.getReadableDatabase() for 1.916s
10-04 11:09:52.995  2708  2708 W id.printspoole: Unexpected CPU variant for X86 using defaults: x86_64
10-04 11:09:53.075  1924  1924 I TransportClient: LocalTransportService#0: Notifying [TransportManager.registerTransport()] transport = IBackupTransport
10-04 11:09:53.115  1924  2455 I system_server: The ClassLoaderContext is a special shared library.
10-04 11:09:53.218  1924  2455 I chatty  : uid=1000 system_server identical 1 line
10-04 11:09:53.329  1924  2455 I system_server: The ClassLoaderContext is a special shared library.
10-04 11:09:53.345  1924  2526 W Binder  : Outgoing transactions from this process must be FLAG_ONEWAY
10-04 11:09:53.345  1924  2526 W Binder  : java.lang.Throwable
10-04 11:09:53.345  1924  2526 W Binder  : 	at android.os.BinderProxy.transact(BinderProxy.java:480)
10-04 11:09:53.345  1924  2526 W Binder  : 	at com.android.internal.backup.IBackupTransport$Stub$Proxy.name(IBackupTransport.java:869)
10-04 11:09:53.345  1924  2526 W Binder  : 	at com.android.server.backup.TransportManager.registerTransport(TransportManager.java:653)
10-04 11:09:53.345  1924  2526 W Binder  : 	at com.android.server.backup.TransportManager.registerTransportsForIntent(TransportManager.java:588)
10-04 11:09:53.345  1924  2526 W Binder  : 	at com.android.server.backup.TransportManager.registerTransports(TransportManager.java:558)
10-04 11:09:53.345  1924  2526 W Binder  : 	at com.android.server.backup.-$$Lambda$pM_c5tVAGDtxjxLF_ONtACWWq6Q.run(Unknown Source:2)
10-04 11:09:53.345  1924  2526 W Binder  : 	at android.os.Handler.handleCallback(Handler.java:883)
10-04 11:09:53.345  1924  2526 W Binder  : 	at android.os.Handler.dispatchMessage(Handler.java:100)
10-04 11:09:53.345  1924  2526 W Binder  : 	at android.os.Looper.loop(Looper.java:214)
10-04 11:09:53.345  1924  2526 W Binder  : 	at android.os.HandlerThread.run(HandlerThread.java:67)
10-04 11:09:53.402  1710  1710 D gralloc_ranchu: gralloc_alloc: Creating ashmem region of size 5095424
10-04 11:09:53.503  1924  2455 I system_server: The ClassLoaderContext is a special shared library.
10-04 11:09:53.510  2684  2700 I .localtranspor: Background young concurrent copying GC freed 16237(1801KB) AllocSpace objects, 0(0B) LOS objects, 86% free, 989KB/7133KB, paused 131us total 430.155ms
10-04 11:09:53.513  2708  2708 I id.printspoole: The ClassLoaderContext is a special shared library.
10-04 11:09:53.620  1924  2455 I system_server: The ClassLoaderContext is a special shared library.
10-04 11:09:53.881  1924  2033 D ConnectivityService: releasing NetworkRequest [ TRACK_DEFAULT id=17, [ Capabilities: INTERNET&NOT_RESTRICTED&TRUSTED Uid: 1001] ] (release request)
10-04 11:09:53.972  1924  2526 D BackupTransportManager: Transport com.android.localtransport/.LocalTransportService registered
10-04 11:09:53.972  1924  2526 D BackupManagerService: Transport com.android.localtransport/.LocalTransport registered 10533ms after first request (delay = 3000ms)
10-04 11:09:54.232  1924  1924 W Looper  : Slow dispatch took 138ms main h=android.os.Handler c=<recycled PooledLambda@43d1984> m=0
10-04 11:09:54.162  1924  2455 I chatty  : uid=1000 system_server identical 5 lines
10-04 11:09:54.219  1924  2455 I system_server: The ClassLoaderContext is a special shared library.
10-04 11:09:54.301  1710  1710 D gralloc_ranchu: gralloc_alloc: Creating ashmem region of size 425984
10-04 11:09:54.305  1924  2455 I system_server: The ClassLoaderContext is a special shared library.
10-04 11:09:54.337  2060  2077 I ndroid.systemu: NativeAlloc concurrent copying GC freed 5006(489KB) AllocSpace objects, 2(40KB) LOS objects, 49% free, 3659KB/7318KB, paused 91us total 1.293s
10-04 11:09:54.371  1569  1569 I hwservicemanager: getTransport: Cannot find entry android.hardware.graphics.mapper@3.0::IMapper/default in either framework or device manifest.
10-04 11:09:54.458  1924  2456 W Gralloc3: mapper 3.x is not supported
10-04 11:09:54.467  2658  2693 I ContactLocale: AddressBook Labels [[en_US]]: […, A, B, C, D, E, F, G, H, I, J, K, L, M, N, O, P, Q, R, S, T, U, V, W, X, Y, Z, Α, Β, Γ, Δ, Ε, Ζ, Η, Θ, Ι, Κ, Λ, Μ, Ν, Ξ, Ο, Π, Ρ, Σ, Τ, Υ, Φ, Χ, Ψ, Ω, …, А, Б, В, Г, Д, Ђ, Е, Є, Ж, З, И, І, Й, Ј, К, Л, Љ, М, Н, Њ, О, П, Р, С, Т, Ћ, У, Ф, Х, Ц, Ч, Џ, Ш, Щ, Ю, Я, …, א, ב, ג, ד, ה, ו, ז, ח, ט, י, כ, ל, מ, נ, ס, ע, פ, צ, ק, ר, ש, ת, …, ا, ب, ت, ث, ج, ح, خ, د, ذ, ر, ز, س, ش, ص, ض, ط, ظ, ع, غ, ف, ق, ك, ل, م, ن, ه, و, ي, …, ก, ข, ฃ, ค, ฅ, ฆ, ง, จ, ฉ, ช, ซ, ฌ, ญ, ฎ, ฏ, ฐ, ฑ, ฒ, ณ, ด, ต, ถ, ท, ธ, น, บ, ป, ผ, ฝ, พ, ฟ, ภ, ม, ย, ร, ฤ, ล, ฦ, ว, ศ, ษ, ส, ห, ฬ, อ, ฮ, …, ㄱ, ㄴ, ㄷ, ㄹ, ㅁ, ㅂ, ㅅ, ㅇ, ㅈ, ㅊ, ㅋ, ㅌ, ㅍ, ㅎ, …, あ, か, さ, た, な, は, ま, や, ら, わ, #, …]
10-04 11:09:54.468  2658  2692 W d.process.acor: Long monitor contention with owner Worker-1 (2693) at int libcore.icu.NativeConverter.encode(long, char[], int, byte[], int, int[], boolean)(NativeConverter.java:-2) waiters=0 in void com.android.providers.contacts.ContactLocaleUtils.setLocales(com.android.providers.contacts.LocaleSet) for 1.434s
10-04 11:09:54.519  1924  1924 V SettingsProvider: Notifying for 0: content://settings/system/accelerometer_rotation
10-04 11:09:54.519  1924  1924 W Looper  : Slow dispatch took 134ms main h=com.android.providers.settings.SettingsProvider$SettingsRegistry$MyHandler c=null m=1
10-04 11:09:54.653  1924  2455 I system_server: The ClassLoaderContext is a special shared library.
10-04 11:09:54.790  1924  2526 I BackupManagerService: Found stale backup journal, scheduling
10-04 11:09:54.790  1924  2526 V BackupManagerConstants: getKeyValueBackupIntervalMilliseconds(...) returns 14400000
10-04 11:09:54.791  1924  2526 V BackupManagerConstants: getKeyValueBackupFuzzMilliseconds(...) returns 600000
10-04 11:09:54.791  1924  2526 V BackupManagerConstants: getKeyValueBackupRequiredNetworkType(...) returns 1
10-04 11:09:54.791  1924  2526 V BackupManagerConstants: getKeyValueBackupRequireCharging(...) returns true
10-04 11:09:54.791  1924  2526 V KeyValueBackupJob: Scheduling k/v pass in 241 minutes
10-04 11:09:54.803  2658  2692 D ContactsDatabaseHelper: WAL enabled for profile.db: false
10-04 11:09:54.834  1924  2455 I system_server: The ClassLoaderContext is a special shared library.
10-04 11:09:54.899  1924  2456 D HostConnection: createUnique: call
10-04 11:09:54.904  1924  2456 D HostConnection: HostConnection::get() New Host Connection established 0x768ebabb4980, tid 2456
10-04 11:09:54.905  1924  2456 D HostConnection: HostComposition ext ANDROID_EMU_CHECKSUM_HELPER_v1 ANDROID_EMU_native_sync_v2 ANDROID_EMU_dma_v1 ANDROID_EMU_direct_mem ANDROID_EMU_host_composition_v1 ANDROID_EMU_host_composition_v2 ANDROID_EMU_sync_buffer_data ANDROID_EMU_hwc_color_transform GL_OES_EGL_image_external_essl3 GL_OES_vertex_array_object GL_KHR_texture_compression_astc_ldr ANDROID_EMU_host_side_tracing ANDROID_EMU_gles_max_version_3_0 
10-04 11:09:54.914  1924  2455 I system_server: The ClassLoaderContext is a special shared library.
10-04 11:09:54.957  1924  2526 I BackupManagerService: Found stale backup journal, scheduling
10-04 11:09:55.034  1924  2455 I chatty  : uid=1000 system_server identical 3 lines
10-04 11:09:55.122  1924  2455 I system_server: The ClassLoaderContext is a special shared library.
10-04 11:09:55.153  2708  2719 I id.printspoole: Background young concurrent copying GC freed 16447(1895KB) AllocSpace objects, 0(0B) LOS objects, 86% free, 975KB/7119KB, paused 118us total 162.491ms
10-04 11:09:55.176  1924  2455 I system_server: The ClassLoaderContext is a special shared library.
10-04 11:09:55.234  1924  2455 I system_server: The ClassLoaderContext is a special shared library.
10-04 11:09:55.281  1924  2456 D eglCodecCommon: allocate: Ask for block of size 0x1000
10-04 11:09:55.281  1924  2456 D eglCodecCommon: allocate: ioctl allocate returned offset 0x3ffff2000 size 0x2000
10-04 11:09:55.303  1924  2455 I system_server: The ClassLoaderContext is a special shared library.
10-04 11:09:55.682  1924  2455 I chatty  : uid=1000 system_server identical 3 lines
10-04 11:09:55.838  1924  2455 I system_server: The ClassLoaderContext is a special shared library.
10-04 11:09:55.839  2658  2674 W d.process.acor: Long monitor contention with owner Worker-1 (2692) at android.database.sqlite.SQLiteConnection android.database.sqlite.SQLiteConnectionPool.waitForConnection(java.lang.String, int, android.os.CancellationSignal)(SQLiteConnectionPool.java:684) waiters=1 in void android.database.sqlite.SQLiteConnectionPool.releaseConnection(android.database.sqlite.SQLiteConnection) for 445ms
10-04 11:09:55.908  1710  1710 D gralloc_ranchu: gralloc_alloc: Creating ashmem region of size 425984
10-04 11:09:55.918  1710  1764 D gralloc_ranchu: gralloc_alloc: Creating ashmem region of size 425984
10-04 11:09:55.946  1924  2455 I system_server: The ClassLoaderContext is a special shared library.
10-04 11:09:55.974  1924  2456 D EGL_emulation: eglMakeCurrent: 0x768dd5e9a060: ver 3 0 (tinfo 0x768ddb53efa0)
10-04 11:09:56.046  1924  2455 I PackageManager.DexOptimizer: Running dexopt (dexoptNeeded=1) on: /data/app/com.nothatcher.sproutbook.test-tJLweBkdBqIwis3DWxuZ8w==/base.apk pkg=com.nothatcher.sproutbook.test isa=x86_64 dexoptFlags=boot_complete,debuggable,public,enable_hidden_api_checks targetFilter=verify oatDir=/data/app/com.nothatcher.sproutbook.test-tJLweBkdBqIwis3DWxuZ8w==/oat classLoaderContext=PCL[]
10-04 11:09:56.062  1766  1766 V installd: DexInv: --- BEGIN '/data/app/com.nothatcher.sproutbook.test-tJLweBkdBqIwis3DWxuZ8w==/base.apk' ---
10-04 11:09:57.094  2060  2060 V StatusBar: mStatusBarWindow: com.android.systemui.statusbar.phone.StatusBarWindowView{78367f0 V.E...... ......ID 0,0-360,24} canPanelBeCollapsed(): false
10-04 11:09:57.098  2060  2060 D KeyguardClockSwitch: Updating clock: 1109
10-04 11:09:57.159  2060  2060 I Choreographer: Skipped 795 frames!  The application may be doing too much work on its main thread.
10-04 11:09:57.183  1924  2737 I RecoverySystem: No recovery log file
10-04 11:09:55.319  1924  2526 I chatty  : uid=1000(system) backup-0 identical 21 lines
10-04 11:09:55.319  1924  2526 I BackupManagerService: Found stale backup journal, scheduling
10-04 11:09:57.252  1924  2737 I DropBoxManagerService: add tag=SYSTEM_BOOT isTagEnabled=true flags=0x2
10-04 11:09:57.271  1924  2737 I BootReceiver: Copying audit failures to DropBox
10-04 11:09:57.288  1687  1687 D Zygote  : Forked child process 2738
10-04 11:09:57.307  1924  2737 I BootReceiver: Checking for fsck errors
10-04 11:09:57.330  1924  2737 I BootReceiver: fs_stat, partition:vdc stat:0xb
10-04 11:09:57.349  1924  1951 W ActivityManager: Slow operation: 287ms so far, now at startProcess: returned from zygote!
10-04 11:09:57.350  1924  1951 W ActivityManager: Slow operation: 287ms so far, now at startProcess: done updating battery stats
10-04 11:09:57.350  1924  1951 W ActivityManager: Slow operation: 287ms so far, now at startProcess: building log message
10-04 11:09:57.351  1924  1951 I ActivityManager: Start proc 2738:com.android.dialer/u0a101 for broadcast {com.android.dialer/com.android.dialer.app.calllog.CallLogReceiver}
10-04 11:09:57.351  1924  1951 W ActivityManager: Slow operation: 288ms so far, now at startProcess: starting to update pids map
10-04 11:09:57.352  1924  1951 W ActivityManager: Slow operation: 289ms so far, now at startProcess: done updating pids map
10-04 11:09:57.387  2738  2738 W .android.diale: Unexpected CPU variant for X86 using defaults: x86_64
10-04 11:09:57.534  1924  1949 E memtrack: Couldn't load memtrack module
10-04 11:09:57.535  1924  1949 W android.os.Debug: failed to get memory consumption info: -1
10-04 11:09:57.536  1924  1949 E memtrack: Couldn't load memtrack module
10-04 11:09:57.536  1924  1949 W android.os.Debug: failed to get memory consumption info: -1
10-04 11:09:57.536  1924  1949 E memtrack: Couldn't load memtrack module
10-04 11:09:57.537  1924  1949 W android.os.Debug: failed to get memory consumption info: -1
10-04 11:09:57.537  1924  1949 E memtrack: Couldn't load memtrack module
10-04 11:09:57.537  1924  1949 W android.os.Debug: failed to get memory consumption info: -1
10-04 11:09:57.538  1924  1949 E memtrack: Couldn't load memtrack module
10-04 11:09:57.538  1924  1949 W android.os.Debug: failed to get memory consumption info: -1
10-04 11:09:57.691  2738  2738 D ApplicationLoaders: Returning zygote-cached class loader: /system/framework/android.hidl.base-V1.0-java.jar
10-04 11:09:57.691  2738  2738 D ApplicationLoaders: Returning zygote-cached class loader: /system/framework/android.hidl.manager-V1.0-java.jar
10-04 11:09:57.692  2738  2738 D ApplicationLoaders: Returning zygote-cached class loader: /system/framework/android.hidl.base-V1.0-java.jar
10-04 11:09:57.705  1687  1687 D Zygote  : Forked child process 2755
10-04 11:09:57.750  2738  2738 I .android.diale: The ClassLoaderContext is a special shared library.
10-04 11:09:57.790  1924  1951 W ActivityManager: Slow operation: 315ms so far, now at startProcess: returned from zygote!
10-04 11:09:57.790  1924  1951 W ActivityManager: Slow operation: 379ms so far, now at startProcess: done updating battery stats
10-04 11:09:57.791  1924  1951 W ActivityManager: Slow operation: 379ms so far, now at startProcess: building log message
10-04 11:09:57.791  1924  1951 I ActivityManager: Start proc 2755:android.process.media/u0a50 for content provider {com.android.providers.downloads/com.android.providers.downloads.DownloadProvider}
10-04 11:09:57.791  1924  1951 W ActivityManager: Slow operation: 379ms so far, now at startProcess: starting to update pids map
10-04 11:09:57.793  1924  1951 W ActivityManager: Slow operation: 382ms so far, now at startProcess: done updating pids map
10-04 11:09:57.814  2738  2738 I .android.diale: The ClassLoaderContext is a special shared library.
10-04 11:09:57.828  2755  2755 W d.process.medi: Unexpected CPU variant for X86 using defaults: x86_64
10-04 11:09:57.938  1924  1934 I system_server: NativeAlloc concurrent copying GC freed 52414(3964KB) AllocSpace objects, 34(1064KB) LOS objects, 42% free, 7170KB/12MB, paused 11.009ms total 1.447s
10-04 11:09:58.189  2755  2755 I d.process.medi: The ClassLoaderContext is a special shared library.
10-04 11:09:58.226  1924  1949 E memtrack: Couldn't load memtrack module
10-04 11:09:58.226  1924  1949 W android.os.Debug: failed to get memory consumption info: -1
10-04 11:09:58.227  1924  1949 E memtrack: Couldn't load memtrack module
10-04 11:09:58.227  1924  1949 W android.os.Debug: failed to get memory consumption info: -1
10-04 11:09:58.228  1924  1949 E memtrack: Couldn't load memtrack module
10-04 11:09:58.228  1924  1949 W android.os.Debug: failed to get memory consumption info: -1
10-04 11:09:58.397  2755  2755 I d.process.medi: The ClassLoaderContext is a special shared library.
10-04 11:09:58.400  1924  1949 E memtrack: Couldn't load memtrack module
10-04 11:09:58.401  1924  1949 W android.os.Debug: failed to get memory consumption info: -1
10-04 11:09:58.402  1924  1949 E memtrack: Couldn't load memtrack module
10-04 11:09:58.402  1924  1949 W android.os.Debug: failed to get memory consumption info: -1
10-04 11:09:58.403  1924  1949 E memtrack: Couldn't load memtrack module
10-04 11:09:58.403  1924  1949 W android.os.Debug: failed to get memory consumption info: -1
10-04 11:09:58.403  1924  1949 E memtrack: Couldn't load memtrack module
10-04 11:09:58.403  1924  1949 W android.os.Debug: failed to get memory consumption info: -1
10-04 11:09:58.404  1924  1949 E memtrack: Couldn't load memtrack module
10-04 11:09:58.404  1924  1949 W android.os.Debug: failed to get memory consumption info: -1
10-04 11:09:58.405  1924  1949 E memtrack: Couldn't load memtrack module
10-04 11:09:58.405  1924  1949 W android.os.Debug: failed to get memory consumption info: -1
10-04 11:09:58.527  2060  2060 D StatusBar: disable<e i a s b h r c s > disable2<q i n >
10-04 11:09:58.655  2738  2738 I Dialer  : DialerExecutorModule.newThread - creating low priority thread
10-04 11:09:58.846  1924  1949 E memtrack: Couldn't load memtrack module
10-04 11:09:58.846  1924  1949 W android.os.Debug: failed to get memory consumption info: -1
10-04 11:09:58.851  2738  2738 I Dialer  : CallLogConfigImpl.schedulePollingJob - scheduling
10-04 11:09:58.873  2738  2738 I Dialer  : DialerApplication.initializeAnnotatedCallLog - framework not enabled
10-04 11:09:59.052  2738  2738 I Dialer  : DialerExecutorModule.newThread - creating low priority thread
10-04 11:09:59.124  2738  2784 I Dialer  : VisualVoicemailUpdateTask.updateNotification - enter
10-04 11:09:59.151  2060  2371 I OpenGLRenderer: Davey! duration=15242ms; Flags=0, IntendedVsync=183478267839, Vsync=196728267309, OldestInputEvent=9223372036854775807, NewestInputEvent=0, HandleInputStart=196730644126, AnimationStart=196730765679, PerformTraversalsStart=196733497135, DrawStart=197889318704, SyncQueued=198039271322, SyncStart=198040771229, IssueDrawCommandsStart=198061718947, SwapBuffers=198708878479, FrameCompleted=198722352920, DequeueBufferDuration=656000, QueueBufferDuration=10860000, 
10-04 11:09:59.297  1924  1949 E memtrack: Couldn't load memtrack module
10-04 11:09:59.297  1924  1949 W android.os.Debug: failed to get memory consumption info: -1
10-04 11:09:59.452  1924  1949 E memtrack: Couldn't load memtrack module
10-04 11:09:59.452  1924  1949 W android.os.Debug: failed to get memory consumption info: -1
10-04 11:09:59.453  1924  1949 E memtrack: Couldn't load memtrack module
10-04 11:09:59.453  1924  1949 W android.os.Debug: failed to get memory consumption info: -1
10-04 11:09:59.454  1924  1949 E memtrack: Couldn't load memtrack module
10-04 11:09:59.454  1924  1949 W android.os.Debug: failed to get memory consumption info: -1
10-04 11:09:59.456  1924  1949 E memtrack: Couldn't load memtrack module
10-04 11:09:59.456  1924  1949 W android.os.Debug: failed to get memory consumption info: -1
10-04 11:09:59.602  2284  2284 D TouchInteractionService: Touch service connected
10-04 11:09:59.656  1924  1949 E memtrack: Couldn't load memtrack module
10-04 11:09:59.689  1924  1949 W android.os.Debug: failed to get memory consumption info: -1
10-04 11:09:59.707  1924  1949 E memtrack: Couldn't load memtrack module
10-04 11:09:59.708  1924  1949 W android.os.Debug: failed to get memory consumption info: -1
10-04 11:09:59.781  1924  1949 E memtrack: Couldn't load memtrack module
10-04 11:09:59.781  1924  1949 W android.os.Debug: failed to get memory consumption info: -1
10-04 11:09:59.782  1924  1949 E memtrack: Couldn't load memtrack module
10-04 11:09:59.782  1924  1949 W android.os.Debug: failed to get memory consumption info: -1
10-04 11:09:59.783  1924  1949 E memtrack: Couldn't load memtrack module
10-04 11:09:59.783  1924  1949 W android.os.Debug: failed to get memory consumption info: -1
10-04 11:09:59.784  1924  1949 E memtrack: Couldn't load memtrack module
10-04 11:09:59.784  1924  1949 W android.os.Debug: failed to get memory consumption info: -1
10-04 11:09:59.785  1924  1949 E memtrack: Couldn't load memtrack module
10-04 11:09:59.785  1924  1949 W android.os.Debug: failed to get memory consumption info: -1
10-04 11:09:59.786  1924  1949 E memtrack: Couldn't load memtrack module
10-04 11:09:59.786  1924  1949 W android.os.Debug: failed to get memory consumption info: -1
10-04 11:09:59.787  1924  1949 E memtrack: Couldn't load memtrack module
10-04 11:09:59.787  1924  1949 W android.os.Debug: failed to get memory consumption info: -1
10-04 11:09:59.788  1924  1949 E memtrack: Couldn't load memtrack module
10-04 11:09:59.788  1924  1949 W android.os.Debug: failed to get memory consumption info: -1
10-04 11:09:59.967  2060  2060 D KeyguardClockSwitch: Updating clock: 1109
10-04 11:10:00.037  2755  2768 I d.process.medi: Background young concurrent copying GC freed 17586(2064KB) AllocSpace objects, 0(0B) LOS objects, 85% free, 1039KB/7183KB, paused 132us total 215.316ms
10-04 11:10:00.062  2738  2784 I Dialer  : VisualVoicemailUpdateTask.updateNotification - no voicemails to notify about
10-04 11:10:00.062  2738  2784 I Dialer  : VisualVoicemailNotifier.cancelAllVoicemailNotifications - enter
10-04 11:10:00.115  2060  2060 I Choreographer: Skipped 175 frames!  The application may be doing too much work on its main thread.
10-04 11:10:00.120  1924  1949 E memtrack: Couldn't load memtrack module
10-04 11:10:00.121  1924  1949 W android.os.Debug: failed to get memory consumption info: -1
10-04 11:10:00.121  1924  1949 E memtrack: Couldn't load memtrack module
10-04 11:10:00.122  1924  1949 W android.os.Debug: failed to get memory consumption info: -1
10-04 11:10:00.124  2738  2784 I Dialer  : VoicemailNotificationJobService.scheduleJob - job canceled
10-04 11:10:00.135  2738  2738 I Dialer  : VisualVoicemailUpdateTask.scheduleTask - update successful
10-04 11:10:00.185  2060  2371 I OpenGLRenderer: Davey! duration=2992ms; Flags=0, IntendedVsync=196761485886, Vsync=199678152436, OldestInputEvent=9223372036854775807, NewestInputEvent=0, HandleInputStart=199686665947, AnimationStart=199686735956, PerformTraversalsStart=199732984289, DrawStart=199733607167, SyncQueued=199736298273, SyncStart=199737854443, IssueDrawCommandsStart=199745464446, SwapBuffers=199752855819, FrameCompleted=199755964928, DequeueBufferDuration=697000, QueueBufferDuration=1365000, 
10-04 11:10:00.219  1569  1569 I hwservicemanager: getTransport: Cannot find entry android.hardware.graphics.allocator@3.0::IAllocator/default in either framework or device manifest.
10-04 11:10:00.220  1636  1636 V apexd   : Found bundled key in package /system/apex/com.android.apex.cts.shim.apex
10-04 11:10:00.223  1636  1636 E apexd   : Can't open /product/apex for reading : No such file or directory
10-04 11:10:00.240  2060  2060 W Gralloc3: allocator 3.x is not supported
10-04 11:10:00.245  1710  1710 D gralloc_ranchu: gralloc_alloc: Creating ashmem region of size 4096
10-04 11:10:00.263  2060  2789 D HostConnection: HostConnection::get() New Host Connection established 0x768dd9de20c0, tid 2789
10-04 11:10:00.293  1924  1949 E memtrack: Couldn't load memtrack module
10-04 11:10:00.293  1924  1949 W android.os.Debug: failed to get memory consumption info: -1
10-04 11:10:00.294  1924  1949 E memtrack: Couldn't load memtrack module
10-04 11:10:00.294  1924  1949 W android.os.Debug: failed to get memory consumption info: -1
10-04 11:10:00.295  1924  1949 E memtrack: Couldn't load memtrack module
10-04 11:10:00.295  1924  1949 W android.os.Debug: failed to get memory consumption info: -1
10-04 11:10:00.296  1924  1949 E memtrack: Couldn't load memtrack module
10-04 11:10:00.296  1924  1949 W android.os.Debug: failed to get memory consumption info: -1
10-04 11:10:00.296  1924  1949 E memtrack: Couldn't load memtrack module
10-04 11:10:00.296  1924  1949 W android.os.Debug: failed to get memory consumption info: -1
10-04 11:10:00.297  1924  1949 E memtrack: Couldn't load memtrack module
10-04 11:10:00.297  1924  1949 W android.os.Debug: failed to get memory consumption info: -1
10-04 11:10:00.301  2060  2789 D HostConnection: HostComposition ext ANDROID_EMU_CHECKSUM_HELPER_v1 ANDROID_EMU_native_sync_v2 ANDROID_EMU_dma_v1 ANDROID_EMU_direct_mem ANDROID_EMU_host_composition_v1 ANDROID_EMU_host_composition_v2 ANDROID_EMU_sync_buffer_data ANDROID_EMU_hwc_color_transform GL_OES_EGL_image_external_essl3 GL_OES_vertex_array_object GL_KHR_texture_compression_astc_ldr ANDROID_EMU_host_side_tracing ANDROID_EMU_gles_max_version_3_0 
10-04 11:10:00.303  2060  2789 D EGL_emulation: eglCreateContext: 0x768dd9de2160: maj 3 min 0 rcv 3
10-04 11:10:00.305  2060  2789 D EGL_emulation: eglMakeCurrent: 0x768dd9de2160: ver 3 0 (tinfo 0x768dd9db4d80)
10-04 11:10:00.324  2060  2060 D HostConnection: HostConnection::get() New Host Connection established 0x768dd9de2020, tid 2060
10-04 11:10:00.325  2060  2060 D HostConnection: HostComposition ext ANDROID_EMU_CHECKSUM_HELPER_v1 ANDROID_EMU_native_sync_v2 ANDROID_EMU_dma_v1 ANDROID_EMU_direct_mem ANDROID_EMU_host_composition_v1 ANDROID_EMU_host_composition_v2 ANDROID_EMU_sync_buffer_data ANDROID_EMU_hwc_color_transform GL_OES_EGL_image_external_essl3 GL_OES_vertex_array_object GL_KHR_texture_compression_astc_ldr ANDROID_EMU_host_side_tracing ANDROID_EMU_gles_max_version_3_0 
10-04 11:10:00.346  1710  1710 D gralloc_ranchu: gralloc_alloc: Creating ashmem region of size 4096
10-04 11:10:00.389  1710  1710 I chatty  : uid=1000(system) allocator@2.0-s identical 3 lines
10-04 11:10:00.401  1710  1710 D gralloc_ranchu: gralloc_alloc: Creating ashmem region of size 4096
10-04 11:10:00.411  2060  2371 D EGL_emulation: eglMakeCurrent: 0x768ddef69c40: ver 3 0 (tinfo 0x768ddefd58a0)
10-04 11:10:00.473  1924  1924 W Looper  : Slow dispatch took 318ms main h=android.app.ActivityThread$H c=android.app.-$$Lambda$LoadedApk$ReceiverDispatcher$Args$_BumDX2UKsnxLVrE6UJsJZkotuA@2ba4972 m=0
10-04 11:10:00.491  1924  1924 W Looper  : Slow delivery took 263ms main h=android.app.ActivityThread$H c=null m=131
10-04 11:10:00.492  1924  1924 I Telecom : DefaultDialerCache: Refreshing default dialer for user 0: now com.android.dialer: DDC.oR@AAw
10-04 11:10:00.494  1924  1924 I Telecom : MissedCallNotifierImpl: reloadAfterBootComplete: user=0: TSBCR.oR@AA0
10-04 11:10:00.544  1924  1949 E memtrack: Couldn't load memtrack module
10-04 11:10:00.544  1924  1949 W android.os.Debug: failed to get memory consumption info: -1
10-04 11:10:00.545  1924  1949 E memtrack: Couldn't load memtrack module
10-04 11:10:00.545  1924  1949 W android.os.Debug: failed to get memory consumption info: -1
10-04 11:10:00.545  1924  1949 E memtrack: Couldn't load memtrack module
10-04 11:10:00.545  1924  1949 W android.os.Debug: failed to get memory consumption info: -1
10-04 11:10:00.547  1924  1949 E memtrack: Couldn't load memtrack module
10-04 11:10:00.547  1924  1949 W android.os.Debug: failed to get memory consumption info: -1
10-04 11:10:00.548  1924  1949 E memtrack: Couldn't load memtrack module
10-04 11:10:00.548  1924  1949 W android.os.Debug: failed to get memory consumption info: -1
10-04 11:10:00.551  1924  1924 W Looper  : Drained
10-04 11:10:00.603  2060  2371 I OpenGLRenderer: Davey! duration=3409ms; Flags=0, IntendedVsync=196761485886, Vsync=199678152436, OldestInputEvent=9223372036854775807, NewestInputEvent=0, HandleInputStart=199686665947, AnimationStart=199686735956, PerformTraversalsStart=199732984289, DrawStart=199783789241, SyncQueued=199980505522, SyncStart=199983277367, IssueDrawCommandsStart=199990511656, SwapBuffers=200132106935, FrameCompleted=200174187770, DequeueBufferDuration=663000, QueueBufferDuration=8872000, 
10-04 11:10:00.715  1687  1687 D Zygote  : Forked child process 2791
10-04 11:10:00.782  1924  1951 W ActivityManager: Slow operation: 270ms so far, now at startProcess: returned from zygote!
10-04 11:10:00.782  1924  1951 W ActivityManager: Slow operation: 271ms so far, now at startProcess: done updating battery stats
10-04 11:10:00.783  1924  1951 W ActivityManager: Slow operation: 271ms so far, now at startProcess: building log message
10-04 11:10:00.783  1924  1951 I ActivityManager: Start proc 2791:com.android.calendar/u0a105 for broadcast {com.android.calendar/com.android.calendar.alerts.AlertReceiver}
10-04 11:10:00.783  1924  1951 W ActivityManager: Slow operation: 271ms so far, now at startProcess: starting to update pids map
10-04 11:10:00.785  1924  1951 W ActivityManager: Slow operation: 273ms so far, now at startProcess: done updating pids map
10-04 11:10:00.848  2791  2791 W ndroid.calenda: Unexpected CPU variant for X86 using defaults: x86_64
10-04 11:10:00.926  1924  1949 E memtrack: Couldn't load memtrack module
10-04 11:10:00.926  1924  1949 W android.os.Debug: failed to get memory consumption info: -1
10-04 11:10:00.926  1924  1949 E memtrack: Couldn't load memtrack module
10-04 11:10:00.926  1924  1949 W android.os.Debug: failed to get memory consumption info: -1
10-04 11:10:00.927  1924  1949 E memtrack: Couldn't load memtrack module
10-04 11:10:00.927  1924  1949 W android.os.Debug: failed to get memory consumption info: -1
10-04 11:10:00.928  1924  1949 E memtrack: Couldn't load memtrack module
10-04 11:10:00.928  1924  1949 W android.os.Debug: failed to get memory consumption info: -1
10-04 11:10:01.036  2791  2791 D ApplicationLoaders: Returning zygote-cached class loader: /system/framework/android.hidl.base-V1.0-java.jar
10-04 11:10:01.036  2791  2791 D ApplicationLoaders: Returning zygote-cached class loader: /system/framework/android.hidl.manager-V1.0-java.jar
10-04 11:10:01.036  2791  2791 D ApplicationLoaders: Returning zygote-cached class loader: /system/framework/android.hidl.base-V1.0-java.jar
10-04 11:10:01.047  2791  2791 I ndroid.calenda: The ClassLoaderContext is a special shared library.
10-04 11:10:01.113  1924  1949 E memtrack: Couldn't load memtrack module
10-04 11:10:01.113  1924  1949 W android.os.Debug: failed to get memory consumption info: -1
10-04 11:10:01.114  1924  1949 E memtrack: Couldn't load memtrack module
10-04 11:10:01.115  1924  1949 W android.os.Debug: failed to get memory consumption info: -1
10-04 11:10:01.116  1924  1949 E memtrack: Couldn't load memtrack module
10-04 11:10:01.116  1924  1949 W android.os.Debug: failed to get memory consumption info: -1
10-04 11:10:01.215  2791  2791 D AlertReceiver: onReceive: a=android.intent.action.BOOT_COMPLETED Intent { act=android.intent.action.BOOT_COMPLETED flg=0x89000010 cmp=com.android.calendar/.alerts.AlertReceiver (has extras) }
10-04 11:10:01.219  1924  1941 D AutofillManagerService: Close system dialogs
10-04 11:10:01.251  2060  2060 V KeyguardUpdateMonitor: onSubscriptionInfoChanged()
10-04 11:10:01.345  2060  2077 I ndroid.systemu: NativeAlloc concurrent copying GC freed 16567(1574KB) AllocSpace objects, 27(540KB) LOS objects, 49% free, 5085KB/10169KB, paused 139us total 1.014s
10-04 11:10:01.410  2060  2060 I Choreographer: Skipped 74 frames!  The application may be doing too much work on its main thread.
10-04 11:10:01.458  1687  1687 D Zygote  : Forked child process 2810
10-04 11:10:01.472  1924  1951 W ActivityManager: Slow operation: 245ms so far, now at startProcess: returned from zygote!
10-04 11:10:01.472  1924  1951 W ActivityManager: Slow operation: 245ms so far, now at startProcess: done updating battery stats
10-04 11:10:01.473  1924  1951 W ActivityManager: Slow operation: 246ms so far, now at startProcess: building log message
10-04 11:10:01.473  1924  1951 I ActivityManager: Start proc 2810:com.android.contacts/u0a97 for broadcast {com.android.contacts/com.android.contacts.interactions.OnBootOrUpgradeReceiver}
10-04 11:10:01.473  1924  1951 W ActivityManager: Slow operation: 246ms so far, now at startProcess: starting to update pids map
10-04 11:10:01.475  1924  1951 W ActivityManager: Slow operation: 248ms so far, now at startProcess: done updating pids map
10-04 11:10:01.512  2810  2810 W ndroid.contact: Unexpected CPU variant for X86 using defaults: x86_64
10-04 11:10:01.709  2810  2810 D ApplicationLoaders: Returning zygote-cached class loader: /system/framework/android.hidl.base-V1.0-java.jar
10-04 11:10:01.709  2810  2810 D ApplicationLoaders: Returning zygote-cached class loader: /system/framework/android.hidl.manager-V1.0-java.jar
10-04 11:10:01.709  2810  2810 D ApplicationLoaders: Returning zygote-cached class loader: /system/framework/android.hidl.base-V1.0-java.jar
10-04 11:10:01.720  1924  1949 E memtrack: Couldn't load memtrack module
10-04 11:10:01.721  1924  1949 W android.os.Debug: failed to get memory consumption info: -1
10-04 11:10:01.722  1924  1949 E memtrack: Couldn't load memtrack module
10-04 11:10:01.722  1924  1949 W android.os.Debug: failed to get memory consumption info: -1
10-04 11:10:01.741  2810  2810 I ndroid.contact: The ClassLoaderContext is a special shared library.
10-04 11:10:01.750  2060  2371 D EGL_emulation: eglMakeCurrent: 0x768ddef69c40: ver 3 0 (tinfo 0x768ddefd58a0)
10-04 11:10:01.760  2060  2371 I OpenGLRenderer: Davey! duration=1574ms; Flags=0, IntendedVsync=199744837971, Vsync=200978171255, OldestInputEvent=9223372036854775807, NewestInputEvent=0, HandleInputStart=200982079249, AnimationStart=200982220174, PerformTraversalsStart=201020419399, DrawStart=201307595223, SyncQueued=201310063186, SyncStart=201322623449, IssueDrawCommandsStart=201323827751, SwapBuffers=201329154939, FrameCompleted=201332085836, DequeueBufferDuration=608000, QueueBufferDuration=1581000, 
10-04 11:10:01.764  1710  1710 D gralloc_ranchu: gralloc_alloc: Creating ashmem region of size 4096
10-04 11:10:01.824  1710  1710 I chatty  : uid=1000(system) allocator@2.0-s identical 4 lines
10-04 11:10:01.844  1710  1710 D gralloc_ranchu: gralloc_alloc: Creating ashmem region of size 4096
10-04 11:10:01.846  1924  1949 E memtrack: Couldn't load memtrack module
10-04 11:10:01.846  1924  1949 W android.os.Debug: failed to get memory consumption info: -1
10-04 11:10:01.847  1924  1949 E memtrack: Couldn't load memtrack module
10-04 11:10:01.848  1924  1949 W android.os.Debug: failed to get memory consumption info: -1
10-04 11:10:01.855  2060  2371 D EGL_emulation: eglMakeCurrent: 0x768ddef69c40: ver 3 0 (tinfo 0x768ddefd58a0)
10-04 11:10:01.870  2060  2371 I OpenGLRenderer: Davey! duration=1694ms; Flags=0, IntendedVsync=199744837971, Vsync=200978171255, OldestInputEvent=9223372036854775807, NewestInputEvent=0, HandleInputStart=200982079249, AnimationStart=200982220174, PerformTraversalsStart=201020419399, DrawStart=201333133023, SyncQueued=201425888587, SyncStart=201428295178, IssueDrawCommandsStart=201432400346, SwapBuffers=201437676576, FrameCompleted=201441467244, DequeueBufferDuration=595000, QueueBufferDuration=2605000, 
10-04 11:10:01.963  2060  2060 V StatusBar: mStatusBarWindow: com.android.systemui.statusbar.phone.StatusBarWindowView{78367f0 V.E...... ......ID 0,0-360,24} canPanelBeCollapsed(): false
10-04 11:10:01.967  2060  2060 D KeyguardClockSwitch: Updating clock: 1110
10-04 11:10:01.990  2060  2060 I Choreographer: Skipped 34 frames!  The application may be doing too much work on its main thread.
10-04 11:10:01.848  1924  1949 E memtrack: Couldn't load memtrack module
10-04 11:10:01.994  1924  1949 W android.os.Debug: failed to get memory consumption info: -1
10-04 11:10:01.995  1924  1949 E memtrack: Couldn't load memtrack module
10-04 11:10:01.995  1924  1949 W android.os.Debug: failed to get memory consumption info: -1
10-04 11:10:02.060  2433  2433 I AlarmClock: AlarmInitReceiver android.intent.action.BOOT_COMPLETED
10-04 11:10:02.098  2060  2371 D EGL_emulation: eglMakeCurrent: 0x768ddef69c40: ver 3 0 (tinfo 0x768ddefd58a0)
10-04 11:10:02.129  2060  2371 I OpenGLRenderer: Davey! duration=703ms; Flags=0, IntendedVsync=200994840145, Vsync=201561506789, OldestInputEvent=9223372036854775807, NewestInputEvent=0, HandleInputStart=201561900259, AnimationStart=201561964425, PerformTraversalsStart=201564036604, DrawStart=201667892458, SyncQueued=201668432233, SyncStart=201670797871, IssueDrawCommandsStart=201689577929, SwapBuffers=201696296354, FrameCompleted=201700758154, DequeueBufferDuration=886000, QueueBufferDuration=1829000, 
10-04 11:10:02.255  2433  2497 I AlarmClock: Fixing alarm instances
10-04 11:10:02.325  2433  2497 V AlarmClock: AlarmInitReceiver finished
10-04 11:10:02.327  1924  1949 E memtrack: Couldn't load memtrack module
10-04 11:10:02.327  1924  1949 W android.os.Debug: failed to get memory consumption info: -1
10-04 11:10:02.333  2738  2738 I Dialer  : VoicemailModule.provideVoicemailClient - providing VoicemailClientImpl
10-04 11:10:02.336  2738  2738 I Dialer  : VvmOmtpService - onBoot
10-04 11:10:02.427  1924  2214 W Binder  : Outgoing transactions from this process must be FLAG_ONEWAY
10-04 11:10:02.427  1924  2214 W Binder  : java.lang.Throwable
10-04 11:10:02.427  1924  2214 W Binder  : 	at android.os.BinderProxy.transact(BinderProxy.java:480)
10-04 11:10:02.427  1924  2214 W Binder  : 	at android.content.ContentProviderProxy.getType(ContentProviderNative.java:456)
10-04 11:10:02.427  1924  2214 W Binder  : 	at com.android.server.am.ActivityManagerService.getProviderMimeType(ActivityManagerService.java:7667)
10-04 11:10:02.427  1924  2214 W Binder  : 	at android.app.IActivityManager$Stub.onTransact(IActivityManager.java:3205)
10-04 11:10:02.427  1924  2214 W Binder  : 	at com.android.server.am.ActivityManagerService.onTransact(ActivityManagerService.java:2741)
10-04 11:10:02.427  1924  2214 W Binder  : 	at android.os.Binder.execTransactInternal(Binder.java:1021)
10-04 11:10:02.427  1924  2214 W Binder  : 	at android.os.Binder.execTransact(Binder.java:994)
10-04 11:10:02.475  1924  1949 E memtrack: Couldn't load memtrack module
10-04 11:10:02.476  1924  1949 W android.os.Debug: failed to get memory consumption info: -1
10-04 11:10:02.477  1924  1949 E memtrack: Couldn't load memtrack module
10-04 11:10:02.478  1924  1949 W android.os.Debug: failed to get memory consumption info: -1
10-04 11:10:02.555  1687  1687 D Zygote  : Forked child process 2830
10-04 11:10:02.614  1924  1951 W ActivityManager: Slow operation: 226ms so far, now at startProcess: returned from zygote!
10-04 11:10:02.614  1924  1951 W ActivityManager: Slow operation: 227ms so far, now at startProcess: done updating battery stats
10-04 11:10:02.614  1924  1951 W ActivityManager: Slow operation: 227ms so far, now at startProcess: building log message
10-04 11:10:02.615  1924  1951 I ActivityManager: Start proc 2830:com.android.dynsystem/1000 for broadcast {com.android.dynsystem/com.android.dynsystem.BootCompletedReceiver}
10-04 11:10:02.615  1924  1951 W ActivityManager: Slow operation: 227ms so far, now at startProcess: starting to update pids map
10-04 11:10:02.618  1924  1951 W ActivityManager: Slow operation: 230ms so far, now at startProcess: done updating pids map
10-04 11:10:02.625  1924  1949 E memtrack: Couldn't load memtrack module
10-04 11:10:02.626  1924  1949 W android.os.Debug: failed to get memory consumption info: -1
10-04 11:10:02.626  1924  1949 E memtrack: Couldn't load memtrack module
10-04 11:10:02.627  1924  1949 W android.os.Debug: failed to get memory consumption info: -1
10-04 11:10:02.627  1924  1949 E memtrack: Couldn't load memtrack module
10-04 11:10:02.627  1924  1949 W android.os.Debug: failed to get memory consumption info: -1
10-04 11:10:02.637  2830  2830 W droid.dynsyste: Unexpected CPU variant for X86 using defaults: x86_64
10-04 11:10:02.761  1924  1949 E memtrack: Couldn't load memtrack module
10-04 11:10:02.761  1924  1949 W android.os.Debug: failed to get memory consumption info: -1
10-04 11:10:02.763  1924  1949 E memtrack: Couldn't load memtrack module
10-04 11:10:02.763  1924  1949 W android.os.Debug: failed to get memory consumption info: -1
10-04 11:10:02.765  1924  1949 E memtrack: Couldn't load memtrack module
10-04 11:10:02.765  1924  1949 W android.os.Debug: failed to get memory consumption info: -1
10-04 11:10:02.766  1924  1949 E memtrack: Couldn't load memtrack module
10-04 11:10:02.766  1924  1949 W android.os.Debug: failed to get memory consumption info: -1
10-04 11:10:02.767  1924  1949 E memtrack: Couldn't load memtrack module
10-04 11:10:02.767  1924  1949 W android.os.Debug: failed to get memory consumption info: -1
10-04 11:10:02.767  1924  1949 E memtrack: Couldn't load memtrack module
10-04 11:10:02.767  1924  1949 W android.os.Debug: failed to get memory consumption info: -1
10-04 11:10:02.768  1924  1949 E memtrack: Couldn't load memtrack module
10-04 11:10:02.768  1924  1949 W android.os.Debug: failed to get memory consumption info: -1
10-04 11:10:02.795  2830  2830 I droid.dynsyste: The ClassLoaderContext is a special shared library.
10-04 11:10:02.892  1924  2214 D DynamicSystemService: GsiService is not ready, wait for 64ms
10-04 11:10:02.949  1924  1949 E memtrack: Couldn't load memtrack module
10-04 11:10:02.949  1924  1949 W android.os.Debug: failed to get memory consumption info: -1
10-04 11:10:02.950  1924  1949 E memtrack: Couldn't load memtrack module
10-04 11:10:02.950  1924  1949 W android.os.Debug: failed to get memory consumption info: -1
10-04 11:10:02.951  1924  1949 E memtrack: Couldn't load memtrack module
10-04 11:10:02.951  1924  1949 W android.os.Debug: failed to get memory consumption info: -1
10-04 11:10:02.951  1924  1949 E memtrack: Couldn't load memtrack module
10-04 11:10:02.951  1924  1949 W android.os.Debug: failed to get memory consumption info: -1
10-04 11:10:02.952  1924  1949 E memtrack: Couldn't load memtrack module
10-04 11:10:02.952  1924  1949 W android.os.Debug: failed to get memory consumption info: -1
10-04 11:10:02.960  1924  2214 D DynamicSystemService: GsiService is not ready, wait for 128ms
10-04 11:10:03.089  1924  2214 D DynamicSystemService: GsiService is not ready, wait for 256ms
10-04 11:10:03.169  1924  1949 E memtrack: Couldn't load memtrack module
10-04 11:10:03.169  1924  1949 W android.os.Debug: failed to get memory consumption info: -1
10-04 11:10:03.212  1924  1949 E memtrack: Couldn't load memtrack module
10-04 11:10:03.212  1924  1949 W android.os.Debug: failed to get memory consumption info: -1
10-04 11:10:03.229  1924  1949 E memtrack: Couldn't load memtrack module
10-04 11:10:03.229  1924  1949 W android.os.Debug: failed to get memory consumption info: -1
10-04 11:10:03.260  1924  1949 E memtrack: Couldn't load memtrack module
10-04 11:10:03.261  1924  1949 W android.os.Debug: failed to get memory consumption info: -1
10-04 11:10:03.382  1924  2467 W DynamicSystemService: gsiservice died; reconnecting
10-04 11:10:03.383  1568  1568 I ServiceManager: service 'gsiservice' died
10-04 11:10:03.497  1687  1687 D Zygote  : Forked child process 2850
10-04 11:10:03.525  1924  1951 W ActivityManager: Slow operation: 138ms so far, now at startProcess: returned from zygote!
10-04 11:10:03.526  1924  1951 W ActivityManager: Slow operation: 139ms so far, now at startProcess: done updating battery stats
10-04 11:10:03.526  1924  1951 W ActivityManager: Slow operation: 139ms so far, now at startProcess: building log message
10-04 11:10:03.526  1924  1951 I ActivityManager: Start proc 2850:com.android.email/u0a107 for broadcast {com.android.email/com.android.email.service.EmailBroadcastReceiver}
10-04 11:10:03.526  1924  1951 W ActivityManager: Slow operation: 139ms so far, now at startProcess: starting to update pids map
10-04 11:10:03.528  1924  1951 W ActivityManager: Slow operation: 141ms so far, now at startProcess: done updating pids map
10-04 11:10:03.572  2850  2850 W m.android.emai: Unexpected CPU variant for X86 using defaults: x86_64
10-04 11:10:03.576  1924  1949 I ActivityTaskManager: Displayed com.android.launcher3/.Launcher: +10s935ms
10-04 11:10:03.540  2850  2850 W main    : type=1400 audit(0.0:7): avc: granted { read } for name="u:object_r:net_dns_prop:s0" dev="tmpfs" ino=6723 scontext=u:r:untrusted_app_25:s0:c512,c768 tcontext=u:object_r:net_dns_prop:s0 tclass=file app=com.android.email
10-04 11:10:03.677  1924  1949 E memtrack: Couldn't load memtrack module
10-04 11:10:03.677  1924  1949 W android.os.Debug: failed to get memory consumption info: -1
10-04 11:10:03.705  2850  2850 D ApplicationLoaders: Returning zygote-cached class loader: /system/framework/android.hidl.base-V1.0-java.jar
10-04 11:10:03.705  2850  2850 D ApplicationLoaders: Returning zygote-cached class loader: /system/framework/android.hidl.manager-V1.0-java.jar
10-04 11:10:03.705  2850  2850 D ApplicationLoaders: Returning zygote-cached class loader: /system/framework/android.hidl.base-V1.0-java.jar
10-04 11:10:03.717  2850  2850 I m.android.emai: The ClassLoaderContext is a special shared library.
10-04 11:10:04.039  2850  2869 D ActivityThread: Loading provider com.android.email.provider;com.android.email.notifier: com.android.email.provider.EmailProvider
10-04 11:10:04.089  1924  2214 W ActivityManager: Unable to start service Intent { act=com.android.email.EXCHANGE_INTENT pkg=com.android.exchange } U=0: not found
10-04 11:10:03.766  2850  2850 I m.android.emai: The ClassLoaderContext is a special shared library.
10-04 11:10:04.154  2734  2734 W dex2oat : Unexpected CPU variant for X86 using defaults: x86_64
10-04 11:10:04.136  1924  2214 W ActivityManager: Unable to start service Intent { act=com.android.email.EXCHANGE_INTENT pkg=com.android.exchange } U=0: not found
10-04 11:10:04.176  2850  2871 D ActivityThread: Loading provider com.android.email.provider;com.android.email.notifier: com.android.email.provider.EmailProvider
10-04 11:10:04.179  1924  2467 W ActivityManager: Unable to start service Intent { act=com.android.email.EXCHANGE_INTENT pkg=com.android.exchange } U=0: not found
10-04 11:10:04.254  2344  2344 I SystemBroadcastReceiver: Boot has been completed
10-04 11:10:04.254  2344  2344 I SystemBroadcastReceiver: toggleAppIcon() : FLAG_SYSTEM = true
10-04 11:10:04.428  1687  1687 D Zygote  : Forked child process 2879
10-04 11:10:04.462  1924  1951 W ActivityManager: Slow operation: 190ms so far, now at startProcess: returned from zygote!
10-04 11:10:04.462  1924  1951 W ActivityManager: Slow operation: 191ms so far, now at startProcess: done updating battery stats
10-04 11:10:04.463  1924  1951 W ActivityManager: Slow operation: 191ms so far, now at startProcess: building log message
10-04 11:10:04.463  1924  1951 I ActivityManager: Start proc 2879:com.android.managedprovisioning/u0a59 for broadcast {com.android.managedprovisioning/com.android.managedprovisioning.preprovisioning.BootReminder}
10-04 11:10:04.463  1924  1951 W ActivityManager: Slow operation: 191ms so far, now at startProcess: starting to update pids map
10-04 11:10:04.464  1924  1951 W ActivityManager: Slow operation: 192ms so far, now at startProcess: done updating pids map
10-04 11:10:04.478  2879  2879 W gedprovisionin: Unexpected CPU variant for X86 using defaults: x86_64
10-04 11:10:04.586  1924  1949 E memtrack: Couldn't load memtrack module
10-04 11:10:04.586  1924  1949 W android.os.Debug: failed to get memory consumption info: -1
10-04 11:10:04.595  2734  2734 I dex2oat : /apex/com.android.runtime/bin/dex2oat --input-vdex-fd=-1 --output-vdex-fd=10 --resolve-startup-const-strings=true --max-image-block-size=524288 --compiler-filter=verify --debuggable --classpath-dir=/data/app/com.nothatcher.sproutbook.test-tJLweBkdBqIwis3DWxuZ8w== --class-loader-context=PCL[] --generate-mini-debug-info --compact-dex-level=none --compilation-reason=boot
10-04 11:10:04.653  2879  2879 I gedprovisionin: The ClassLoaderContext is a special shared library.
10-04 11:10:04.732  1924  1949 W Looper  : Drained
10-04 11:10:05.035  1687  1687 D Zygote  : Forked child process 2898
10-04 11:10:05.070  1924  1951 W ActivityManager: Slow operation: 197ms so far, now at startProcess: returned from zygote!
10-04 11:10:05.070  1924  1951 W ActivityManager: Slow operation: 198ms so far, now at startProcess: done updating battery stats
10-04 11:10:05.070  1924  1951 W ActivityManager: Slow operation: 198ms so far, now at startProcess: building log message
10-04 11:10:05.071  1924  1951 I ActivityManager: Start proc 2898:com.android.messaging/u0a76 for broadcast {com.android.messaging/com.android.messaging.receiver.BootAndPackageReplacedReceiver}
10-04 11:10:05.071  1924  1951 W ActivityManager: Slow operation: 198ms so far, now at startProcess: starting to update pids map
10-04 11:10:05.076  1924  1951 W ActivityManager: Slow operation: 200ms so far, now at startProcess: done updating pids map
10-04 11:10:05.084  2898  2898 W droid.messagin: Unexpected CPU variant for X86 using defaults: x86_64
10-04 11:10:05.209  1924  1949 E memtrack: Couldn't load memtrack module
10-04 11:10:05.209  1924  1949 W android.os.Debug: failed to get memory consumption info: -1
10-04 11:10:05.219  2898  2898 D ApplicationLoaders: Returning zygote-cached class loader: /system/framework/android.hidl.base-V1.0-java.jar
10-04 11:10:05.219  2898  2898 D ApplicationLoaders: Returning zygote-cached class loader: /system/framework/android.hidl.manager-V1.0-java.jar
10-04 11:10:05.219  2898  2898 D ApplicationLoaders: Returning zygote-cached class loader: /system/framework/android.hidl.base-V1.0-java.jar
10-04 11:10:05.237  2898  2898 I droid.messagin: The ClassLoaderContext is a special shared library.
10-04 11:10:05.587  2898  2898 W MessagingApp: PhoneUtils.getForLMR1(): invalid subId = -1
10-04 11:10:05.801  1924  2456 I OpenGLRenderer: Davey! duration=50519ms; Flags=1, IntendedVsync=154811470888, Vsync=155394804198, OldestInputEvent=9223372036854775807, NewestInputEvent=0, HandleInputStart=155402185837, AnimationStart=155402247572, PerformTraversalsStart=155402252641, DrawStart=195495995217, SyncQueued=195505125032, SyncStart=195546247703, IssueDrawCommandsStart=195610220650, SwapBuffers=205042686067, FrameCompleted=205371728740, DequeueBufferDuration=17424000, QueueBufferDuration=86207000, 
10-04 11:10:05.919  1924  1942 W Looper  : Slow dispatch took 50089ms android.ui h=android.view.Choreographer$FrameHandler c=android.view.Choreographer$FrameDisplayEventReceiver@747a0ff m=0
10-04 11:10:05.983  1687  1687 D Zygote  : Forked child process 2921
10-04 11:10:05.989  1924  1951 W ActivityManager: Slow operation: 305ms so far, now at startProcess: returned from zygote!
10-04 11:10:05.989  1924  1951 W ActivityManager: Slow operation: 305ms so far, now at startProcess: done updating battery stats
10-04 11:10:05.992  1924  1951 W ActivityManager: Slow operation: 308ms so far, now at startProcess: building log message
10-04 11:10:05.992  1924  1951 I ActivityManager: Start proc 2921:com.android.onetimeinitializer/u0a92 for broadcast {com.android.onetimeinitializer/com.android.onetimeinitializer.OneTimeInitializerReceiver}
10-04 11:10:05.992  1924  1951 W ActivityManager: Slow operation: 308ms so far, now at startProcess: starting to update pids map
10-04 11:10:05.994  1924  1951 W ActivityManager: Slow operation: 310ms so far, now at startProcess: done updating pids map
10-04 11:10:06.009  2898  2919 W MessagingApp: PhoneUtils.getForLMR1(): invalid subId = -1
10-04 11:10:06.072  2921  2921 W timeinitialize: Unexpected CPU variant for X86 using defaults: x86_64
10-04 11:10:06.183  2060  2371 D EGL_emulation: eglMakeCurrent: 0x768ddef69c40: ver 3 0 (tinfo 0x768ddefd58a0)
10-04 11:10:06.199  2898  2917 W MessagingApp: PhoneUtils.getForLMR1(): invalid subId = -1
10-04 11:10:06.202  1924  1942 I Choreographer: Skipped 3021 frames!  The application may be doing too much work on its main thread.
10-04 11:10:06.409  2898  2918 W droid.messagin: Long monitor contention with owner Thread-2 (2917) at int android.util.EventLog.writeEvent(int, java.lang.Object[])(EventLog.java:-2) waiters=0 in void com.android.messaging.sms.t.load() for 540ms
10-04 11:10:06.412  2898  2918 W MessagingApp: PhoneUtils.getForLMR1(): invalid subId = -1
10-04 11:10:06.452  1924  1942 W Looper  : Slow dispatch took 227ms android.ui h=com.android.server.am.ActivityManagerService$UiHandler c=null m=53
10-04 11:10:06.453  1924  1942 D AutofillUI: destroySaveUiUiThread(): already destroyed
10-04 11:10:06.671  2921  2921 I timeinitialize: The ClassLoaderContext is a special shared library.
10-04 11:10:06.731  1924  1924 W Looper  : Slow dispatch took 151ms main h=com.android.internal.widget.LockPatternUtils$StrongAuthTracker$H c=null m=1
10-04 11:10:06.763  1924  1944 W system_server: Long monitor contention with owner android.ui (1942) at void com.android.server.wm.WindowManagerService.updateRotationUnchecked(boolean, boolean)(WindowManagerService.java:3733) waiters=0 in boolean com.android.server.wm.ActivityTaskManagerService.updateDisplayOverrideConfiguration(android.content.res.Configuration, int) for 168ms
10-04 11:10:06.765  1924  1944 W InputReader: Device has associated, but no associated display id.
10-04 11:10:06.766  1924  1944 I chatty  : uid=1000(system) android.display identical 8 lines
10-04 11:10:06.766  1924  1944 W InputReader: Device has associated, but no associated display id.
10-04 11:10:06.787  1924  1945 W system_server: Long monitor contention with owner android.ui (1942) at void com.android.server.wm.WindowManagerService.updateRotationUnchecked(boolean, boolean)(WindowManagerService.java:3733) waiters=1 in void com.android.server.wm.WindowAnimator.lambda$new$1$WindowAnimator(long) for 146ms
10-04 11:10:06.952  1924  1942 W Looper  : Slow dispatch took 401ms android.ui h=android.os.Handler c=android.database.ContentObserver$NotificationRunnable@a1d2dc9 m=0
10-04 11:10:07.005  2810  2826 I ndroid.contact: Waiting for a blocking GC ProfileSaver
10-04 11:10:07.066  2898  2920 I MessagingAppDataModel: Fixup: Send failed - 0 Download failed - 0
10-04 11:10:07.067  2898  2920 W MessagingAppDataModel: Used 1090ms for FixupMessageStatusOnStartupAction#executeAction
10-04 11:10:07.112  2060  2060 D KeyguardClockSwitch: Updating clock: 1110
10-04 11:10:07.144  2810  2826 I ndroid.contact: WaitForGcToComplete blocked ProfileSaver on ClassLinker for 138.813ms
10-04 11:10:07.195  2921  2921 V OneTimeInitializerReceiver: OneTimeInitializerReceiver.onReceive
10-04 11:10:07.198  1924  2456 I OpenGLRenderer: Davey! duration=51356ms; Flags=0, IntendedVsync=155411462298, Vsync=205761460284, OldestInputEvent=9223372036854775807, NewestInputEvent=0, HandleInputStart=205773558454, AnimationStart=205773610228, PerformTraversalsStart=205773639365, DrawStart=205773803037, SyncQueued=205773823627, SyncStart=205775406301, IssueDrawCommandsStart=205837538250, SwapBuffers=206240904123, FrameCompleted=206769173883, DequeueBufferDuration=20532000, QueueBufferDuration=456394000, 
10-04 11:10:07.250  2898  2919 W MessagingApp: PhoneUtils.getForLMR1(): invalid subId = -1
10-04 11:10:07.252  2898  2919 W MessagingApp: PhoneUtils.getForLMR1(): invalid subId = -1
10-04 11:10:07.261  2734  2734 I dex2oat : setting boot class path to /apex/com.android.runtime/javalib/core-oj.jar:/apex/com.android.runtime/javalib/core-libart.jar:/apex/com.android.runtime/javalib/okhttp.jar:/apex/com.android.runtime/javalib/bouncycastle.jar:/apex/com.android.runtime/javalib/apache-xml.jar:/system/framework/framework.jar:/system/framework/ext.jar:/system/framework/telephony-common.jar:/system/framework/voip-common.jar:/system/framework/ims-common.jar:/system/framework/android.test.base.jar
10-04 11:10:07.340  2898  2919 W MessagingApp: PhoneUtils.getSelfRawNumber: subInfo is null for -1
10-04 11:10:07.342  2898  2919 W MessagingApp: PhoneUtils.getForLMR1(): invalid subId = -1
10-04 11:10:07.363  2474  2474 I m.android.phon: The ClassLoaderContext is a special shared library.
10-04 11:10:07.433  2060  2060 I Choreographer: Skipped 49 frames!  The application may be doing too much work on its main thread.
10-04 11:10:07.517  2060  2371 D EGL_emulation: eglMakeCurrent: 0x768ddef69c40: ver 3 0 (tinfo 0x768ddefd58a0)
10-04 11:10:07.530  2060  2371 I OpenGLRenderer: Davey! duration=921ms; Flags=0, IntendedVsync=206177806935, Vsync=206994473569, OldestInputEvent=9223372036854775807, NewestInputEvent=0, HandleInputStart=207004764782, AnimationStart=207004818912, PerformTraversalsStart=207020360227, DrawStart=207086188300, SyncQueued=207086443399, SyncStart=207089578606, IssueDrawCommandsStart=207094758470, SwapBuffers=207099187584, FrameCompleted=207101999068, DequeueBufferDuration=710000, QueueBufferDuration=1407000, 
10-04 11:10:07.651  2898  2920 W MessagingApp: PhoneUtils.getForLMR1(): invalid subId = -1
10-04 11:10:07.796  1687  1687 D Zygote  : Forked child process 2946
10-04 11:10:07.833  1924  1951 W ActivityManager: Slow operation: 357ms so far, now at startProcess: returned from zygote!
10-04 11:10:07.833  1924  1951 W ActivityManager: Slow operation: 358ms so far, now at startProcess: done updating battery stats
10-04 11:10:07.834  1924  1951 W ActivityManager: Slow operation: 358ms so far, now at startProcess: building log message
10-04 11:10:07.834  1924  1951 I ActivityManager: Start proc 2946:com.android.packageinstaller/u0a60 for broadcast {com.android.packageinstaller/com.android.packageinstaller.TemporaryFileManager}
10-04 11:10:07.834  1924  1951 W ActivityManager: Slow operation: 358ms so far, now at startProcess: starting to update pids map
10-04 11:10:07.842  1924  1951 W ActivityManager: Slow operation: 366ms so far, now at startProcess: done updating pids map
10-04 11:10:07.881  2830  2847 I droid.dynsyste: Waiting for a blocking GC ProfileSaver
10-04 11:10:07.931  2830  2847 I droid.dynsyste: WaitForGcToComplete blocked ProfileSaver on ClassLinker for 50.854ms
10-04 11:10:07.944  2946  2946 W ackageinstalle: Unexpected CPU variant for X86 using defaults: x86_64
10-04 11:10:07.951  1924  2456 I OpenGLRenderer: Davey! duration=1375ms; Flags=0, IntendedVsync=206061104769, Vsync=206511104751, OldestInputEvent=9223372036854775807, NewestInputEvent=0, HandleInputStart=206526435030, AnimationStart=206526493359, PerformTraversalsStart=206526496927, DrawStart=206865438045, SyncQueued=206869143100, SyncStart=206940367173, IssueDrawCommandsStart=206977816900, SwapBuffers=207193133314, FrameCompleted=207507442013, DequeueBufferDuration=34561000, QueueBufferDuration=1389000, 
10-04 11:10:08.001  1924  1942 W Looper  : Slow dispatch took 1047ms android.ui h=android.view.Choreographer$FrameHandler c=android.view.Choreographer$FrameDisplayEventReceiver@747a0ff m=0
10-04 11:10:08.065  1924  1942 W Looper  : Drained
10-04 11:10:08.145  2850  2869 W m.android.emai: Long monitor contention with owner AsyncTask #3 (2872) at long libcore.icu.NativeConverter.openConverter(java.lang.String)(NativeConverter.java:-2) waiters=0 in android.database.sqlite.SQLiteDatabase com.android.email.provider.EmailProvider.getDatabase(android.content.Context) for 3.899s
10-04 11:10:08.155  2946  2946 I ackageinstalle: The ClassLoaderContext is a special shared library.
10-04 11:10:08.233  2850  2875 W m.android.emai: Long monitor contention with owner AsyncTask #3 (2872) at long libcore.icu.NativeConverter.openConverter(java.lang.String)(NativeConverter.java:-2) waiters=1 in android.database.sqlite.SQLiteDatabase com.android.email.provider.EmailProvider.getDatabase(android.content.Context) for 3.987s
10-04 11:10:08.237  2850  2871 W m.android.emai: Long monitor contention with owner AsyncTask #3 (2872) at long libcore.icu.NativeConverter.openConverter(java.lang.String)(NativeConverter.java:-2) waiters=2 in android.database.sqlite.SQLiteDatabase com.android.email.provider.EmailProvider.getDatabase(android.content.Context) for 3.842s
10-04 11:10:08.240  2850  2877 W m.android.emai: Long monitor contention with owner AsyncTask #3 (2872) at long libcore.icu.NativeConverter.openConverter(java.lang.String)(NativeConverter.java:-2) waiters=3 in android.database.sqlite.SQLiteDatabase com.android.email.provider.EmailProvider.getDatabase(android.content.Context) for 3.842s
10-04 11:10:08.504  1924  2214 W ActivityManager: Unable to start service Intent { cmp=com.android.email/.service.AttachmentService } U=0: not found
10-04 11:10:08.656  1687  1687 D Zygote  : Forked child process 2964
10-04 11:10:08.609  1924  2214 I chatty  : uid=1000(system) Binder:1924_6 identical 1 line
10-04 11:10:08.614  1924  2214 W ActivityManager: Unable to start service Intent { cmp=com.android.email/.service.AttachmentService } U=0: not found
10-04 11:10:08.681  1924  2214 W ActivityManager: Unable to start service Intent { act=com.android.email.EXCHANGE_INTENT pkg=com.android.exchange } U=0: not found
10-04 11:10:08.688  1924  1951 W ActivityManager: Slow operation: 307ms so far, now at startProcess: returned from zygote!
10-04 11:10:08.689  1924  1951 W ActivityManager: Slow operation: 308ms so far, now at startProcess: done updating battery stats
10-04 11:10:08.689  1924  1951 W ActivityManager: Slow operation: 308ms so far, now at startProcess: building log message
10-04 11:10:08.689  1924  1951 I ActivityManager: Start proc 2964:com.android.permissioncontroller/u0a68 for broadcast {com.android.permissioncontroller/com.android.packageinstaller.permission.service.LocationAccessCheck$SetupPeriodicBackgroundLocationAccessCheck}
10-04 11:10:08.689  1924  1951 W ActivityManager: Slow operation: 308ms so far, now at startProcess: starting to update pids map
10-04 11:10:08.691  1924  1951 W ActivityManager: Slow operation: 310ms so far, now at startProcess: done updating pids map
10-04 11:10:08.770  2964  2964 W ssioncontrolle: Unexpected CPU variant for X86 using defaults: x86_64
10-04 11:10:08.902  2850  2867 I m.android.emai: Waiting for a blocking GC ProfileSaver
10-04 11:10:09.002  2850  2876 W m.android.emai: Long monitor contention with owner AsyncTask #3 (2872) at long libcore.icu.NativeConverter.openConverter(java.lang.String)(NativeConverter.java:-2) waiters=0 in void com.android.email.provider.AccountReconciler.reconcileAccounts(android.content.Context) for 4.668s
10-04 11:10:09.015  2850  2871 W m.android.emai: Long monitor contention with owner AsyncTask #1 (2869) at void android.os.MessageQueue.nativeWake(long)(MessageQueue.java:-2) waiters=1 in boolean android.os.MessageQueue.enqueueMessage(android.os.Message, long) for 187ms
10-04 11:10:09.077  2850  2965 I Email   : Observing account changes for notifications
10-04 11:10:09.128  2964  2964 I ssioncontrolle: The ClassLoaderContext is a special shared library.
10-04 11:10:09.147  2898  2920 W MessagingAppDataModel: Used 1685ms for ProcessPendingMessagesAction#executeAction
10-04 11:10:09.151  2850  2867 I m.android.emai: WaitForGcToComplete blocked ProfileSaver on ClassLinker for 248.827ms
10-04 11:10:09.285  1924  2214 W ActivityManager: Unable to start service Intent { act=com.android.email.EXCHANGE_INTENT pkg=com.android.exchange } U=0: not found
10-04 11:10:09.450  2850  2880 W m.android.emai: Long monitor contention with owner AsyncTask #3 (2872) at long libcore.icu.NativeConverter.openConverter(java.lang.String)(NativeConverter.java:-2) waiters=1 in void com.android.email.provider.AccountReconciler.reconcileAccounts(android.content.Context) for 5.093s
10-04 11:10:09.478  2850  2878 W m.android.emai: Long monitor contention with owner AsyncTask #3 (2872) at long libcore.icu.NativeConverter.openConverter(java.lang.String)(NativeConverter.java:-2) waiters=2 in void com.android.email.provider.AccountReconciler.reconcileAccounts(android.content.Context) for 5.067s
10-04 11:10:09.471  1924  2214 I chatty  : uid=1000(system) Binder:1924_6 identical 1 line
10-04 11:10:09.483  1924  2214 W ActivityManager: Unable to start service Intent { act=com.android.email.EXCHANGE_INTENT pkg=com.android.exchange } U=0: not found
10-04 11:10:09.495  2850  2850 E ActivityThread: Service com.android.email.service.EmailBroadcastProcessorService has leaked ServiceConnection com.android.emailcommon.service.ServiceProxy$ProxyConnection@a28aae8 that was originally bound here
10-04 11:10:09.495  2850  2850 E ActivityThread: android.app.ServiceConnectionLeaked: Service com.android.email.service.EmailBroadcastProcessorService has leaked ServiceConnection com.android.emailcommon.service.ServiceProxy$ProxyConnection@a28aae8 that was originally bound here
10-04 11:10:09.495  2850  2850 E ActivityThread: 	at android.app.LoadedApk$ServiceDispatcher.<init>(LoadedApk.java:1805)
10-04 11:10:09.495  2850  2850 E ActivityThread: 	at android.app.LoadedApk.getServiceDispatcherCommon(LoadedApk.java:1677)
10-04 11:10:09.495  2850  2850 E ActivityThread: 	at android.app.LoadedApk.getServiceDispatcher(LoadedApk.java:1656)
10-04 11:10:09.495  2850  2850 E ActivityThread: 	at android.app.ContextImpl.bindServiceCommon(ContextImpl.java:1721)
10-04 11:10:09.495  2850  2850 E ActivityThread: 	at android.app.ContextImpl.bindService(ContextImpl.java:1650)
10-04 11:10:09.495  2850  2850 E ActivityThread: 	at android.content.ContextWrapper.bindService(ContextWrapper.java:705)
10-04 11:10:09.495  2850  2850 E ActivityThread: 	at com.android.emailcommon.service.ServiceProxy.setTask(ServiceProxy.java:181)
10-04 11:10:09.495  2850  2850 E ActivityThread: 	at com.android.emailcommon.service.ServiceProxy.test(ServiceProxy.java:224)
10-04 11:10:09.495  2850  2850 E ActivityThread: 	at com.android.email.service.EmailServiceUtils.isServiceAvailable(EmailServiceUtils.java:160)
10-04 11:10:09.495  2850  2850 E ActivityThread: 	at com.android.email.provider.AccountReconciler.reconcileAccountsInternal(AccountReconciler.java:171)
10-04 11:10:09.495  2850  2850 E ActivityThread: 	at com.android.email.provider.AccountReconciler.reconcileAccounts(AccountReconciler.java:115)
10-04 11:10:09.495  2850  2850 E ActivityThread: 	at com.android.email.service.EmailBroadcastProcessorService.reconcileAndStartServices(EmailBroadcastProcessorService.java:305)
10-04 11:10:09.495  2850  2850 E ActivityThread: 	at com.android.email.service.EmailBroadcastProcessorService.onBootCompleted(EmailBroadcastProcessorService.java:295)
10-04 11:10:09.495  2850  2850 E ActivityThread: 	at com.android.email.service.EmailBroadcastProcessorService.onHandleIntent(EmailBroadcastProcessorService.java:130)
10-04 11:10:09.495  2850  2850 E ActivityThread: 	at android.app.IntentService$ServiceHandler.handleMessage(IntentService.java:78)
10-04 11:10:09.495  2850  2850 E ActivityThread: 	at android.os.Handler.dispatchMessage(Handler.java:107)
10-04 11:10:09.495  2850  2850 E ActivityThread: 	at android.os.Looper.loop(Looper.java:214)
10-04 11:10:09.495  2850  2850 E ActivityThread: 	at android.os.HandlerThread.run(HandlerThread.java:67)
10-04 11:10:09.509  1924  1939 W ActivityManager: Unbind failed: could not find connection for android.os.BinderProxy@e6ec78c
10-04 11:10:09.625  2474  2474 I VvmSimStateTracker: android.intent.action.BOOT_COMPLETED
10-04 11:10:09.732  1924  2214 W ActivityManager: Unable to start service Intent { act=com.android.email.EXCHANGE_INTENT pkg=com.android.exchange } U=0: not found
10-04 11:10:09.832  1687  1687 D Zygote  : Forked child process 2984
10-04 11:10:09.870  1924  1951 W ActivityManager: Slow operation: 215ms so far, now at startProcess: returned from zygote!
10-04 11:10:09.870  1924  1951 W ActivityManager: Slow operation: 216ms so far, now at startProcess: done updating battery stats
10-04 11:10:09.870  1924  1951 W ActivityManager: Slow operation: 216ms so far, now at startProcess: building log message
10-04 11:10:09.871  1924  1951 I ActivityManager: Start proc 2984:com.android.providers.calendar/u0a56 for broadcast {com.android.providers.calendar/com.android.providers.calendar.CalendarReceiver}
10-04 11:10:09.871  1924  1951 W ActivityManager: Slow operation: 216ms so far, now at startProcess: starting to update pids map
10-04 11:10:09.871  1924  1951 W ActivityManager: Slow operation: 217ms so far, now at startProcess: done updating pids map
10-04 11:10:09.887  2984  2984 W viders.calenda: Unexpected CPU variant for X86 using defaults: x86_64
10-04 11:10:10.092  2984  2984 I viders.calenda: The ClassLoaderContext is a special shared library.
10-04 11:10:10.244  2984  2984 I CalendarProvider2: Created com.android.providers.calendar.CalendarAlarmManager@799a646(com.android.providers.calendar.CalendarProvider2@d395007)
10-04 11:10:10.622  2474  2474 I m.android.phon: The ClassLoaderContext is a special shared library.
10-04 11:10:10.884  1687  1687 D Zygote  : Forked child process 3007
10-04 11:10:10.889  1924  1951 W ActivityManager: Slow operation: 200ms so far, now at startProcess: returned from zygote!
10-04 11:10:10.892  1924  1951 W ActivityManager: Slow operation: 201ms so far, now at startProcess: done updating battery stats
10-04 11:10:10.892  1924  1951 W ActivityManager: Slow operation: 203ms so far, now at startProcess: building log message
10-04 11:10:10.892  1924  1951 I ActivityManager: Start proc 3007:com.android.traceur/u0a77 for broadcast {com.android.traceur/com.android.traceur.Receiver}
10-04 11:10:10.892  1924  1951 W ActivityManager: Slow operation: 203ms so far, now at startProcess: starting to update pids map
10-04 11:10:10.893  1924  1951 W ActivityManager: Slow operation: 204ms so far, now at startProcess: done updating pids map
10-04 11:10:10.967  3007  3007 W android.traceu: Unexpected CPU variant for X86 using defaults: x86_64
10-04 11:10:11.171  3007  3007 I android.traceu: The ClassLoaderContext is a special shared library.
10-04 11:10:11.293  2898  2920 W MessagingAppDataModel: Used 2041ms for SyncMessagesAction#executeAction
10-04 11:10:11.384  2898  3025 I MessagingAppDataModel: SyncMessagesAction: Starting batch for messages from 1791080292967 to 1791112205579 (message update limit = 80, message scan limit = 4000)
10-04 11:10:11.542  2898  2920 W MessagingApp: PhoneUtils.getForLMR1(): invalid subId = -1
10-04 11:10:11.788  1924  1939 I ActivityManager: Killing 2684:com.android.localtransport/1000 (adj 985): empty #17
10-04 11:10:11.845  1924  1939 I ActivityManager: Finished processing BOOT_COMPLETED for u0
10-04 11:10:11.875  1687  1687 I Zygote  : Process 2684 exited due to signal 9 (Killed)
10-04 11:10:11.953  1924  1952 I libprocessgroup: Successfully killed process cgroup uid 1000 pid 2684 in 89ms
10-04 11:10:12.711  2898  2920 I MessagingAppDataModel: SyncMessagesAction: All messages now in sync
10-04 11:10:12.747  1924  1939 I ActivityManager: Killing 2583:com.android.keychain/1000 (adj 985): empty #17
10-04 11:10:12.814  1687  1687 I Zygote  : Process 2583 exited due to signal 9 (Killed)
10-04 11:10:12.856  1924  1952 I libprocessgroup: Successfully killed process cgroup uid 1000 pid 2583 in 92ms
10-04 11:10:12.926  1745  1745 E netmgr  : Failed to open QEMU pipe 'qemud:network': Invalid argument
10-04 11:10:15.811  1789  1789 E wifi_forwarder: RemoteConnection failed to initialize: RemoteConnection failed to open pipe
10-04 11:10:20.752  1924  1934 I system_server: Background concurrent copying GC freed 22359(1447KB) AllocSpace objects, 8(432KB) LOS objects, 42% free, 6867KB/11MB, paused 136us total 223.929ms
10-04 11:10:20.881  1924  1943 I DropBoxManagerService: add tag=system_server_strictmode isTagEnabled=true flags=0x2
10-04 11:10:22.547  2734  2734 I dex2oat : Explicit concurrent copying GC freed 8342(1157KB) AllocSpace objects, 0(0B) LOS objects, 97% free, 39KB/1575KB, paused 6.671ms total 91.671ms
10-04 11:10:22.653  2734  2734 I dex2oat : Explicit concurrent copying GC freed 56(15KB) AllocSpace objects, 0(0B) LOS objects, 97% free, 40KB/1576KB, paused 114us total 24.957ms
10-04 11:10:22.748  2734  2734 I dex2oat : Explicit concurrent copying GC freed 14(15KB) AllocSpace objects, 0(0B) LOS objects, 97% free, 40KB/1576KB, paused 69us total 9.576ms
10-04 11:10:22.984  2734  2734 W dex2oat : Verification of java.lang.Object com.nothatcher.sproutbook.BackupTest$exportReviewRestorePhotosAndInvalidRollback$1.invokeSuspend(java.lang.Object) took 155.541ms
10-04 11:10:23.587  2734  2734 W dex2oat : Verification of java.lang.Object com.nothatcher.sproutbook.BirthPreparationRepositoryTest$editedChecklistsSurviveReopenChildAndStageChangesAndBackup$1.invokeSuspend(java.lang.Object) took 321.664ms
10-04 11:10:24.566  2734  2734 W dex2oat : Verification of java.lang.Object com.nothatcher.sproutbook.CrudAndHistoryTest$connectedRecordsCreateUpdateDelete$1.invokeSuspend(java.lang.Object) took 466.972ms
10-04 11:10:25.448  1924  1949 I ActivityManager: Killing 2708:com.android.printspooler/u0a81 (adj 985): empty #17
10-04 11:10:25.528  2734  2734 W dex2oat : Verification of java.lang.Object com.nothatcher.sproutbook.EverydayRepositoryTest$pumpTransferAndTerminalStockAreAtomic$1$3.invokeSuspend(java.lang.Object) took 100.085ms
10-04 11:10:25.532  1687  1687 I Zygote  : Process 2708 exited due to signal 9 (Killed)
10-04 11:10:25.552  1924  1952 I libprocessgroup: Successfully killed process cgroup uid 10081 pid 2708 in 82ms
10-04 11:10:25.564  1924  1949 E memtrack: Couldn't load memtrack module
10-04 11:10:25.564  1924  1949 W android.os.Debug: failed to get memory consumption info: -1
10-04 11:10:25.611  1924  1949 E memtrack: Couldn't load memtrack module
10-04 11:10:25.611  1924  1949 W android.os.Debug: failed to get memory consumption info: -1
10-04 11:10:25.662  1924  1949 E memtrack: Couldn't load memtrack module
10-04 11:10:25.662  1924  1949 W android.os.Debug: failed to get memory consumption info: -1
10-04 11:10:25.684  1924  1949 E memtrack: Couldn't load memtrack module
10-04 11:10:25.684  1924  1949 W android.os.Debug: failed to get memory consumption info: -1
10-04 11:10:25.725  1924  1949 E memtrack: Couldn't load memtrack module
10-04 11:10:25.726  1924  1949 W android.os.Debug: failed to get memory consumption info: -1
10-04 11:10:25.733  2734  2734 W dex2oat : Verification of java.lang.Object com.nothatcher.sproutbook.EverydayRepositoryTest$pumpTransferAndTerminalStockAreAtomic$1.invokeSuspend(java.lang.Object) took 127.062ms
10-04 11:10:25.763  1924  1949 E memtrack: Couldn't load memtrack module
10-04 11:10:25.763  1924  1949 W android.os.Debug: failed to get memory consumption info: -1
10-04 11:10:25.792  1924  1949 E memtrack: Couldn't load memtrack module
10-04 11:10:25.792  1924  1949 W android.os.Debug: failed to get memory consumption info: -1
10-04 11:10:25.832  1924  1949 E memtrack: Couldn't load memtrack module
10-04 11:10:25.832  1924  1949 W android.os.Debug: failed to get memory consumption info: -1
10-04 11:10:25.879  1924  1949 E memtrack: Couldn't load memtrack module
10-04 11:10:25.879  1924  1949 W android.os.Debug: failed to get memory consumption info: -1
10-04 11:10:26.983  2734  2734 W dex2oat : Verification of java.lang.Object com.nothatcher.sproutbook.HealthLinkRepositoryTest$exactLinkAndInstantSurviveReopenStageChangeAndBackup$1.invokeSuspend(java.lang.Object) took 260.541ms
10-04 11:10:27.681  2734  2734 W dex2oat : Verification of java.lang.Object com.nothatcher.sproutbook.HomeOrganizerRepositoryTest$backgroundCopyIsPrivateChildScopedAndOldImagesRemainAfterReplacement$1$1.invokeSuspend(java.lang.Object) took 154.661ms
10-04 11:10:27.855  2734  2734 W dex2oat : Verification of java.lang.Object com.nothatcher.sproutbook.HomeOrganizerRepositoryTest$backupIncludesAndRemapsBackgroundWithoutChangingOtherChildSettings$1$1.invokeSuspend(java.lang.Object) took 144.177ms
10-04 11:10:28.008  2734  2734 W dex2oat : Verification of java.lang.Object com.nothatcher.sproutbook.HomeOrganizerRepositoryTest$caregiverEnabledWhilePhotoReadWaitsRejectsImportAndRemovesOnlyNewImage$1$1$2.invokeSuspend(java.lang.Object) took 102.191ms
10-04 11:10:28.111  2734  2734 W dex2oat : Verification of java.lang.Object com.nothatcher.sproutbook.HomeOrganizerRepositoryTest$caregiverEnabledWhilePhotoReadWaitsRejectsImportAndRemovesOnlyNewImage$1$1.invokeSuspend(java.lang.Object) took 100.281ms
10-04 11:10:28.544  2734  2734 W dex2oat : Verification of java.lang.Object com.nothatcher.sproutbook.HomeOrganizerRepositoryTest.withFamily(kotlin.jvm.functions.Function3, kotlin.coroutines.Continuation) took 117.541ms
10-04 11:10:28.946  2734  2734 W dex2oat : Verification of java.lang.Object com.nothatcher.sproutbook.MigrationTest$migrate$1.invokeSuspend(java.lang.Object) took 112.876ms
10-04 11:10:29.745  2734  2734 W dex2oat : Verification of java.lang.Object com.nothatcher.sproutbook.NewCareRepositoryTest$failedRestockRollsBackAndDeletedParentsClearLinks$1.invokeSuspend(java.lang.Object) took 114.543ms
10-04 11:10:30.170  2734  2734 W dex2oat : Verification of java.lang.Object com.nothatcher.sproutbook.NewCareRepositoryTest$transactionsChildIsolationBackupAndReadOnly$1.invokeSuspend(java.lang.Object) took 422.358ms
10-04 11:10:30.684  2060  2077 I ndroid.systemu: Background concurrent copying GC freed 94854(2658KB) AllocSpace objects, 0(0B) LOS objects, 49% free, 4762KB/9525KB, paused 99us total 157.699ms
10-04 11:10:31.971  2734  2734 W dex2oat : Verification of java.lang.Object com.nothatcher.sproutbook.WishlistRepositoryTest$savesCustomizationAndWishlistAcrossReopenAndBackup$1.invokeSuspend(java.lang.Object) took 278.173ms
10-04 11:10:32.426  2734  2734 I dex2oat : Explicit concurrent copying GC freed 1232(126KB) AllocSpace objects, 0(0B) LOS objects, 97% free, 43KB/1579KB, paused 126us total 28.103ms
10-04 11:10:32.512  2734  2734 I dex2oat : Explicit concurrent copying GC freed 13(15KB) AllocSpace objects, 0(0B) LOS objects, 97% free, 44KB/1580KB, paused 65us total 26.394ms
10-04 11:10:32.660  2734  2734 I dex2oat : dex2oat took 29.414s (6.838s cpu) (threads: 1) arena alloc=0B (0B) java alloc=44KB (45608B) native alloc=2645KB (2709352B) free=546KB (559256B)
10-04 11:10:32.712  1766  1766 V installd: DexInv: --- END '/data/app/com.nothatcher.sproutbook.test-tJLweBkdBqIwis3DWxuZ8w==/base.apk' (success) ---
10-04 11:10:32.733  1924  2455 I system_server: The ClassLoaderContext is a special shared library.
10-04 11:10:32.779  1924  2455 I chatty  : uid=1000 system_server identical 1 line
10-04 11:10:32.812  1924  2455 I system_server: The ClassLoaderContext is a special shared library.
10-04 11:10:32.846  1924  2455 I PackageManager.DexOptimizer: Running dexopt (dexoptNeeded=1) on: /data/app/com.nothatcher.sproutbook-xly_8ALvp578M1NRXqJiEA==/base.apk pkg=com.nothatcher.sproutbook isa=x86_64 dexoptFlags=boot_complete,debuggable,public,enable_hidden_api_checks targetFilter=verify oatDir=/data/app/com.nothatcher.sproutbook-xly_8ALvp578M1NRXqJiEA==/oat classLoaderContext=PCL[]
10-04 11:10:32.850  1766  2008 V installd: DexInv: --- BEGIN '/data/app/com.nothatcher.sproutbook-xly_8ALvp578M1NRXqJiEA==/base.apk' ---
10-04 11:10:33.452  3031  3031 W dex2oat : Unexpected CPU variant for X86 using defaults: x86_64
10-04 11:10:33.482  3031  3031 I dex2oat : /apex/com.android.runtime/bin/dex2oat --input-vdex-fd=-1 --output-vdex-fd=10 --resolve-startup-const-strings=true --max-image-block-size=524288 --compiler-filter=verify --debuggable --classpath-dir=/data/app/com.nothatcher.sproutbook-xly_8ALvp578M1NRXqJiEA== --class-loader-context=PCL[] --generate-mini-debug-info --compact-dex-level=none --compilation-reason=boot
10-04 11:10:33.632  3031  3031 I dex2oat : setting boot class path to /apex/com.android.runtime/javalib/core-oj.jar:/apex/com.android.runtime/javalib/core-libart.jar:/apex/com.android.runtime/javalib/okhttp.jar:/apex/com.android.runtime/javalib/bouncycastle.jar:/apex/com.android.runtime/javalib/apache-xml.jar:/system/framework/framework.jar:/system/framework/ext.jar:/system/framework/telephony-common.jar:/system/framework/voip-common.jar:/system/framework/ims-common.jar:/system/framework/android.test.base.jar
10-04 11:10:33.666  3031  3031 W dex2oat : Could not reserve sentinel fault page
10-04 11:10:35.861  2220  2232 I id.networkstac: Background concurrent copying GC freed 44(47KB) AllocSpace objects, 0(0B) LOS objects, 60% free, 989KB/2525KB, paused 780us total 252.788ms
10-04 11:10:36.398  3035  3035 D AndroidRuntime: >>>>>> START com.android.internal.os.RuntimeInit uid 2000 <<<<<<
10-04 11:10:36.460  3035  3035 W app_process: type=1400 audit(0.0:8): avc: denied { read } for name="u:object_r:device_config_runtime_native_boot_prop:s0" dev="tmpfs" ino=6676 scontext=u:r:shell:s0 tcontext=u:object_r:device_config_runtime_native_boot_prop:s0 tclass=file permissive=0
10-04 11:10:36.487  3035  3035 E libc    : Access denied finding property "persist.device_config.runtime_native_boot.enable_apex_image"
10-04 11:10:36.492  3035  3035 I AndroidRuntime: Using default boot image
10-04 11:10:36.493  3035  3035 E libc    : Access denied finding property "persist.device_config.runtime_native_boot.disable_lock_profiling"
10-04 11:10:36.493  3035  3035 I AndroidRuntime: Leaving lock profiling enabled
10-04 11:10:36.499  3035  3035 E libc    : Access denied finding property "persist.device_config.runtime_native_boot.enable_generational_cc"
10-04 11:10:36.480  3035  3035 W app_process: type=1400 audit(0.0:9): avc: denied { read } for name="u:object_r:device_config_runtime_native_boot_prop:s0" dev="tmpfs" ino=6676 scontext=u:r:shell:s0 tcontext=u:object_r:device_config_runtime_native_boot_prop:s0 tclass=file permissive=0
10-04 11:10:36.480  3035  3035 W app_process: type=1400 audit(0.0:10): avc: denied { read } for name="u:object_r:device_config_runtime_native_boot_prop:s0" dev="tmpfs" ino=6676 scontext=u:r:shell:s0 tcontext=u:object_r:device_config_runtime_native_boot_prop:s0 tclass=file permissive=0
10-04 11:10:36.721  3035  3035 I app_process: Core platform API reporting enabled, enforcing=false
10-04 11:10:38.096  3035  3035 D ICU     : Time zone APEX file found: /apex/com.android.tzdata/etc/icu/icu_tzdata.dat
10-04 11:10:38.294  3035  3035 W app_process: Unexpected CPU variant for X86 using defaults: x86_64
10-04 11:10:38.382  3035  3035 I app_process: The ClassLoaderContext is a special shared library.
10-04 11:10:38.425  3035  3035 I app_process: The ClassLoaderContext is a special shared library.
10-04 11:10:38.717  3035  3035 W app_process: JNI RegisterNativeMethods: attempt to register 0 native methods for android.media.AudioAttributes
10-04 11:10:38.891  3035  3035 D AndroidRuntime: Calling main entry com.android.commands.uiautomator.Launcher
10-04 11:10:39.561  1924  1924 V SettingsProvider: Notifying for 0: content://settings/secure/accessibility_enabled
10-04 11:10:39.562  1924  1924 W Looper  : Slow dispatch took 141ms main h=com.android.providers.settings.SettingsProvider$SettingsRegistry$MyHandler c=null m=1
10-04 11:10:39.795  1924  1924 W Looper  : Slow dispatch took 161ms main h=com.android.server.accessibility.AccessibilityManagerService$MainHandler c=com.android.server.accessibility.-$$Lambda$AccessibilityManagerService$RFkfb_W9wnTTs_gy8Dg3k2uQOYQ@80e854d m=0
10-04 11:10:39.812  1924  1924 W Looper  : Slow delivery took 284ms main h=com.android.server.accessibility.AccessibilityManagerService$MainHandler c=<recycled PooledLambda@43d1984> m=0
10-04 11:10:39.868  1924  1924 W Looper  : Drained
10-04 11:10:41.099  3035  3035 W AccessibilityNodeInfoDumper: Fetch time: 102ms
10-04 11:10:41.110  1924  2214 W WindowManager: removeWindowToken: Attempted to remove non-existing token: android.os.Binder@c926877
10-04 11:10:41.269  1924  1924 V SettingsProvider: Notifying for 0: content://settings/secure/accessibility_enabled
10-04 11:10:41.269  1924  1924 W Looper  : Slow dispatch took 148ms main h=com.android.providers.settings.SettingsProvider$SettingsRegistry$MyHandler c=null m=1
10-04 11:10:41.371  1924  1924 W Looper  : Slow dispatch took 101ms main h=com.android.server.accessibility.AccessibilityManagerService$MainHandler c=com.android.server.accessibility.-$$Lambda$AccessibilityManagerService$RFkfb_W9wnTTs_gy8Dg3k2uQOYQ@a585bbd m=0
10-04 11:10:41.416  1924  1924 W Looper  : Slow delivery took 204ms main h=com.android.server.accessibility.AccessibilityManagerService$MainHandler c=<recycled PooledLambda@4c0d5b2> m=0
10-04 11:10:41.500  1924  1924 V SettingsProvider: Notifying for 0: content://settings/system/accelerometer_rotation
10-04 11:10:41.502  1924  1924 W Looper  : Drained
10-04 11:10:41.502  3035  3035 D AndroidRuntime: Shutting down VM
10-04 11:10:45.873  2284  2303 I droid.launcher: Background concurrent copying GC freed 19311(1208KB) AllocSpace objects, 5(84KB) LOS objects, 49% free, 2648KB/5296KB, paused 105us total 293.443ms
10-04 11:10:45.886  2284  2305 W InputChannel-JNI: Input channel object 'recents_animation_input_consumer (client)' was finalized without being disposed!
10-04 11:10:46.412  2060  3048 W ndroid.systemu: Long monitor contention with owner AsyncTask #7 (3049) at void android.content.res.AssetManager.applyStyle(long, int, int, android.content.res.XmlBlock$Parser, int[], long, long)(AssetManager.java:1062) waiters=0 in void android.content.res.AssetManager.applyStyle(long, int, int, android.content.res.XmlBlock$Parser, int[], long, long) for 125ms
10-04 11:10:47.560  2060  2060 I Choreographer: Skipped 38 frames!  The application may be doing too much work on its main thread.
10-04 11:10:47.986  2060  2371 I OpenGLRenderer: Davey! duration=1073ms; Flags=0, IntendedVsync=246482285016, Vsync=247115618324, OldestInputEvent=9223372036854775807, NewestInputEvent=0, HandleInputStart=247131831740, AnimationStart=247131888847, PerformTraversalsStart=247136179979, DrawStart=247445429348, SyncQueued=247451592433, SyncStart=247453016761, IssueDrawCommandsStart=247453728961, SwapBuffers=247541486005, FrameCompleted=247557533518, DequeueBufferDuration=732000, QueueBufferDuration=13780000, 
10-04 11:10:48.811  2060  2371 I OpenGLRenderer: Davey! duration=902ms; Flags=0, IntendedVsync=247477095699, Vsync=247543762363, OldestInputEvent=9223372036854775807, NewestInputEvent=0, HandleInputStart=247560013552, AnimationStart=247560019220, PerformTraversalsStart=247563133071, DrawStart=247563292940, SyncQueued=247565165375, SyncStart=247568429945, IssueDrawCommandsStart=247569693030, SwapBuffers=248375995860, FrameCompleted=248383108527, DequeueBufferDuration=962000, QueueBufferDuration=3290000, 
10-04 11:10:48.961  2060  2060 I Choreographer: Skipped 55 frames!  The application may be doing too much work on its main thread.
10-04 11:10:48.971  2060  2371 I OpenGLRenderer: Davey! duration=931ms; Flags=0, IntendedVsync=247610353052, Vsync=248527019682, OldestInputEvent=9223372036854775807, NewestInputEvent=0, HandleInputStart=248532641239, AnimationStart=248532692649, PerformTraversalsStart=248535421448, DrawStart=248535586742, SyncQueued=248536399135, SyncStart=248537430769, IssueDrawCommandsStart=248537800360, SwapBuffers=248539556507, FrameCompleted=248542894826, DequeueBufferDuration=769000, QueueBufferDuration=1541000, 
10-04 11:10:54.500  3031  3031 I dex2oat : Large app, accepted running with swap.
10-04 11:10:59.624  3031  3031 W dex2oat : Verification of java.lang.String androidx.collection.FloatFloatMap.toString() took 107.576ms
10-04 11:11:00.087  2060  2060 D KeyguardClockSwitch: Updating clock: 1111
10-04 11:11:00.111  1924  1924 W Looper  : Slow dispatch took 109ms main h=com.android.server.AlarmManagerService$AlarmHandler c=com.android.server.-$$Lambda$AlarmManagerService$2$Eo-D98J-N9R2METkD-12gPs320c@f944575 m=0
10-04 11:11:00.278  3031  3031 W dex2oat : Verification of int androidx.collection.IntIntMap.hashCode() took 201.625ms
10-04 11:11:00.563  3031  3031 W dex2oat : Verification of java.lang.String androidx.collection.IntIntMap.joinToString(java.lang.CharSequence, java.lang.CharSequence, kotlin.jvm.functions.Function2) took 274.737ms
10-04 11:11:00.710  3031  3031 W dex2oat : Verification of androidx.collection.MutableIntIntMap androidx.collection.IntIntMapKt.mutableIntIntMapOf() took 105.174ms
10-04 11:11:00.899  3031  3031 W dex2oat : Verification of java.lang.String androidx.collection.IntList.joinToString$default(androidx.collection.IntList, java.lang.CharSequence, java.lang.CharSequence, java.lang.CharSequence, int, java.lang.CharSequence, kotlin.jvm.functions.Function1, int, java.lang.Object) took 185.974ms
10-04 11:11:01.462  3031  3031 W dex2oat : Verification of java.lang.String androidx.collection.IntList.joinToString(kotlin.jvm.functions.Function1) took 536.591ms
10-04 11:11:02.087  1806  1806 W livelock: sample 1.370s
10-04 11:11:02.100  3031  3031 W dex2oat : Verification of androidx.collection.MutableIntLongMap androidx.collection.IntLongMapKt.mutableIntLongMapOf(int, long, int, long, int, long, int, long, int, long) took 171.998ms
10-04 11:11:12.259  3031  3031 W dex2oat : Verification of boolean androidx.compose.foundation.gestures.ScrollableKt.getShouldBeTriggeredByMouseWheel(androidx.compose.foundation.gestures.FlingBehavior) took 157.727ms
10-04 11:11:12.982  1745  1745 E netmgr  : Failed to open QEMU pipe 'qemud:network': Invalid argument
10-04 11:11:15.591  3031  3031 W dex2oat : Accessing hidden method Landroid/view/WindowInsetsAnimationController;->getCurrentInsets()Landroid/graphics/Insets; (blacklist, linking, denied)
10-04 11:11:15.603  3031  3031 W dex2oat : Accessing hidden method Landroid/view/WindowInsetsAnimationController;->getHiddenStateInsets()Landroid/graphics/Insets; (blacklist, linking, denied)
10-04 11:11:15.604  3031  3031 W dex2oat : Accessing hidden method Landroid/view/WindowInsetsAnimationController;->getShownStateInsets()Landroid/graphics/Insets; (blacklist, linking, denied)
10-04 11:11:15.604  3031  3031 W dex2oat : Accessing hidden method Landroid/view/WindowInsetsAnimationController;->getCurrentInsets()Landroid/graphics/Insets; (blacklist, linking, denied)
10-04 11:11:15.613  3031  3031 W dex2oat : Accessing hidden method Landroid/view/View;->getWindowInsetsController()Landroid/view/WindowInsetsController; (blacklist, linking, denied)
10-04 11:11:15.620  3031  3031 W dex2oat : Accessing hidden method Landroid/view/WindowInsetsAnimationController;->getHiddenStateInsets()Landroid/graphics/Insets; (blacklist, linking, denied)
10-04 11:11:15.620  3031  3031 W dex2oat : Accessing hidden method Landroid/view/WindowInsetsAnimationController;->getShownStateInsets()Landroid/graphics/Insets; (blacklist, linking, denied)
10-04 11:11:15.621  3031  3031 W dex2oat : Accessing hidden method Landroid/view/WindowInsetsAnimationController;->getCurrentInsets()Landroid/graphics/Insets; (blacklist, linking, denied)
10-04 11:11:15.665  3031  3031 W dex2oat : Accessing hidden method Landroid/view/WindowInsetsAnimationController;->getCurrentInsets()Landroid/graphics/Insets; (blacklist, linking, denied)
10-04 11:11:15.665  3031  3031 W dex2oat : Accessing hidden method Landroid/view/WindowInsetsAnimationController;->getHiddenStateInsets()Landroid/graphics/Insets; (blacklist, linking, denied)
10-04 11:11:15.872  1789  1789 E wifi_forwarder: RemoteConnection failed to initialize: RemoteConnection failed to open pipe
10-04 11:11:17.701  3031  3031 W dex2oat : Verification of void androidx.compose.foundation.lazy.layout.LazyLayoutItemAnimator.onMeasured(int, int, int, java.util.List, androidx.compose.foundation.lazy.layout.LazyLayoutKeyIndexMap, androidx.compose.foundation.lazy.layout.LazyLayoutMeasuredItemProvider, boolean, boolean, int, boolean, int, int, kotlinx.coroutines.CoroutineScope, androidx.compose.ui.graphics.GraphicsContext) took 115.151ms
10-04 11:11:18.686  3031  3031 W dex2oat : Verification of androidx.compose.foundation.lazy.staggeredgrid.LazyStaggeredGridMeasureResult androidx.compose.foundation.lazy.staggeredgrid.LazyStaggeredGridMeasureKt.measure(androidx.compose.foundation.lazy.staggeredgrid.LazyStaggeredGridMeasureContext, int, int[], int[], boolean) took 130.699ms
10-04 11:11:19.758  3031  3031 W dex2oat : Verification of void androidx.compose.foundation.relocation.BringIntoViewResponderNode$bringIntoView$2$1.<init>(androidx.compose.foundation.relocation.BringIntoViewResponderNode, androidx.compose.ui.layout.LayoutCoordinates, kotlin.jvm.functions.Function0, kotlin.coroutines.Continuation) took 244.425ms
10-04 11:11:20.715  3031  3031 W dex2oat : Verification of void androidx.compose.foundation.text.BasicTextFieldKt.BasicTextField(androidx.compose.foundation.text.input.TextFieldState, androidx.compose.ui.Modifier, boolean, boolean, androidx.compose.foundation.text.input.InputTransformation, androidx.compose.ui.text.TextStyle, androidx.compose.foundation.text.KeyboardOptions, androidx.compose.foundation.text.input.KeyboardActionHandler, androidx.compose.foundation.text.input.TextFieldLineLimits, kotlin.jvm.functions.Function2, androidx.compose.foundation.interaction.MutableInteractionSource, androidx.compose.ui.graphics.Brush, androidx.compose.foundation.text.input.internal.CodepointTransformation, androidx.compose.foundation.text.input.OutputTransformation, androidx.compose.foundation.text.input.TextFieldDecorator, androidx.compose.foundation.ScrollState, boolean, androidx.compose.runtime.Composer, int, int, int) took 210.033ms
10-04 11:11:22.010  3031  3031 W dex2oat : Verification of void androidx.compose.foundation.text.CoreTextFieldKt.CoreTextField(androidx.compose.ui.text.input.TextFieldValue, kotlin.jvm.functions.Function1, androidx.compose.ui.Modifier, androidx.compose.ui.text.TextStyle, androidx.compose.ui.text.input.VisualTransformation, kotlin.jvm.functions.Function1, androidx.compose.foundation.interaction.MutableInteractionSource, androidx.compose.ui.graphics.Brush, boolean, int, int, androidx.compose.ui.text.input.ImeOptions, androidx.compose.foundation.text.KeyboardActions, boolean, boolean, kotlin.jvm.functions.Function3, androidx.compose.foundation.text.TextFieldScrollerPosition, androidx.compose.runtime.Composer, int, int, int) took 305.199ms
10-04 11:11:36.505  3031  3031 W dex2oat : Verification of void androidx.compose.material3.OutlinedTextFieldKt.OutlinedTextFieldLayout(androidx.compose.ui.Modifier, kotlin.jvm.functions.Function2, kotlin.jvm.functions.Function3, kotlin.jvm.functions.Function2, kotlin.jvm.functions.Function2, kotlin.jvm.functions.Function2, kotlin.jvm.functions.Function2, kotlin.jvm.functions.Function2, boolean, float, kotlin.jvm.functions.Function1, kotlin.jvm.functions.Function2, kotlin.jvm.functions.Function2, androidx.compose.foundation.layout.PaddingValues, androidx.compose.runtime.Composer, int, int) took 220.726ms
10-04 11:11:40.570  3031  3031 W dex2oat : Verification of void androidx.compose.material3.TextFieldKt.TextFieldLayout(androidx.compose.ui.Modifier, kotlin.jvm.functions.Function2, kotlin.jvm.functions.Function2, kotlin.jvm.functions.Function3, kotlin.jvm.functions.Function2, kotlin.jvm.functions.Function2, kotlin.jvm.functions.Function2, kotlin.jvm.functions.Function2, boolean, float, kotlin.jvm.functions.Function2, kotlin.jvm.functions.Function2, androidx.compose.foundation.layout.PaddingValues, androidx.compose.runtime.Composer, int, int) took 149.700ms
10-04 11:11:43.418  3031  3031 W dex2oat : Verification of void androidx.compose.material3.internal.TextFieldImplKt.CommonDecorationBox(androidx.compose.material3.internal.TextFieldType, java.lang.String, kotlin.jvm.functions.Function2, androidx.compose.ui.text.input.VisualTransformation, kotlin.jvm.functions.Function2, kotlin.jvm.functions.Function2, kotlin.jvm.functions.Function2, kotlin.jvm.functions.Function2, kotlin.jvm.functions.Function2, kotlin.jvm.functions.Function2, kotlin.jvm.functions.Function2, boolean, boolean, boolean, androidx.compose.foundation.interaction.InteractionSource, androidx.compose.foundation.layout.PaddingValues, androidx.compose.material3.TextFieldColors, kotlin.jvm.functions.Function2, androidx.compose.runtime.Composer, int, int, int) took 328.783ms
10-04 11:11:46.273  3031  3031 W dex2oat : Verification of java.lang.Object[] androidx.compose.runtime.collection.MutableVector$SubList.toArray() took 147.509ms
10-04 11:11:47.081  2060  2077 I ndroid.systemu: Background young concurrent copying GC freed 159875(4367KB) AllocSpace objects, 0(0B) LOS objects, 46% free, 5052KB/9525KB, paused 184us total 205.226ms
10-04 11:11:48.765  3031  3031 W dex2oat : Verification of void androidx.compose.ui.autofill.PopulateViewStructure_androidKt.populate(android.view.ViewStructure, androidx.compose.ui.semantics.SemanticsInfo, android.view.autofill.AutofillId, java.lang.String, androidx.compose.ui.spatial.RectManager) took 137.732ms
10-04 11:11:49.674  3031  3031 W dex2oat : Verification of boolean androidx.compose.ui.focus.FocusOwnerImpl.dispatchKeyEvent-YhN2O0w(android.view.KeyEvent, kotlin.jvm.functions.Function0) took 102.349ms
10-04 11:12:00.065  2060  2060 D KeyguardClockSwitch: Updating clock: 1112
10-04 11:12:01.639  3031  3031 I dex2oat : Explicit concurrent copying GC freed 49573(7732KB) AllocSpace objects, 0(0B) LOS objects, 98% free, 19KB/1555KB, paused 895us total 145.961ms
10-04 11:12:02.152  3031  3031 I dex2oat : Explicit concurrent copying GC freed 479(77KB) AllocSpace objects, 0(0B) LOS objects, 98% free, 22KB/1558KB, paused 96us total 8.084ms
10-04 11:12:02.565  3031  3031 I dex2oat : Explicit concurrent copying GC freed 661(125KB) AllocSpace objects, 0(0B) LOS objects, 98% free, 24KB/1560KB, paused 149us total 12.811ms
10-04 11:12:03.310  3031  3031 I dex2oat : Explicit concurrent copying GC freed 1836(237KB) AllocSpace objects, 0(0B) LOS objects, 98% free, 27KB/1563KB, paused 76us total 10.792ms
10-04 11:12:03.712  3031  3031 I dex2oat : Explicit concurrent copying GC freed 323(45KB) AllocSpace objects, 0(0B) LOS objects, 98% free, 30KB/1566KB, paused 191us total 14.211ms
10-04 11:12:04.560  3031  3031 I dex2oat : Explicit concurrent copying GC freed 1960(299KB) AllocSpace objects, 0(0B) LOS objects, 96% free, 53KB/1589KB, paused 77us total 13.959ms
10-04 11:12:05.052  3031  3031 I dex2oat : Explicit concurrent copying GC freed 656(93KB) AllocSpace objects, 0(0B) LOS objects, 96% free, 56KB/1592KB, paused 74us total 7.240ms
10-04 11:12:05.811  3031  3031 I dex2oat : Explicit concurrent copying GC freed 1786(221KB) AllocSpace objects, 0(0B) LOS objects, 96% free, 58KB/1594KB, paused 74us total 11.624ms
10-04 11:12:06.501  3031  3031 I dex2oat : Explicit concurrent copying GC freed 1252(161KB) AllocSpace objects, 0(0B) LOS objects, 96% free, 61KB/1597KB, paused 73us total 13.299ms
10-04 11:12:06.976  3031  3031 I dex2oat : Explicit concurrent copying GC freed 813(109KB) AllocSpace objects, 0(0B) LOS objects, 96% free, 63KB/1599KB, paused 72us total 12.091ms
10-04 11:12:07.643  3031  3031 I dex2oat : Explicit concurrent copying GC freed 1709(206KB) AllocSpace objects, 0(0B) LOS objects, 95% free, 65KB/1601KB, paused 74us total 13.632ms
10-04 11:12:08.116  3031  3031 I dex2oat : Explicit concurrent copying GC freed 798(109KB) AllocSpace objects, 0(0B) LOS objects, 95% free, 68KB/1604KB, paused 75us total 13.127ms
10-04 11:12:08.527  3031  3031 I dex2oat : Explicit concurrent copying GC freed 572(111KB) AllocSpace objects, 0(0B) LOS objects, 95% free, 70KB/1606KB, paused 73us total 9.546ms
10-04 11:12:09.261  3031  3031 I dex2oat : Explicit concurrent copying GC freed 1955(238KB) AllocSpace objects, 0(0B) LOS objects, 95% free, 73KB/1609KB, paused 75us total 12.678ms
10-04 11:12:10.936  3031  3031 I dex2oat : Explicit concurrent copying GC freed 5235(707KB) AllocSpace objects, 0(0B) LOS objects, 95% free, 76KB/1612KB, paused 116us total 15.267ms
10-04 11:12:11.285  3031  3031 I dex2oat : Explicit concurrent copying GC freed 26(13KB) AllocSpace objects, 0(0B) LOS objects, 95% free, 78KB/1614KB, paused 77us total 7.484ms
10-04 11:12:12.088  3031  3031 W dex2oat : Accessing hidden method Landroid/graphics/Canvas;->drawPatch(Landroid/graphics/NinePatch;Landroid/graphics/Rect;Landroid/graphics/Paint;)V (greylist-max-o, linking, denied)
10-04 11:12:12.089  3031  3031 W dex2oat : Accessing hidden method Landroid/graphics/Canvas;->drawPatch(Landroid/graphics/NinePatch;Landroid/graphics/RectF;Landroid/graphics/Paint;)V (greylist-max-o, linking, denied)
10-04 11:12:12.985  1745  1745 E netmgr  : Failed to open QEMU pipe 'qemud:network': Invalid argument
10-04 11:12:13.870  3031  3031 W dex2oat : Accessing hidden method Landroid/icu/number/NumberFormatter;->with()Landroid/icu/number/UnlocalizedNumberFormatter; (blacklist, linking, denied)
10-04 11:12:13.871  3031  3031 W dex2oat : Accessing hidden method Landroid/icu/number/NumberFormatterSettings;->unit(Landroid/icu/util/MeasureUnit;)Landroid/icu/number/NumberFormatterSettings; (blacklist, linking, denied)
10-04 11:12:13.877  3031  3031 W dex2oat : Accessing hidden method Landroid/icu/number/UnlocalizedNumberFormatter;->locale(Ljava/util/Locale;)Landroid/icu/number/LocalizedNumberFormatter; (blacklist, linking, denied)
10-04 11:12:13.878  3031  3031 W dex2oat : Accessing hidden method Landroid/icu/number/LocalizedNumberFormatter;->format(J)Landroid/icu/number/FormattedNumber; (blacklist, linking, denied)
10-04 11:12:14.077  3031  3031 W dex2oat : Accessing hidden method Landroid/view/WindowInsets$Type;->ime()I (blacklist, linking, denied)
10-04 11:12:14.077  3031  3031 W dex2oat : Accessing hidden method Landroid/view/WindowInsetsController;->hide(I)V (blacklist, linking, denied)
10-04 11:12:14.077  3031  3031 W dex2oat : Accessing hidden method Landroid/view/View;->getWindowInsetsController()Landroid/view/WindowInsetsController; (blacklist, linking, denied)
10-04 11:12:14.078  3031  3031 W dex2oat : Accessing hidden method Landroid/view/WindowInsets$Type;->ime()I (blacklist, linking, denied)
10-04 11:12:14.078  3031  3031 W dex2oat : Accessing hidden method Landroid/view/WindowInsetsController;->show(I)V (blacklist, linking, denied)
10-04 11:12:14.080  3031  3031 W dex2oat : Accessing hidden method Landroid/view/View;->getWindowInsetsController()Landroid/view/WindowInsetsController; (blacklist, linking, denied)
10-04 11:12:14.080  3031  3031 W dex2oat : Accessing hidden method Landroid/view/WindowInsets$Type;->ime()I (blacklist, linking, denied)
10-04 11:12:14.119  3031  3031 W dex2oat : Accessing hidden method Landroid/view/View;->getWindowInsetsController()Landroid/view/WindowInsetsController; (blacklist, linking, denied)
10-04 11:12:14.230  3031  3031 W dex2oat : Accessing hidden method Landroid/view/WindowInsetsAnimationController;->getCurrentInsets()Landroid/graphics/Insets; (blacklist, linking, denied)
10-04 11:12:14.230  3031  3031 W dex2oat : Accessing hidden method Landroid/view/WindowInsetsAnimationController;->getHiddenStateInsets()Landroid/graphics/Insets; (blacklist, linking, denied)
10-04 11:12:14.231  3031  3031 W dex2oat : Accessing hidden method Landroid/view/WindowInsetsAnimationController;->getShownStateInsets()Landroid/graphics/Insets; (blacklist, linking, denied)
10-04 11:12:14.231  3031  3031 W dex2oat : Accessing hidden method Landroid/view/WindowInsetsAnimationController;->getTypes()I (blacklist, linking, denied)
10-04 11:12:14.245  3031  3031 W dex2oat : Accessing hidden method Landroid/view/WindowInsets$Builder;->setInsets(ILandroid/graphics/Insets;)Landroid/view/WindowInsets$Builder; (blacklist, linking, denied)
10-04 11:12:14.246  3031  3031 W dex2oat : Accessing hidden method Landroid/view/WindowInsets$Builder;->setVisible(IZ)Landroid/view/WindowInsets$Builder; (blacklist, linking, denied)
10-04 11:12:14.262  3031  3031 W dex2oat : Accessing hidden method Landroid/view/WindowInsets;->getInsets(I)Landroid/graphics/Insets; (blacklist, linking, denied)
10-04 11:12:14.263  3031  3031 W dex2oat : Accessing hidden method Landroid/view/WindowInsets;->isVisible(I)Z (blacklist, linking, denied)
10-04 11:12:14.264  3031  3031 W dex2oat : Accessing hidden method Landroid/view/WindowInsets$Type;->tappableElement()I (blacklist, linking, denied)
10-04 11:12:14.264  3031  3031 W dex2oat : Accessing hidden method Landroid/view/WindowInsets$Type;->mandatorySystemGestures()I (blacklist, linking, denied)
10-04 11:12:14.264  3031  3031 W dex2oat : Accessing hidden method Landroid/view/WindowInsets$Type;->systemGestures()I (blacklist, linking, denied)
10-04 11:12:14.264  3031  3031 W dex2oat : Accessing hidden method Landroid/view/WindowInsets$Type;->ime()I (blacklist, linking, denied)
10-04 11:12:14.278  3031  3031 W dex2oat : Accessing hidden method Landroid/view/Window;->getInsetsController()Landroid/view/WindowInsetsController; (blacklist, linking, denied)
10-04 11:12:14.280  3031  3031 W dex2oat : Accessing hidden method Landroid/view/WindowInsetsController;->hide(I)V (blacklist, linking, denied)
10-04 11:12:14.282  3031  3031 W dex2oat : Accessing hidden method Landroid/view/WindowInsetsController;->show(I)V (blacklist, linking, denied)
10-04 11:12:14.304  3031  3031 W dex2oat : Accessing hidden method Landroid/view/accessibility/AccessibilityNodeInfo$RangeInfo;-><init>(IFFF)V (greylist-max-o, linking, denied)
10-04 11:12:14.370  3031  3031 W dex2oat : Accessing hidden method Landroid/view/accessibility/AccessibilityWindowInfo;-><init>()V (greylist-max-o, linking, denied)
10-04 11:12:15.929  1789  1789 E wifi_forwarder: RemoteConnection failed to initialize: RemoteConnection failed to open pipe
10-04 11:12:18.958  3031  3031 W dex2oat : Accessing hidden method Landroid/app/job/JobParameters;->getStopReason()I (greylist-max-o, linking, denied)
10-04 11:12:24.044  3031  3031 I dex2oat : Explicit concurrent copying GC freed 35502(5458KB) AllocSpace objects, 0(0B) LOS objects, 92% free, 129KB/1665KB, paused 77us total 72.979ms
10-04 11:12:24.818  3031  3031 I dex2oat : Explicit concurrent copying GC freed 1044(146KB) AllocSpace objects, 0(0B) LOS objects, 92% free, 131KB/1667KB, paused 104us total 13.812ms
10-04 11:12:24.926  3031  3031 I dex2oat : dex2oat took 111.593s (57.743s cpu) (threads: 1) arena alloc=0B (0B) java alloc=131KB (134888B) native alloc=8909KB (9123312B) free=738KB (756240B) swap=16MB (16777216B)
10-04 11:12:24.969  1766  2008 V installd: DexInv: --- END '/data/app/com.nothatcher.sproutbook-xly_8ALvp578M1NRXqJiEA==/base.apk' (success) ---
10-04 11:12:25.065  1924  2455 I system_server: The ClassLoaderContext is a special shared library.
10-04 11:12:25.515  1924  2455 I chatty  : uid=1000 system_server identical 21 lines
10-04 11:12:25.538  1924  2455 I system_server: The ClassLoaderContext is a special shared library.
10-04 11:12:25.542  1924  2455 I BackgroundDexOptService: Pinning optimized code {com.nothatcher.sproutbook.test, com.nothatcher.sproutbook}
10-04 11:12:25.570  1924  1924 I ActivityManager: Killing 2791:com.android.calendar/u0a105 (adj 985): empty #17
10-04 11:12:25.619  1924  1949 E memtrack: Couldn't load memtrack module
10-04 11:12:25.619  1924  1949 W android.os.Debug: failed to get memory consumption info: -1
10-04 11:12:25.648  1924  1949 E memtrack: Couldn't load memtrack module
10-04 11:12:25.648  1924  1949 W android.os.Debug: failed to get memory consumption info: -1
10-04 11:12:25.670  1687  1687 I Zygote  : Process 2791 exited due to signal 9 (Killed)
10-04 11:12:25.678  1924  1952 I libprocessgroup: Successfully killed process cgroup uid 10105 pid 2791 in 92ms
10-04 11:12:25.705  1924  1949 E memtrack: Couldn't load memtrack module
10-04 11:12:25.705  1924  1949 W android.os.Debug: failed to get memory consumption info: -1
10-04 11:12:25.721  1924  1949 E memtrack: Couldn't load memtrack module
10-04 11:12:25.722  1924  1949 W android.os.Debug: failed to get memory consumption info: -1
10-04 11:12:25.731  1924  1949 E memtrack: Couldn't load memtrack module
10-04 11:12:25.731  1924  1949 W android.os.Debug: failed to get memory consumption info: -1
10-04 11:12:25.743  1924  1949 E memtrack: Couldn't load memtrack module
10-04 11:12:25.743  1924  1949 W android.os.Debug: failed to get memory consumption info: -1
10-04 11:12:25.751  1924  1949 E memtrack: Couldn't load memtrack module
10-04 11:12:25.751  1924  1949 W android.os.Debug: failed to get memory consumption info: -1
10-04 11:12:25.765  1924  1949 E memtrack: Couldn't load memtrack module
10-04 11:12:25.765  1924  1949 W android.os.Debug: failed to get memory consumption info: -1
10-04 11:12:25.772  1924  1949 E memtrack: Couldn't load memtrack module
10-04 11:12:25.772  1924  1949 W android.os.Debug: failed to get memory consumption info: -1
10-04 11:12:25.783  1924  1949 E memtrack: Couldn't load memtrack module
10-04 11:12:25.784  1924  1949 W android.os.Debug: failed to get memory consumption info: -1
10-04 11:12:25.794  1924  1949 E memtrack: Couldn't load memtrack module
10-04 11:12:25.794  1924  1949 W android.os.Debug: failed to get memory consumption info: -1
10-04 11:12:25.804  1924  1949 E memtrack: Couldn't load memtrack module
10-04 11:12:25.804  1924  1949 W android.os.Debug: failed to get memory consumption info: -1
10-04 11:12:25.814  1924  1949 E memtrack: Couldn't load memtrack module
10-04 11:12:25.814  1924  1949 W android.os.Debug: failed to get memory consumption info: -1
10-04 11:12:25.831  1924  1949 E memtrack: Couldn't load memtrack module
10-04 11:12:25.831  1924  1949 W android.os.Debug: failed to get memory consumption info: -1
10-04 11:12:25.843  1924  1949 E memtrack: Couldn't load memtrack module
10-04 11:12:25.843  1924  1949 W android.os.Debug: failed to get memory consumption info: -1
10-04 11:13:00.031  2060  2060 D KeyguardClockSwitch: Updating clock: 1113
10-04 11:13:13.096  1745  1745 E netmgr  : Failed to open QEMU pipe 'qemud:network': Invalid argument
10-04 11:13:15.991  1789  1789 E wifi_forwarder: RemoteConnection failed to initialize: RemoteConnection failed to open pipe
10-04 11:14:00.035  2060  2060 D KeyguardClockSwitch: Updating clock: 1114
10-04 11:14:13.101  1745  1745 E netmgr  : Failed to open QEMU pipe 'qemud:network': Invalid argument
10-04 11:14:16.009  1789  1789 E wifi_forwarder: RemoteConnection failed to initialize: RemoteConnection failed to open pipe
10-04 11:14:42.505  3056  3056 D AndroidRuntime: >>>>>> START com.android.internal.os.RuntimeInit uid 2000 <<<<<<
10-04 11:14:42.521  3056  3056 W app_process: type=1400 audit(0.0:11): avc: denied { read } for name="u:object_r:device_config_runtime_native_boot_prop:s0" dev="tmpfs" ino=6676 scontext=u:r:shell:s0 tcontext=u:object_r:device_config_runtime_native_boot_prop:s0 tclass=file permissive=0
10-04 11:14:42.533  3056  3056 E libc    : Access denied finding property "persist.device_config.runtime_native_boot.enable_apex_image"
10-04 11:14:42.534  3056  3056 I AndroidRuntime: Using default boot image
10-04 11:14:42.542  3056  3056 E libc    : Access denied finding property "persist.device_config.runtime_native_boot.disable_lock_profiling"
10-04 11:14:42.542  3056  3056 I AndroidRuntime: Leaving lock profiling enabled
10-04 11:14:42.521  3056  3056 W app_process: type=1400 audit(0.0:12): avc: denied { read } for name="u:object_r:device_config_runtime_native_boot_prop:s0" dev="tmpfs" ino=6676 scontext=u:r:shell:s0 tcontext=u:object_r:device_config_runtime_native_boot_prop:s0 tclass=file permissive=0
10-04 11:14:42.531  3056  3056 W app_process: type=1400 audit(0.0:13): avc: denied { read } for name="u:object_r:device_config_runtime_native_boot_prop:s0" dev="tmpfs" ino=6676 scontext=u:r:shell:s0 tcontext=u:object_r:device_config_runtime_native_boot_prop:s0 tclass=file permissive=0
10-04 11:14:42.545  3056  3056 E libc    : Access denied finding property "persist.device_config.runtime_native_boot.enable_generational_cc"
10-04 11:14:42.663  3056  3056 I app_process: Core platform API reporting enabled, enforcing=false
10-04 11:14:43.235  3056  3056 D ICU     : Time zone APEX file found: /apex/com.android.tzdata/etc/icu/icu_tzdata.dat
10-04 11:14:43.334  3056  3056 W app_process: Unexpected CPU variant for X86 using defaults: x86_64
10-04 11:14:43.368  3056  3056 I app_process: The ClassLoaderContext is a special shared library.
10-04 11:14:43.385  3056  3056 I app_process: The ClassLoaderContext is a special shared library.
10-04 11:14:43.527  3056  3056 W app_process: JNI RegisterNativeMethods: attempt to register 0 native methods for android.media.AudioAttributes
10-04 11:14:43.613  3056  3056 D AndroidRuntime: Calling main entry com.android.commands.uiautomator.Launcher
10-04 11:14:43.722  1924  1924 V SettingsProvider: Notifying for 0: content://settings/secure/accessibility_enabled
10-04 11:14:44.409  1924  1996 E memtrack: Couldn't load memtrack module
10-04 11:14:44.409  1924  1996 W android.os.Debug: failed to get memory consumption info: -1
10-04 11:14:44.920  3056  3056 E AccessibilityNodeInfoDumper: failed to dump window to file
10-04 11:14:44.920  3056  3056 E AccessibilityNodeInfoDumper: java.io.FileNotFoundException: /sdcard/resume-overlay.xml: open failed: ENOENT (No such file or directory)
10-04 11:14:44.920  3056  3056 E AccessibilityNodeInfoDumper: 	at libcore.io.IoBridge.open(IoBridge.java:496)
10-04 11:14:44.920  3056  3056 E AccessibilityNodeInfoDumper: 	at java.io.FileOutputStream.<init>(FileOutputStream.java:235)
10-04 11:14:44.920  3056  3056 E AccessibilityNodeInfoDumper: 	at java.io.FileOutputStream.<init>(FileOutputStream.java:186)
10-04 11:14:44.920  3056  3056 E AccessibilityNodeInfoDumper: 	at java.io.FileWriter.<init>(FileWriter.java:90)
10-04 11:14:44.920  3056  3056 E AccessibilityNodeInfoDumper: 	at com.android.uiautomator.core.AccessibilityNodeInfoDumper.dumpWindowToFile(AccessibilityNodeInfoDumper.java:82)
10-04 11:14:44.920  3056  3056 E AccessibilityNodeInfoDumper: 	at com.android.commands.uiautomator.DumpCommand.run(DumpCommand.java:99)
10-04 11:14:44.920  3056  3056 E AccessibilityNodeInfoDumper: 	at com.android.commands.uiautomator.Launcher.main(Launcher.java:83)
10-04 11:14:44.920  3056  3056 E AccessibilityNodeInfoDumper: 	at com.android.internal.os.RuntimeInit.nativeFinishInit(Native Method)
10-04 11:14:44.920  3056  3056 E AccessibilityNodeInfoDumper: 	at com.android.internal.os.RuntimeInit.main(RuntimeInit.java:338)
10-04 11:14:44.920  3056  3056 E AccessibilityNodeInfoDumper: Caused by: android.system.ErrnoException: open failed: ENOENT (No such file or directory)
10-04 11:14:44.920  3056  3056 E AccessibilityNodeInfoDumper: 	at libcore.io.Linux.open(Native Method)
10-04 11:14:44.920  3056  3056 E AccessibilityNodeInfoDumper: 	at libcore.io.ForwardingOs.open(ForwardingOs.java:167)
10-04 11:14:44.920  3056  3056 E AccessibilityNodeInfoDumper: 	at libcore.io.BlockGuardOs.open(BlockGuardOs.java:252)
10-04 11:14:44.920  3056  3056 E AccessibilityNodeInfoDumper: 	at libcore.io.IoBridge.open(IoBridge.java:482)
10-04 11:14:44.920  3056  3056 E AccessibilityNodeInfoDumper: 	... 8 more
10-04 11:14:44.920  3056  3056 W AccessibilityNodeInfoDumper: Fetch time: 26ms
10-04 11:14:44.932  1924  1996 W WindowManager: removeWindowToken: Attempted to remove non-existing token: android.os.Binder@52660dc
10-04 11:14:44.937  1924  1924 V SettingsProvider: Notifying for 0: content://settings/secure/accessibility_enabled
10-04 11:14:45.139  3056  3056 D AndroidRuntime: Shutting down VM
10-04 11:14:52.878  3070  3070 I abb     : StartCommandInProcess(73657474696e67730067657400676c6f settings.get.glo [truncated])
10-04 11:14:52.911  1924  1924 W Binder:1924_C: type=1400 audit(0.0:14): avc: denied { getopt } for scontext=u:r:system_server:s0 tcontext=u:r:shell:s0 tclass=unix_stream_socket permissive=0
10-04 11:14:52.911  1924  1924 I chatty  : uid=1000 system_server identical 1 line
10-04 11:14:52.911  1924  1924 W Binder:1924_C: type=1400 audit(0.0:16): avc: denied { getopt } for scontext=u:r:system_server:s0 tcontext=u:r:shell:s0 tclass=unix_stream_socket permissive=0
10-04 11:14:52.931  1748  1748 W adbd    : type=1400 audit(0.0:17): avc: denied { shutdown } for scontext=u:r:adbd:s0 tcontext=u:r:shell:s0 tclass=unix_stream_socket permissive=0
10-04 11:14:52.950  3070  3070 I abb     : StartCommandInProcess(7061636b61676500696e7374616c6c00 package.install. [truncated])
10-04 11:14:53.451  1924  1924 W Binder:1924_C: type=1400 audit(0.0:18): avc: denied { getopt } for scontext=u:r:system_server:s0 tcontext=u:r:shell:s0 tclass=unix_stream_socket permissive=0
10-04 11:14:53.917  1924  1964 W PackageParser: Unknown element under <manifest>: queries at /data/app/vmdl1785468591.tmp/base.apk Binary XML file line #16
10-04 11:14:53.970  1924  1964 W PackageParser: No actions in intent filter at /data/app/vmdl1785468591.tmp/base.apk Binary XML file line #36
10-04 11:14:53.971  1924  1964 W PackageParser: No actions in intent filter at /data/app/vmdl1785468591.tmp/base.apk Binary XML file line #44
10-04 11:14:53.971  1924  1964 W PackageParser: No actions in intent filter at /data/app/vmdl1785468591.tmp/base.apk Binary XML file line #52
10-04 11:14:54.016  1924  1964 I PackageParser: Parse times for '/data/app/vmdl1785468591.tmp': parse=219ms, update_cache=0 ms
10-04 11:14:54.205  1924  1950 I ActivityManager: Force stopping com.nothatcher.sproutbook.test appid=10117 user=-1: installPackageLI
10-04 11:14:54.237  1924  1949 E memtrack: Couldn't load memtrack module
10-04 11:14:54.237  1924  1949 W android.os.Debug: failed to get memory consumption info: -1
10-04 11:14:54.250  1924  1964 I PackageManager: Update package com.nothatcher.sproutbook.test code path from /data/app/com.nothatcher.sproutbook.test-tJLweBkdBqIwis3DWxuZ8w== to /data/app/com.nothatcher.sproutbook.test-b2CY5jvWCVpM6Nejmc-t8w==; Retain data and using new
10-04 11:14:54.250  1924  1964 I PackageManager: Update package com.nothatcher.sproutbook.test resource path from /data/app/com.nothatcher.sproutbook.test-tJLweBkdBqIwis3DWxuZ8w== to /data/app/com.nothatcher.sproutbook.test-b2CY5jvWCVpM6Nejmc-t8w==; Retain data and using new
10-04 11:14:54.260  1924  1949 E memtrack: Couldn't load memtrack module
10-04 11:14:54.260  1924  1949 W android.os.Debug: failed to get memory consumption info: -1
10-04 11:14:54.278  1924  1949 E memtrack: Couldn't load memtrack module
10-04 11:14:54.279  1924  1949 W android.os.Debug: failed to get memory consumption info: -1
10-04 11:14:54.300  1924  1949 E memtrack: Couldn't load memtrack module
10-04 11:14:54.300  1924  1949 W android.os.Debug: failed to get memory consumption info: -1
10-04 11:14:54.320  1924  1949 E memtrack: Couldn't load memtrack module
10-04 11:14:54.321  1924  1949 W android.os.Debug: failed to get memory consumption info: -1
10-04 11:14:54.337  1924  1949 E memtrack: Couldn't load memtrack module
10-04 11:14:54.337  1924  1949 W android.os.Debug: failed to get memory consumption info: -1
10-04 11:14:54.362  1924  1949 E memtrack: Couldn't load memtrack module
10-04 11:14:54.362  1924  1949 W android.os.Debug: failed to get memory consumption info: -1
10-04 11:14:54.378  1924  1949 E memtrack: Couldn't load memtrack module
10-04 11:14:54.378  1924  1949 W android.os.Debug: failed to get memory consumption info: -1
10-04 11:14:54.400  1924  1949 E memtrack: Couldn't load memtrack module
10-04 11:14:54.400  1924  1949 W android.os.Debug: failed to get memory consumption info: -1
10-04 11:14:54.419  1924  1949 E memtrack: Couldn't load memtrack module
10-04 11:14:54.419  1924  1949 W android.os.Debug: failed to get memory consumption info: -1
10-04 11:14:54.642  1924  1964 I PackageManager: Un-granting permission android.permission.GLOBAL_SEARCH from package com.android.quicksearchbox (protectionLevel=18 flags=0x3088be45)
10-04 11:14:54.645  1924  1964 I PackageManager: Un-granting permission android.permission.BIND_WALLPAPER from package com.android.camera2 (protectionLevel=18 flags=0x20d8bc45)
10-04 11:14:54.701  1924  1964 I PackageManager: Un-granting permission android.permission.CONNECTIVITY_USE_RESTRICTED_NETWORKS from package com.android.captiveportallogin (protectionLevel=18 flags=0x38c8be45)
10-04 11:14:54.701  1924  1964 I PackageManager: Un-granting permission android.permission.NETWORK_BYPASS_PRIVATE_DNS from package com.android.captiveportallogin (protectionLevel=2 flags=0x38c8be45)
10-04 11:14:54.946  1924  1964 D PackageManager: Instant App installer not found with android.intent.action.INSTALL_INSTANT_APP_PACKAGE
10-04 11:14:54.946  1924  1964 D PackageManager: Clear ephemeral installer activity
10-04 11:14:55.036  1766  2008 E         : Couldn't opendir /data/app/vmdl1785468591.tmp: No such file or directory
10-04 11:14:55.036  1766  2008 E installd: Failed to delete /data/app/vmdl1785468591.tmp: No such file or directory
10-04 11:14:55.031  1924  1924 W Binder:1924_C: type=1400 audit(0.0:19): avc: denied { getopt } for scontext=u:r:system_server:s0 tcontext=u:r:shell:s0 tclass=unix_stream_socket permissive=0
10-04 11:14:55.031  1924  1924 I chatty  : uid=1000 system_server identical 1 line
10-04 11:14:55.031  1924  1924 W Binder:1924_C: type=1400 audit(0.0:21): avc: denied { getopt } for scontext=u:r:system_server:s0 tcontext=u:r:shell:s0 tclass=unix_stream_socket permissive=0
10-04 11:14:55.041  1748  1748 W adbd    : type=1400 audit(0.0:22): avc: denied { shutdown } for scontext=u:r:adbd:s0 tcontext=u:r:shell:s0 tclass=unix_stream_socket permissive=0
10-04 11:14:55.087  1924  1964 I ActivityManager: Force stopping com.nothatcher.sproutbook.test appid=10117 user=0: pkg removed
10-04 11:14:55.209  1924  1950 W BroadcastQueue: Background execution not allowed: receiving Intent { act=android.intent.action.PACKAGE_REMOVED dat=package:com.nothatcher.sproutbook.test flg=0x4000010 (has extras) } to com.android.gallery3d/.app.PackagesMonitor
10-04 11:14:55.289  1924  1924 W Looper  : Slow dispatch took 118ms main h=android.app.ActivityThread$H c=android.app.-$$Lambda$LoadedApk$ReceiverDispatcher$Args$_BumDX2UKsnxLVrE6UJsJZkotuA@d0f1607 m=0
10-04 11:14:55.325  1924  2022 I InputReader: Reconfiguring input devices.  changes=0x00000010
10-04 11:14:55.348  1924  1950 W system_server: Long monitor contention with owner main (1924) at android.content.ComponentName com.android.server.am.ActivityManagerService.startService(android.app.IApplicationThread, android.content.Intent, java.lang.String, boolean, java.lang.String, int)(ActivityManagerService.java:13909) waiters=1 in void com.android.server.am.BroadcastQueue.processNextBroadcast(boolean) for 106ms
10-04 11:14:55.390  1924  1950 W BroadcastQueue: Background execution not allowed: receiving Intent { act=android.intent.action.PACKAGE_REMOVED dat=package:com.nothatcher.sproutbook.test flg=0x4000010 (has extras) } to com.android.musicfx/.Compatibility$Receiver
10-04 11:14:55.391  1924  1950 W BroadcastQueue: Background execution not allowed: receiving Intent { act=android.intent.action.PACKAGE_ADDED dat=package:com.nothatcher.sproutbook.test flg=0x4000010 (has extras) } to com.android.packageinstaller/.PackageInstalledReceiver
10-04 11:14:55.392  1924  1950 W BroadcastQueue: Background execution not allowed: receiving Intent { act=android.intent.action.PACKAGE_ADDED dat=package:com.nothatcher.sproutbook.test flg=0x4000010 (has extras) } to com.android.gallery3d/.app.PackagesMonitor
10-04 11:14:55.392  1924  1950 W BroadcastQueue: Background execution not allowed: receiving Intent { act=android.intent.action.PACKAGE_ADDED dat=package:com.nothatcher.sproutbook.test flg=0x4000010 (has extras) } to com.android.musicfx/.Compatibility$Receiver
10-04 11:14:55.406  1924  2022 I InputReader: Reconfiguring input devices.  changes=0x00000010
10-04 11:14:55.685  1924  1950 W BroadcastQueue: Background execution not allowed: receiving Intent { act=android.intent.action.PACKAGE_REPLACED dat=package:com.nothatcher.sproutbook.test flg=0x4000010 (has extras) } to com.android.musicfx/.Compatibility$Receiver
10-04 11:14:55.733  1924  1924 W Looper  : Slow dispatch took 320ms main h=android.app.ActivityThread$H c=android.app.-$$Lambda$LoadedApk$ReceiverDispatcher$Args$_BumDX2UKsnxLVrE6UJsJZkotuA@846ded2 m=0
10-04 11:14:55.653  1924  2022 I InputReader: Reconfiguring input devices.  changes=0x00000010
10-04 11:14:55.743  1924  3083 I system_server: IncrementDisableThreadFlip blocked for 11.834ms
10-04 11:14:55.780  1924  1941 W Looper  : Slow dispatch took 261ms android.fg h=android.os.Handler c=<recycled PooledLambda@67d0ba3> m=0
10-04 11:14:55.942  1924  1941 W Looper  : Slow delivery took 202ms android.fg h=android.os.Handler c=<recycled PooledLambda@4c0d5b2> m=0
10-04 11:14:55.955  1687  1687 D Zygote  : Forked child process 3082
10-04 11:14:56.090  1924  1941 W Looper  : Slow dispatch took 147ms android.fg h=android.os.Handler c=<recycled PooledLambda@7cb454b> m=0
10-04 11:14:56.230  1924  1951 W ActivityManager: Slow operation: 996ms so far, now at startProcess: returned from zygote!
10-04 11:14:56.231  1924  1951 W ActivityManager: Slow operation: 997ms so far, now at startProcess: done updating battery stats
10-04 11:14:56.235  1924  1951 W ActivityManager: Slow operation: 1000ms so far, now at startProcess: building log message
10-04 11:14:56.235  1924  1951 I ActivityManager: Start proc 3082:com.android.keychain/1000 for service {com.android.keychain/com.android.keychain.KeyChainService}
10-04 11:14:56.236  1924  1951 W ActivityManager: Slow operation: 1001ms so far, now at startProcess: starting to update pids map
10-04 11:14:56.241  1924  1951 W ActivityManager: Slow operation: 1006ms so far, now at startProcess: done updating pids map
10-04 11:14:56.265  1924  1941 W Looper  : Slow dispatch took 175ms android.fg h=android.os.Handler c=<recycled PooledLambda@677fcc5> m=0
10-04 11:14:56.411  1924  1941 W Looper  : Slow dispatch took 146ms android.fg h=android.os.Handler c=<recycled PooledLambda@f34373c> m=0
10-04 11:14:56.525  1924  1924 W Looper  : Slow delivery took 384ms main h=android.app.ActivityThread$H c=android.app.-$$Lambda$LoadedApk$ReceiverDispatcher$Args$_BumDX2UKsnxLVrE6UJsJZkotuA@94bea59 m=0
10-04 11:14:56.525  1924  1924 W Looper  : Slow dispatch took 791ms main h=android.app.ActivityThread$H c=android.app.-$$Lambda$LoadedApk$ReceiverDispatcher$Args$_BumDX2UKsnxLVrE6UJsJZkotuA@94bea59 m=0
10-04 11:14:56.555  2474  2474 D CarrierSvcBindHelper: No carrier app for: 0
10-04 11:14:56.566  1924  1941 W Looper  : Slow dispatch took 154ms android.fg h=android.os.Handler c=<recycled PooledLambda@73f34cc> m=0
10-04 11:14:56.627  1924  1924 I Telecom : DefaultDialerCache: Refreshing default dialer for user 0: now com.android.dialer: DDC.oR@ABM
10-04 11:14:56.591  2474  2474 D CarrierSvcBindHelper: No carrier app for: 0
10-04 11:14:56.651  2474  2474 E VvmPkgInstalledRcvr: cannot create TelephonyManager from ComponentInfo{com.android.phone/com.android.services.telephony.TelephonyConnectionService}, ***, UserHandle{0}
10-04 11:14:56.687  1924  1941 W Looper  : Slow dispatch took 121ms android.fg h=android.os.Handler c=<recycled PooledLambda@9164c1b> m=0
10-04 11:14:56.692  2474  2474 D CarrierConfigLoader: mHandler: 9 phoneId: 0
10-04 11:14:56.712  1924  1924 V BackupManagerConstants: getFullBackupIntervalMilliseconds(...) returns 86400000
10-04 11:14:56.714  1924  1924 V BackupManagerConstants: getFullBackupRequiredNetworkType(...) returns 2
10-04 11:14:56.715  1924  1924 V BackupManagerConstants: getFullBackupRequireCharging(...) returns true
10-04 11:14:56.768  3082  3082 W ndroid.keychai: Unexpected CPU variant for X86 using defaults: x86_64
10-04 11:14:56.772  1924  1924 W Looper  : Slow dispatch took 128ms main h=android.app.ActivityThread$H c=android.app.-$$Lambda$LoadedApk$ReceiverDispatcher$Args$_BumDX2UKsnxLVrE6UJsJZkotuA@6df8b91 m=0
10-04 11:14:57.084  3082  3082 I ndroid.keychai: The ClassLoaderContext is a special shared library.
10-04 11:14:57.094  1924  1934 I system_server: Background young concurrent copying GC freed 51379(3292KB) AllocSpace objects, 34(1408KB) LOS objects, 32% free, 8163KB/11MB, paused 40.851ms total 1.608s
10-04 11:14:57.105  1924  1941 W Looper  : Drained
10-04 11:14:57.365  1924  3083 I ActivityManager: Killing 2810:com.android.contacts/u0a97 (adj 985): empty #17
10-04 11:14:57.433  1924  1949 W VoiceInteractionManagerService: no available voice recognition services found for user 0
10-04 11:14:57.452  1924  1924 W Looper  : Drained
10-04 11:14:57.459  1924  1952 I libprocessgroup: Successfully killed process cgroup uid 10097 pid 2810 in 83ms
10-04 11:14:57.465  1687  1687 I Zygote  : Process 2810 exited due to signal 9 (Killed)
10-04 11:15:00.029  2060  2060 D KeyguardClockSwitch: Updating clock: 1115
10-04 11:15:09.062  3106  3106 D AndroidRuntime: >>>>>> START com.android.internal.os.RuntimeInit uid 2000 <<<<<<
10-04 11:15:09.101  3106  3106 W app_process: type=1400 audit(0.0:23): avc: denied { read } for name="u:object_r:device_config_runtime_native_boot_prop:s0" dev="tmpfs" ino=6676 scontext=u:r:shell:s0 tcontext=u:object_r:device_config_runtime_native_boot_prop:s0 tclass=file permissive=0
10-04 11:15:09.125  3106  3106 E libc    : Access denied finding property "persist.device_config.runtime_native_boot.enable_apex_image"
10-04 11:15:09.125  3106  3106 I AndroidRuntime: Using default boot image
10-04 11:15:09.131  3106  3106 W app_process: type=1400 audit(0.0:24): avc: denied { read } for name="u:object_r:device_config_runtime_native_boot_prop:s0" dev="tmpfs" ino=6676 scontext=u:r:shell:s0 tcontext=u:object_r:device_config_runtime_native_boot_prop:s0 tclass=file permissive=0
10-04 11:15:09.143  3106  3106 E libc    : Access denied finding property "persist.device_config.runtime_native_boot.disable_lock_profiling"
10-04 11:15:09.143  3106  3106 I AndroidRuntime: Leaving lock profiling enabled
10-04 11:15:09.150  3106  3106 E libc    : Access denied finding property "persist.device_config.runtime_native_boot.enable_generational_cc"
10-04 11:15:09.131  3106  3106 W app_process: type=1400 audit(0.0:25): avc: denied { read } for name="u:object_r:device_config_runtime_native_boot_prop:s0" dev="tmpfs" ino=6676 scontext=u:r:shell:s0 tcontext=u:object_r:device_config_runtime_native_boot_prop:s0 tclass=file permissive=0
10-04 11:15:09.305  3106  3106 I app_process: Core platform API reporting enabled, enforcing=false
10-04 11:15:10.537  3106  3106 D ICU     : Time zone APEX file found: /apex/com.android.tzdata/etc/icu/icu_tzdata.dat
10-04 11:15:10.761  3106  3106 W app_process: Unexpected CPU variant for X86 using defaults: x86_64
10-04 11:15:10.819  3106  3106 I app_process: The ClassLoaderContext is a special shared library.
10-04 11:15:10.833  3106  3106 I app_process: The ClassLoaderContext is a special shared library.
10-04 11:15:10.985  3106  3106 W app_process: JNI RegisterNativeMethods: attempt to register 0 native methods for android.media.AudioAttributes
10-04 11:15:11.068  3106  3106 D AndroidRuntime: Calling main entry com.android.commands.uiautomator.Launcher
10-04 11:15:11.205  1924  1924 V SettingsProvider: Notifying for 0: content://settings/secure/accessibility_enabled
10-04 11:15:12.437  3106  3106 W AccessibilityNodeInfoDumper: Fetch time: 54ms
10-04 11:15:12.443  1924  3083 W WindowManager: removeWindowToken: Attempted to remove non-existing token: android.os.Binder@49dbdda
10-04 11:15:12.455  1924  1924 V SettingsProvider: Notifying for 0: content://settings/secure/accessibility_enabled
10-04 11:15:12.638  3106  3106 D AndroidRuntime: Shutting down VM
10-04 11:15:13.146  1745  1745 E netmgr  : Failed to open QEMU pipe 'qemud:network': Invalid argument
10-04 11:15:16.058  1789  1789 E wifi_forwarder: RemoteConnection failed to initialize: RemoteConnection failed to open pipe
10-04 11:15:25.260  1924  1949 E memtrack: Couldn't load memtrack module
10-04 11:15:25.260  1924  1949 W android.os.Debug: failed to get memory consumption info: -1
10-04 11:15:25.268  1924  1949 E memtrack: Couldn't load memtrack module
10-04 11:15:25.268  1924  1949 W android.os.Debug: failed to get memory consumption info: -1
10-04 11:15:34.852  3133  3133 D AndroidRuntime: >>>>>> START com.android.internal.os.RuntimeInit uid 2000 <<<<<<
10-04 11:15:34.907  3133  3133 E libc    : Access denied finding property "persist.device_config.runtime_native_boot.enable_apex_image"
10-04 11:15:34.909  3133  3133 I AndroidRuntime: Using default boot image
10-04 11:15:34.910  3133  3133 E libc    : Access denied finding property "persist.device_config.runtime_native_boot.disable_lock_profiling"
10-04 11:15:34.910  3133  3133 I AndroidRuntime: Leaving lock profiling enabled
10-04 11:15:34.912  3133  3133 E libc    : Access denied finding property "persist.device_config.runtime_native_boot.enable_generational_cc"
10-04 11:15:34.891  3133  3133 W app_process: type=1400 audit(0.0:26): avc: denied { read } for name="u:object_r:device_config_runtime_native_boot_prop:s0" dev="tmpfs" ino=6676 scontext=u:r:shell:s0 tcontext=u:object_r:device_config_runtime_native_boot_prop:s0 tclass=file permissive=0
10-04 11:15:34.901  3133  3133 I chatty  : uid=2000(shell) app_process identical 1 line
10-04 11:15:34.901  3133  3133 W app_process: type=1400 audit(0.0:28): avc: denied { read } for name="u:object_r:device_config_runtime_native_boot_prop:s0" dev="tmpfs" ino=6676 scontext=u:r:shell:s0 tcontext=u:object_r:device_config_runtime_native_boot_prop:s0 tclass=file permissive=0
10-04 11:15:35.004  3133  3133 I app_process: Core platform API reporting enabled, enforcing=false
10-04 11:15:35.563  3133  3133 D ICU     : Time zone APEX file found: /apex/com.android.tzdata/etc/icu/icu_tzdata.dat
10-04 11:15:35.665  3133  3133 W app_process: Unexpected CPU variant for X86 using defaults: x86_64
10-04 11:15:35.766  3133  3133 I app_process: The ClassLoaderContext is a special shared library.
10-04 11:15:35.912  3133  3133 W app_process: JNI RegisterNativeMethods: attempt to register 0 native methods for android.media.AudioAttributes
10-04 11:15:35.993  3133  3133 D AndroidRuntime: Calling main entry com.android.commands.input.Input
10-04 11:15:36.160  3133  3133 D AndroidRuntime: Shutting down VM
10-04 11:15:36.350  1924  1942 W Looper  : Slow dispatch took 164ms android.ui h=android.view.Choreographer$FrameHandler c=android.view.Choreographer$FrameDisplayEventReceiver@747a0ff m=0
10-04 11:15:36.377  1924  1942 W Looper  : Slow delivery took 219ms android.ui h=android.view.ViewRootImpl$ViewRootHandler c=android.view.View$UnsetPressedState@ed31d00 m=0
10-04 11:15:36.502  1729  2937 D AF::TrackHandle: OpPlayAudio: track:55 usage:13 not muted
10-04 11:15:36.533  1924  2042 W AudioTrack: createTrack_l(46): AUDIO_OUTPUT_FLAG_FAST denied by server; frameCount 0 -> 4512
10-04 11:15:36.870  1696  3147 W audio_hw_generic: Hardware backing HAL too slow, could only write 0 of 661 frames
10-04 11:15:36.899  1696  3147 I chatty  : uid=1041(audioserver) writer identical 2 lines
10-04 11:15:36.914  1696  3147 W audio_hw_generic: Hardware backing HAL too slow, could only write 0 of 661 frames
10-04 11:15:37.789  1924  2456 I OpenGLRenderer: Davey! duration=1621ms; Flags=0, IntendedVsync=535711119266, Vsync=535744452598, OldestInputEvent=9223372036854775807, NewestInputEvent=0, HandleInputStart=535757447019, AnimationStart=535757659159, PerformTraversalsStart=535758484499, DrawStart=535760353559, SyncQueued=535848016159, SyncStart=535873948169, IssueDrawCommandsStart=535953285489, SwapBuffers=537127905939, FrameCompleted=537358871049, DequeueBufferDuration=27645000, QueueBufferDuration=106265000, 
10-04 11:15:37.904  1924  1942 W Looper  : Slow dispatch took 1527ms android.ui h=android.view.Choreographer$FrameHandler c=android.view.Choreographer$FrameDisplayEventReceiver@747a0ff m=0
10-04 11:15:37.918  1924  1942 I ActivityManager: Killing 2060:com.android.systemui/u0a102 (adj -800): user request after error
10-04 11:15:38.063  1924  2021 W InputDispatcher: channel '9c588bc com.android.systemui.ImageWallpaper (server)' ~ Consumer closed input channel or an error occurred.  events=0x9
10-04 11:15:38.063  1924  2021 E InputDispatcher: channel '9c588bc com.android.systemui.ImageWallpaper (server)' ~ Channel is unrecoverably broken and will be disposed!
10-04 11:15:38.082  1924  2021 W InputDispatcher: channel 'pip_input_consumer (server)' ~ Consumer closed input channel or an error occurred.  events=0x9
10-04 11:15:38.082  1924  2021 E InputDispatcher: channel 'pip_input_consumer (server)' ~ Channel is unrecoverably broken and will be disposed!
10-04 11:15:38.082  1924  2021 W InputDispatcher: channel '8e0d075 StatusBar (server)' ~ Consumer closed input channel or an error occurred.  events=0x9
10-04 11:15:38.083  1924  2021 E InputDispatcher: channel '8e0d075 StatusBar (server)' ~ Channel is unrecoverably broken and will be disposed!
10-04 11:15:38.083  1924  2021 W InputDispatcher: channel 'e59d2ec NavigationBar0 (server)' ~ Consumer closed input channel or an error occurred.  events=0x9
10-04 11:15:38.083  1924  2021 E InputDispatcher: channel 'e59d2ec NavigationBar0 (server)' ~ Channel is unrecoverably broken and will be disposed!
10-04 11:15:38.083  1924  2021 W InputDispatcher: channel '9cbfd09 AssistPreviewPanel (server)' ~ Consumer closed input channel or an error occurred.  events=0x9
10-04 11:15:38.083  1924  2021 E InputDispatcher: channel '9cbfd09 AssistPreviewPanel (server)' ~ Channel is unrecoverably broken and will be disposed!
10-04 11:15:38.087  1924  2021 W InputDispatcher: channel 'b3105b6 DockedStackDivider (server)' ~ Consumer closed input channel or an error occurred.  events=0x9
10-04 11:15:38.087  1924  2021 E InputDispatcher: channel 'b3105b6 DockedStackDivider (server)' ~ Channel is unrecoverably broken and will be disposed!
10-04 11:15:38.094  1924  2396 I StatusBarManagerService: binder died for pkg=com.android.systemui
10-04 11:15:38.146  1924  2367 W AS.AudioService: Current remote volume controller died, unregistering
10-04 11:15:38.154  1924  3083 D NotificationListeners: Removing active service ComponentInfo{com.android.systemui/com.android.systemui.statusbar.NotificationListener}
10-04 11:15:38.155  1924  3083 D WifiExternalCallbackTracker: Binder died android.os.BinderProxy@5978c18
10-04 11:15:38.157  1924  3083 D ConnectivityService: ConnectivityService NetworkRequestInfo binderDied(NetworkRequest [ LISTEN id=11, [ Transports: WIFI Capabilities: NOT_VPN] ], android.os.BinderProxy@c62671)
10-04 11:15:38.160  1924  3083 D ConnectivityService: ConnectivityService NetworkRequestInfo binderDied(NetworkRequest [ TRACK_DEFAULT id=12, [ Capabilities: INTERNET&NOT_RESTRICTED&TRUSTED Uid: 10102] ], android.os.BinderProxy@7afc56)
10-04 11:15:38.168  1924  2030 D WifiExternalCallbackTracker: Remove external callback on death 160791823
10-04 11:15:38.175  1924  2214 D WifiExternalCallbackTracker: Binder died android.os.BinderProxy@dc3d4d7
10-04 11:15:38.175  1924  2214 D ConnectivityService: ConnectivityService NetworkRequestInfo binderDied(NetworkRequest [ LISTEN id=15, [] ], android.os.BinderProxy@c8551c4)
10-04 11:15:38.179  1924  2029 D WifiExternalCallbackTracker: Remove external callback on death 56007581
10-04 11:15:38.184  1924  2601 E BiometricService: Enabled callback binder died
10-04 11:15:38.185  1924  2601 E FingerprintService: Lockout reset callback binder died
10-04 11:15:38.195  1924  1924 W WallpaperManagerService: Wallpaper service gone: ComponentInfo{com.android.systemui/com.android.systemui.ImageWallpaper}
10-04 11:15:38.197  1924  1924 W WallpaperManagerService: Wallpaper service gone: ComponentInfo{com.android.systemui/com.android.systemui.ImageWallpaper}
10-04 11:15:38.207  1924  2033 D ConnectivityService: releasing NetworkRequest [ TRACK_DEFAULT id=12, [ Capabilities: INTERNET&NOT_RESTRICTED&TRUSTED Uid: 10102] ] (release request)
10-04 11:15:38.213  1924  2467 I WindowManager: WIN DEATH: Window{b3105b6 u0 DockedStackDivider}
10-04 11:15:38.214  1924  2467 W InputDispatcher: Attempted to unregister already unregistered input channel 'b3105b6 DockedStackDivider (server)'
10-04 11:15:38.225  1687  1687 I Zygote  : Process 2060 exited due to signal 9 (Killed)
10-04 11:15:38.260  1924  2367 W VolumeController: Error calling dismiss
10-04 11:15:38.260  1924  2367 W VolumeController: android.os.DeadObjectException
10-04 11:15:38.260  1924  2367 W VolumeController: 	at android.os.BinderProxy.transactNative(Native Method)
10-04 11:15:38.260  1924  2367 W VolumeController: 	at android.os.BinderProxy.transact(BinderProxy.java:510)
10-04 11:15:38.260  1924  2367 W VolumeController: 	at android.media.IVolumeController$Stub$Proxy.dismiss(IVolumeController.java:260)
10-04 11:15:38.260  1924  2367 W VolumeController: 	at com.android.server.audio.AudioService$VolumeController.postDismiss(AudioService.java:6630)
10-04 11:15:38.260  1924  2367 W VolumeController: 	at com.android.server.audio.AudioService.setVolumeController(AudioService.java:6478)
10-04 11:15:38.260  1924  2367 W VolumeController: 	at com.android.server.audio.AudioService$4.binderDied(AudioService.java:6487)
10-04 11:15:38.260  1924  2367 W VolumeController: 	at android.os.BinderProxy.sendDeathNotice(BinderProxy.java:620)
10-04 11:15:38.310  1924  1952 I libprocessgroup: Successfully killed process cgroup uid 10102 pid 2060 in 264ms
10-04 11:15:38.358  1924  2396 E InputDispatcher: Window handle Window{e59d2ec u0 NavigationBar0} has no registered input channel
10-04 11:15:38.358  1924  2396 E InputDispatcher: Window handle Window{8e0d075 u0 StatusBar} has no registered input channel
10-04 11:15:38.362  1924  3083 I WindowManager: WIN DEATH: Window{9cbfd09 u0 AssistPreviewPanel}
10-04 11:15:38.362  1924  3083 W InputDispatcher: Attempted to unregister already unregistered input channel '9cbfd09 AssistPreviewPanel (server)'
10-04 11:15:38.393  1924  2395 I WindowManager: WIN DEATH: Window{9c588bc u0 com.android.systemui.ImageWallpaper}
10-04 11:15:38.393  1924  2395 W InputDispatcher: Attempted to unregister already unregistered input channel '9c588bc com.android.systemui.ImageWallpaper (server)'
10-04 11:15:38.416  1924  2396 E InputDispatcher: Window handle Window{e59d2ec u0 NavigationBar0} has no registered input channel
10-04 11:15:38.416  1924  2396 E InputDispatcher: Window handle Window{8e0d075 u0 StatusBar} has no registered input channel
10-04 11:15:38.440  1924  2396 E InputDispatcher: Window handle Window{e59d2ec u0 NavigationBar0} has no registered input channel
10-04 11:15:38.440  1924  2396 E InputDispatcher: Window handle Window{8e0d075 u0 StatusBar} has no registered input channel
10-04 11:15:38.453  1924  2397 W system_server: Long monitor contention with owner Binder:1924_4 (2191) at void com.android.server.wm.Session.binderDied()(Session.java:146) waiters=3 in void com.android.server.wm.WindowState$DeathRecipient.binderDied() for 281ms
10-04 11:15:38.454  1924  2397 I WindowManager: WIN DEATH: Window{e59d2ec u0 NavigationBar0}
10-04 11:15:38.454  1924  2397 W InputDispatcher: Attempted to unregister already unregistered input channel 'e59d2ec NavigationBar0 (server)'
10-04 11:15:38.484  1924  2396 E InputDispatcher: Window handle Window{e59d2ec u0 NavigationBar0} has no registered input channel
10-04 11:15:38.484  1924  2396 E InputDispatcher: Window handle Window{8e0d075 u0 StatusBar} has no registered input channel
10-04 11:15:38.513  1924  2396 E InputDispatcher: Window handle Window{e59d2ec u0 NavigationBar0} has no registered input channel
10-04 11:15:38.513  1924  2396 E InputDispatcher: Window handle Window{8e0d075 u0 StatusBar} has no registered input channel
10-04 11:15:38.545  1924  2395 E InputDispatcher: Window handle Window{e59d2ec u0 NavigationBar0} has no registered input channel
10-04 11:15:38.545  1924  2395 E InputDispatcher: Window handle Window{8e0d075 u0 StatusBar} has no registered input channel
10-04 11:15:38.552  1924  2397 W WindowManager: Failed to deliver inset state change
10-04 11:15:38.552  1924  2397 W WindowManager: android.os.DeadObjectException
10-04 11:15:38.552  1924  2397 W WindowManager: 	at android.os.BinderProxy.transactNative(Native Method)
10-04 11:15:38.552  1924  2397 W WindowManager: 	at android.os.BinderProxy.transact(BinderProxy.java:510)
10-04 11:15:38.552  1924  2397 W WindowManager: 	at android.view.IWindow$Stub$Proxy.insetsChanged(IWindow.java:649)
10-04 11:15:38.552  1924  2397 W WindowManager: 	at com.android.server.wm.WindowState.notifyInsetsChanged(WindowState.java:3207)
10-04 11:15:38.552  1924  2397 W WindowManager: 	at com.android.server.wm.InsetsStateController.lambda$new$0(InsetsStateController.java:56)
10-04 11:15:38.552  1924  2397 W WindowManager: 	at com.android.server.wm.-$$Lambda$InsetsStateController$sIYEJIR4ztgffCLMi5Z1RvdxyYs.accept(Unknown Source:2)
10-04 11:15:38.552  1924  2397 W WindowManager: 	at com.android.server.wm.WindowContainer$ForAllWindowsConsumerWrapper.apply(WindowContainer.java:1172)
10-04 11:15:38.552  1924  2397 W WindowManager: 	at com.android.server.wm.WindowContainer$ForAllWindowsConsumerWrapper.apply(WindowContainer.java:1162)
10-04 11:15:38.552  1924  2397 W WindowManager: 	at com.android.server.wm.WindowState.applyInOrderWithImeWindows(WindowState.java:4148)
10-04 11:15:38.552  1924  2397 W WindowManager: 	at com.android.server.wm.WindowState.forAllWindows(WindowState.java:4047)
10-04 11:15:38.552  1924  2397 W WindowManager: 	at com.android.server.wm.WindowContainer.forAllWindows(WindowContainer.java:871)
10-04 11:15:38.552  1924  2397 W WindowManager: 	at com.android.server.wm.WindowContainer.forAllWindows(WindowContainer.java:871)
10-04 11:15:38.552  1924  2397 W WindowManager: 	at com.android.server.wm.DisplayContent.forAllWindows(DisplayContent.java:2140)
10-04 11:15:38.552  1924  2397 W WindowManager: 	at com.android.server.wm.WindowContainer.forAllWindows(WindowContainer.java:888)
10-04 11:15:38.552  1924  2397 W WindowManager: 	at com.android.server.wm.InsetsStateController.notifyInsetsChanged(InsetsStateController.java:227)
10-04 11:15:38.552  1924  2397 W WindowManager: 	at com.android.server.wm.InsetsStateController.onPostLayout(InsetsStateController.java:121)
10-04 11:15:38.552  1924  2397 W WindowManager: 	at com.android.server.wm.DisplayContent.applySurfaceChangesTransaction(DisplayContent.java:3738)
10-04 11:15:38.552  1924  2397 W WindowManager: 	at com.android.server.wm.RootWindowContainer.applySurfaceChangesTransaction(RootWindowContainer.java:833)
10-04 11:15:38.552  1924  2397 W WindowManager: 	at com.android.server.wm.RootWindowContainer.performSurfacePlacementNoTrace(RootWindowContainer.java:610)
10-04 11:15:38.552  1924  2397 W WindowManager: 	at com.android.server.wm.RootWindowContainer.performSurfacePlacement(RootWindowContainer.java:567)
10-04 11:15:38.552  1924  2397 W WindowManager: 	at com.android.server.wm.WindowSurfacePlacer.performSurfacePlacementLoop(WindowSurfacePlacer.java:159)
10-04 11:15:38.552  1924  2397 W WindowManager: 	at com.android.server.wm.WindowSurfacePlacer.performSurfacePlacement(WindowSurfacePlacer.java:105)
10-04 11:15:38.552  1924  2397 W WindowManager: 	at com.android.server.wm.WindowSurfacePlacer.performSurfacePlacement(WindowSurfacePlacer.java:95)
10-04 11:15:38.552  1924  2397 W WindowManager: 	at com.android.server.wm.WindowState.setupWindowForRemoveOnExit(WindowState.java:2073)
10-04 11:15:38.552  1924  2397 W WindowManager: 	at com.android.server.wm.WindowState.removeIfPossible(WindowState.java:2040)
10-04 11:15:38.552  1924  2397 W WindowManager: 	at com.android.server.wm.WindowState.access$300(WindowState.java:216)
10-04 11:15:38.552  1924  2397 W WindowManager: 	at com.android.server.wm.WindowState$DeathRecipient.binderDied(WindowState.java:2498)
10-04 11:15:38.552  1924  2397 W WindowManager: 	at android.os.BinderProxy.sendDeathNotice(BinderProxy.java:620)
10-04 11:15:38.577  1924  2395 E InputDispatcher: Window handle Window{e59d2ec u0 NavigationBar0} has no registered input channel
10-04 11:15:38.577  1924  2395 E InputDispatcher: Window handle Window{8e0d075 u0 StatusBar} has no registered input channel
10-04 11:15:38.581  1924  1939 W system_server: Long monitor contention with owner Binder:1924_4 (2191) at void com.android.server.wm.Session.binderDied()(Session.java:146) waiters=4 in void com.android.server.wm.WindowManagerService$10.binderDied() for 410ms
10-04 11:15:38.583  1924  2365 W system_server: Long monitor contention with owner Binder:1924_4 (2191) at void com.android.server.wm.Session.binderDied()(Session.java:146) waiters=5 in void com.android.server.wm.WindowState$DeathRecipient.binderDied() for 412ms
10-04 11:15:38.583  1924  2365 I WindowManager: WIN DEATH: Window{8e0d075 u0 StatusBar}
10-04 11:15:38.584  1924  2365 W InputDispatcher: Attempted to unregister already unregistered input channel '8e0d075 StatusBar (server)'
10-04 11:15:38.604  1924  1939 E InputDispatcher: Window handle Window{e59d2ec u0 NavigationBar0} has no registered input channel
10-04 11:15:38.604  1924  1939 E InputDispatcher: Window handle Window{8e0d075 u0 StatusBar} has no registered input channel
10-04 11:15:38.626  1924  1939 E InputDispatcher: Window handle Window{e59d2ec u0 NavigationBar0} has no registered input channel
10-04 11:15:38.626  1924  1939 E InputDispatcher: Window handle Window{8e0d075 u0 StatusBar} has no registered input channel
10-04 11:15:38.662  1924  1939 E InputDispatcher: Window handle Window{e59d2ec u0 NavigationBar0} has no registered input channel
10-04 11:15:38.662  1924  1939 E InputDispatcher: Window handle Window{8e0d075 u0 StatusBar} has no registered input channel
10-04 11:15:38.665  1924  2214 W system_server: Long monitor contention with owner Binder:1924_4 (2191) at void com.android.server.wm.Session.binderDied()(Session.java:146) waiters=6 in void com.android.server.wm.InputConsumerImpl.binderDied() for 488ms
10-04 11:15:38.666  1924  2214 W InputDispatcher: Attempted to unregister already unregistered input channel 'pip_input_consumer (server)'
10-04 11:15:38.667  1924  1945 W system_server: Long monitor contention with owner Binder:1924_C (2467) at void com.android.server.wm.WindowState$DeathRecipient.binderDied()(WindowState.java:2489) waiters=6 in void com.android.server.wm.WindowAnimator.lambda$new$1$WindowAnimator(long) for 410ms
10-04 11:15:38.671  1924  2467 W system_server: Long monitor contention with owner Binder:1924_9 (2395) at void com.android.server.wm.WindowState$DeathRecipient.binderDied()(WindowState.java:2489) waiters=6 in void com.android.server.wm.ActivityTaskManagerService.setSplitScreenResizing(boolean) for 252ms
10-04 11:15:38.739  1924  2467 E InputDispatcher: Window handle Window{e59d2ec u0 NavigationBar0} has no registered input channel
10-04 11:15:38.739  1924  2467 E InputDispatcher: Window handle Window{8e0d075 u0 StatusBar} has no registered input channel
10-04 11:15:38.843  1924  1996 W system_server: Long monitor contention with owner SliceManagerService (2049) at android.app.ContentProviderHolder com.android.server.am.ActivityManagerService.getContentProviderImpl(android.app.IApplicationThread, java.lang.String, android.os.IBinder, int, java.lang.String, java.lang.String, boolean, int)(ActivityManagerService.java:6714) waiters=0 in void com.android.server.am.ActivityManagerService$AppDeathRecipient.binderDied() for 662ms
10-04 11:15:38.845  1924  1996 I ActivityManager: Process com.android.systemui (pid 2060) has died: pers PER 
10-04 11:15:38.988  1924  1996 W ActivityManager: Scheduling restart of crashed service com.android.systemui/.keyguard.KeyguardService in 0ms
10-04 11:15:39.085  1924  2049 I ActivityThread: Removing dead content provider:android.content.ContentProviderProxy@ee0ad92
10-04 11:15:39.169  1924  1945 W WindowManager: Failed to report 'resized' to the client of Window{9c588bc u0 com.android.systemui.ImageWallpaper EXITING}, removing this window.
10-04 11:15:39.243  1924  1945 W WindowManager: Failed to report 'resized' to the client of Window{8e0d075 u0 StatusBar EXITING}, removing this window.
10-04 11:15:39.280  1924  1945 W KeyguardServiceWrapper: Remote Exception
10-04 11:15:39.280  1924  1945 W KeyguardServiceWrapper: android.os.DeadObjectException
10-04 11:15:39.280  1924  1945 W KeyguardServiceWrapper: 	at android.os.BinderProxy.transactNative(Native Method)
10-04 11:15:39.280  1924  1945 W KeyguardServiceWrapper: 	at android.os.BinderProxy.transact(BinderProxy.java:510)
10-04 11:15:39.280  1924  1945 W KeyguardServiceWrapper: 	at com.android.internal.policy.IKeyguardService$Stub$Proxy.setOccluded(IKeyguardService.java:483)
10-04 11:15:39.280  1924  1945 W KeyguardServiceWrapper: 	at com.android.server.policy.keyguard.KeyguardServiceWrapper.setOccluded(KeyguardServiceWrapper.java:61)
10-04 11:15:39.280  1924  1945 W KeyguardServiceWrapper: 	at com.android.server.policy.keyguard.KeyguardServiceDelegate.setOccluded(KeyguardServiceDelegate.java:262)
10-04 11:15:39.280  1924  1945 W KeyguardServiceWrapper: 	at com.android.server.policy.PhoneWindowManager.setKeyguardOccludedLw(PhoneWindowManager.java:3548)
10-04 11:15:39.280  1924  1945 W KeyguardServiceWrapper: 	at com.android.server.policy.PhoneWindowManager.setKeyguardCandidateLw(PhoneWindowManager.java:3515)
10-04 11:15:39.280  1924  1945 W KeyguardServiceWrapper: 	at com.android.server.wm.DisplayPolicy.removeWindowLw(DisplayPolicy.java:992)
10-04 11:15:39.280  1924  1945 W KeyguardServiceWrapper: 	at com.android.server.wm.WindowState.removeImmediately(WindowState.java:1911)
10-04 11:15:39.280  1924  1945 W KeyguardServiceWrapper: 	at com.android.server.wm.RootWindowContainer.performSurfacePlacementNoTrace(RootWindowContainer.java:739)
10-04 11:15:39.280  1924  1945 W KeyguardServiceWrapper: 	at com.android.server.wm.RootWindowContainer.performSurfacePlacement(RootWindowContainer.java:567)
10-04 11:15:39.280  1924  1945 W KeyguardServiceWrapper: 	at com.android.server.wm.WindowSurfacePlacer.performSurfacePlacementLoop(WindowSurfacePlacer.java:159)
10-04 11:15:39.280  1924  1945 W KeyguardServiceWrapper: 	at com.android.server.wm.WindowSurfacePlacer.performSurfacePlacement(WindowSurfacePlacer.java:105)
10-04 11:15:39.280  1924  1945 W KeyguardServiceWrapper: 	at com.android.server.wm.WindowSurfacePlacer.performSurfacePlacement(WindowSurfacePlacer.java:95)
10-04 11:15:39.280  1924  1945 W KeyguardServiceWrapper: 	at com.android.server.wm.WindowSurfacePlacer.lambda$new$0$WindowSurfacePlacer(WindowSurfacePlacer.java:62)
10-04 11:15:39.280  1924  1945 W KeyguardServiceWrapper: 	at com.android.server.wm.-$$Lambda$WindowSurfacePlacer$4Hbamt-LFcbu8AoZBoOZN_LveKQ.run(Unknown Source:2)
10-04 11:15:39.280  1924  1945 W KeyguardServiceWrapper: 	at android.os.Handler.handleCallback(Handler.java:883)
10-04 11:15:39.280  1924  1945 W KeyguardServiceWrapper: 	at android.os.Handler.dispatchMessage(Handler.java:100)
10-04 11:15:39.280  1924  1945 W KeyguardServiceWrapper: 	at android.os.Looper.loop(Looper.java:214)
10-04 11:15:39.280  1924  1945 W KeyguardServiceWrapper: 	at android.os.HandlerThread.run(HandlerThread.java:67)
10-04 11:15:39.280  1924  1945 W KeyguardServiceWrapper: 	at com.android.server.ServiceThread.run(ServiceThread.java:44)
10-04 11:15:39.470  1924  1996 W system_server: Long monitor contention with owner android.anim (1945) at void com.android.server.wm.WindowSurfacePlacer.lambda$new$0$WindowSurfacePlacer()(WindowSurfacePlacer.java:61) waiters=0 in boolean com.android.server.wm.ActivityTaskManagerService$LocalService.isShuttingDown() for 482ms
10-04 11:15:39.471  1924  1944 W system_server: Long monitor contention with owner android.anim (1945) at void com.android.server.wm.WindowSurfacePlacer.lambda$new$0$WindowSurfacePlacer()(WindowSurfacePlacer.java:61) waiters=1 in void com.android.server.wm.WindowManagerService$H.handleMessage(android.os.Message) for 433ms
10-04 11:15:39.472  1924  1996 W ActivityManager: Scheduling restart of crashed service com.android.systemui/.ImageWallpaper in 0ms
10-04 11:15:39.473  1924  1996 W ActivityManager: Scheduling restart of crashed service com.android.systemui/.SystemUIService in 0ms
10-04 11:15:39.487  1924  1996 W ActivityManager: Re-adding persistent process ProcessRecord{1ed7508 2060:com.android.systemui/u0a102}
10-04 11:15:39.672  1924  1996 W ActivityManager: Slow operation: 117ms so far, now at startProcess: building args
10-04 11:15:39.835  1924  1951 W ActivityManager: Slow operation: 280ms so far, now at startProcess: asking zygote to start proc
10-04 11:15:39.871  1924  1952 I libprocessgroup: Successfully killed process cgroup uid 10102 pid 2060 in 465ms
10-04 11:15:39.959  1924  2467 W system_server: Long monitor contention with owner Binder:1924_3 (1996) at void com.android.server.am.ActivityManagerService$AppDeathRecipient.binderDied()(ActivityManagerService.java:1503) waiters=0 in void com.android.server.am.ActivityManagerService.serviceDoneExecuting(android.os.IBinder, int, int, int) for 1.003s
10-04 11:15:39.960  1924  2365 W system_server: Long monitor contention with owner Binder:1924_3 (1996) at void com.android.server.am.ActivityManagerService$AppDeathRecipient.binderDied()(ActivityManagerService.java:1503) waiters=1 in void com.android.server.am.ActivityManagerService.unregisterReceiver(android.content.IIntentReceiver) for 973ms
10-04 11:15:39.961  1924  1950 W system_server: Long monitor contention with owner Binder:1924_3 (1996) at void com.android.server.am.ActivityManagerService$AppDeathRecipient.binderDied()(ActivityManagerService.java:1503) waiters=2 in void com.android.server.am.ActiveServices$ServiceRestarter.run() for 973ms
10-04 11:15:39.963  1924  1924 W system_server: Long monitor contention with owner Binder:1924_3 (1996) at void com.android.server.am.ActivityManagerService$AppDeathRecipient.binderDied()(ActivityManagerService.java:1503) waiters=4 in java.lang.String com.android.server.am.ActivityManagerService.checkContentProviderAccess(java.lang.String, int) for 726ms
10-04 11:15:39.970  1696  1696 W audio_hw_generic: Not supplying enough data to HAL, expected position 275921 , only wrote 138810
10-04 11:15:39.971  1924  1944 W system_server: Long monitor contention with owner Binder:1924_3 (1996) at void com.android.server.am.ActivityManagerService$AppDeathRecipient.binderDied()(ActivityManagerService.java:1503) waiters=5 in void com.android.server.am.ActivityManagerService$LocalService.setHasOverlayUi(int, boolean) for 499ms
10-04 11:15:39.972  1924  1944 W ActivityManager: setHasOverlayUi called on unknown pid: 2060
10-04 11:15:40.007  1924  1924 V SettingsProvider: Notifying for 0: content://settings/system/accelerometer_rotation
10-04 11:15:40.007  1924  1924 W Looper  : Slow dispatch took 785ms main h=com.android.providers.settings.SettingsProvider$SettingsRegistry$MyHandler c=null m=1
10-04 11:15:40.007  1924  1924 W Looper  : Slow delivery took 810ms main h=android.app.ActivityThread$H c=com.android.server.wallpaper.-$$Lambda$WallpaperManagerService$WallpaperConnection$Yk86TTURTI5B9DzxOzMQGDq7aQU@af50224 m=0
10-04 11:15:40.149  2284  2355 W OverviewFlags: Unable to update overview back button alpha
10-04 11:15:40.149  2284  2355 W OverviewFlags: android.os.DeadObjectException
10-04 11:15:40.149  2284  2355 W OverviewFlags: 	at android.os.BinderProxy.transactNative(Native Method)
10-04 11:15:40.149  2284  2355 W OverviewFlags: 	at android.os.BinderProxy.transact(BinderProxy.java:510)
10-04 11:15:40.149  2284  2355 W OverviewFlags: 	at com.android.systemui.shared.recents.ISystemUiProxy$Stub$Proxy.setBackButtonAlpha(ISystemUiProxy.java:435)
10-04 11:15:40.149  2284  2355 W OverviewFlags: 	at com.android.quickstep.OverviewInteractionState.applyBackButtonAlpha(OverviewInteractionState.java:122)
10-04 11:15:40.149  2284  2355 W OverviewFlags: 	at com.android.quickstep.OverviewInteractionState.handleBgMessage(OverviewInteractionState.java:110)
10-04 11:15:40.149  2284  2355 W OverviewFlags: 	at com.android.quickstep.OverviewInteractionState.lambda$lUCjlXPvcc5dI6thv7Aq9QPgFjM(Unknown Source:0)
10-04 11:15:40.149  2284  2355 W OverviewFlags: 	at com.android.quickstep.-$$Lambda$OverviewInteractionState$lUCjlXPvcc5dI6thv7Aq9QPgFjM.handleMessage(Unknown Source:2)
10-04 11:15:40.149  2284  2355 W OverviewFlags: 	at android.os.Handler.dispatchMessage(Handler.java:103)
10-04 11:15:40.149  2284  2355 W OverviewFlags: 	at android.os.Looper.loop(Looper.java:214)
10-04 11:15:40.149  2284  2355 W OverviewFlags: 	at android.os.HandlerThread.run(HandlerThread.java:67)
10-04 11:15:40.237  1924  2049 W system_server: Long monitor contention with owner Binder:1924_3 (1996) at void com.android.server.am.ActivityManagerService$AppDeathRecipient.binderDied()(ActivityManagerService.java:1503) waiters=3 in void com.android.server.am.ActivityManagerService.unstableProviderDied(android.os.IBinder) for 1.151s
10-04 11:15:40.341  1924  1924 W system_server: Long monitor contention with owner SliceManagerService (2049) at void com.android.server.am.ActivityManagerService.unstableProviderDied(android.os.IBinder)(ActivityManagerService.java:7463) waiters=0 in void android.app.ActivityThread.handleUnstableProviderDied(android.os.IBinder, boolean) for 322ms
10-04 11:15:40.341  1924  1924 W Looper  : Slow dispatch took 332ms main h=android.app.ActivityThread$H c=null m=142
10-04 11:15:40.392  1687  1687 D Zygote  : Forked child process 3158
10-04 11:15:40.411  1924  2049 W PinnedSliceState: Unable to contact content://0@com.android.systemui.keyguard/main
10-04 11:15:40.411  1924  2049 W PinnedSliceState: android.os.DeadObjectException
10-04 11:15:40.411  1924  2049 W PinnedSliceState: 	at android.os.BinderProxy.transactNative(Native Method)
10-04 11:15:40.411  1924  2049 W PinnedSliceState: 	at android.os.BinderProxy.transact(BinderProxy.java:510)
10-04 11:15:40.411  1924  2049 W PinnedSliceState: 	at android.content.ContentProviderProxy.call(ContentProviderNative.java:656)
10-04 11:15:40.411  1924  2049 W PinnedSliceState: 	at android.content.ContentProviderClient.call(ContentProviderClient.java:558)
10-04 11:15:40.411  1924  2049 W PinnedSliceState: 	at android.content.ContentProviderClient.call(ContentProviderClient.java:546)
10-04 11:15:40.411  1924  2049 W PinnedSliceState: 	at com.android.server.slice.PinnedSliceState.handleSendUnpinned(PinnedSliceState.java:203)
10-04 11:15:40.411  1924  2049 W PinnedSliceState: 	at com.android.server.slice.PinnedSliceState.lambda$t5Vl61Ns1u_83c4ri7920sczEu0(Unknown Source:0)
10-04 11:15:40.411  1924  2049 W PinnedSliceState: 	at com.android.server.slice.-$$Lambda$PinnedSliceState$t5Vl61Ns1u_83c4ri7920sczEu0.run(Unknown Source:2)
10-04 11:15:40.411  1924  2049 W PinnedSliceState: 	at android.os.Handler.handleCallback(Handler.java:883)
10-04 11:15:40.411  1924  2049 W PinnedSliceState: 	at android.os.Handler.dispatchMessage(Handler.java:100)
10-04 11:15:40.411  1924  2049 W PinnedSliceState: 	at android.os.Looper.loop(Looper.java:214)
10-04 11:15:40.411  1924  2049 W PinnedSliceState: 	at android.os.HandlerThread.run(HandlerThread.java:67)
10-04 11:15:40.411  1924  2049 W PinnedSliceState: 	at com.android.server.ServiceThread.run(ServiceThread.java:44)
10-04 11:15:40.441  1924  1951 W ActivityManager: Slow operation: 887ms so far, now at startProcess: returned from zygote!
10-04 11:15:40.442  1924  1951 W ActivityManager: Slow operation: 887ms so far, now at startProcess: done updating battery stats
10-04 11:15:40.443  1924  1951 W ActivityManager: Slow operation: 888ms so far, now at startProcess: building log message
10-04 11:15:40.443  1924  1951 I ActivityManager: Start proc 3158:com.android.systemui/u0a102 for restart com.android.systemui
10-04 11:15:40.443  1924  1951 W ActivityManager: Slow operation: 888ms so far, now at startProcess: starting to update pids map
10-04 11:15:40.445  1924  1951 W ActivityManager: Slow operation: 890ms so far, now at startProcess: done updating pids map
10-04 11:15:40.630  3158  3158 W ndroid.systemu: Unexpected CPU variant for X86 using defaults: x86_64
10-04 11:15:40.881  1924  1996 W ActivityManager: Slow operation: 71ms so far, now at attachApplicationLocked: after mServices.attachApplicationLocked
10-04 11:15:41.047  3158  3158 I ndroid.systemu: The ClassLoaderContext is a special shared library.
10-04 11:15:41.260  3158  3158 W AlarmManager: Unrecognized alarm listener com.android.systemui.keyguard.-$$Lambda$KeyguardSliceProvider$IhzByd8TsqFuOrSyuGurVskyPLo@44e8221
10-04 11:15:41.337  1924  1924 V SettingsProvider: Notifying for 0: content://settings/system/user_rotation
10-04 11:15:41.338  1924  1924 W Looper  : Drained
10-04 11:15:41.444  1924  1924 D TrustManagerService: Removing dead TrustListener.
10-04 11:15:41.790  3158  3158 V SystemUIService: Starting SystemUI services for user 0.
10-04 11:15:41.859  1924  2456 I OpenGLRenderer: Davey! duration=4192ms; Flags=0, IntendedVsync=535761128295, Vsync=535944461621, OldestInputEvent=9223372036854775807, NewestInputEvent=0, HandleInputStart=535949031019, AnimationStart=535949077429, PerformTraversalsStart=535966386799, DrawStart=535966606129, SyncQueued=535967600619, SyncStart=537444591699, IssueDrawCommandsStart=537496274909, SwapBuffers=541343905519, FrameCompleted=541431029499, DequeueBufferDuration=20872000, QueueBufferDuration=42837000, 
10-04 11:15:41.869  3158  3158 D SystemUIBootTiming: StartServicescom.android.systemui.Dependency$DependencyCreator took to complete: 78ms
10-04 11:15:41.907  3158  3158 D SystemUIBootTiming: StartServicescom.android.systemui.util.NotificationChannels took to complete: 38ms
10-04 11:15:41.918  3158  3158 D SystemUIBootTiming: StartServicescom.android.systemui.statusbar.CommandQueue$CommandQueueStart took to complete: 11ms
10-04 11:15:41.930  1924  2456 D EGL_emulation: eglMakeCurrent: 0x768dd5e9a060: ver 3 0 (tinfo 0x768ddb53efa0)
10-04 11:15:42.053  3158  3158 V MediaRouter: Selecting route: RouteInfo{ name=Phone, description=null, status=null, category=RouteCategory{ name=System types=ROUTE_TYPE_LIVE_AUDIO ROUTE_TYPE_LIVE_VIDEO  groupable=false }, supportedTypes=ROUTE_TYPE_LIVE_AUDIO ROUTE_TYPE_LIVE_VIDEO , presentationDisplay=null }
10-04 11:15:42.090  1924  2456 D OpenGLRenderer: endAllActiveAnimators on 0x768dd9428e00 (RippleDrawable) with handle 0x768ddb583800
10-04 11:15:42.151  1924  1996 E InputDispatcher: Window handle Window{1a5895a u0 Application Not Responding: com.android.systemui} has no registered input channel
10-04 11:15:42.207  2284  2355 W OverviewFlags: Unable to update overview back button alpha
10-04 11:15:42.207  2284  2355 W OverviewFlags: android.os.DeadObjectException
10-04 11:15:42.207  2284  2355 W OverviewFlags: 	at android.os.BinderProxy.transactNative(Native Method)
10-04 11:15:42.207  2284  2355 W OverviewFlags: 	at android.os.BinderProxy.transact(BinderProxy.java:510)
10-04 11:15:42.207  2284  2355 W OverviewFlags: 	at com.android.systemui.shared.recents.ISystemUiProxy$Stub$Proxy.setBackButtonAlpha(ISystemUiProxy.java:435)
10-04 11:15:42.207  2284  2355 W OverviewFlags: 	at com.android.quickstep.OverviewInteractionState.applyBackButtonAlpha(OverviewInteractionState.java:122)
10-04 11:15:42.207  2284  2355 W OverviewFlags: 	at com.android.quickstep.OverviewInteractionState.handleBgMessage(OverviewInteractionState.java:110)
10-04 11:15:42.207  2284  2355 W OverviewFlags: 	at com.android.quickstep.OverviewInteractionState.lambda$lUCjlXPvcc5dI6thv7Aq9QPgFjM(Unknown Source:0)
10-04 11:15:42.207  2284  2355 W OverviewFlags: 	at com.android.quickstep.-$$Lambda$OverviewInteractionState$lUCjlXPvcc5dI6thv7Aq9QPgFjM.handleMessage(Unknown Source:2)
10-04 11:15:42.207  2284  2355 W OverviewFlags: 	at android.os.Handler.dispatchMessage(Handler.java:103)
10-04 11:15:42.207  2284  2355 W OverviewFlags: 	at android.os.Looper.loop(Looper.java:214)
10-04 11:15:42.207  2284  2355 W OverviewFlags: 	at android.os.HandlerThread.run(HandlerThread.java:67)
10-04 11:15:42.219  1924  1996 E InputDispatcher: Window handle Window{1a5895a u0 Application Not Responding: com.android.systemui} has no registered input channel
10-04 11:15:42.230  1924  1942 W Looper  : Slow dispatch took 4320ms android.ui h=com.android.server.am.AppNotRespondingDialog$1 c=null m=1
10-04 11:15:42.389  1924  1942 I Choreographer: Skipped 358 frames!  The application may be doing too much work on its main thread.
10-04 11:15:42.480  1924  1944 W InputReader: Device has associated, but no associated display id.
10-04 11:15:42.508  1924  1944 W UsageStatsService: Event reported without a package name, eventType:17
10-04 11:15:42.517  1924  1942 D ActivityTaskManager: Top Process State changed to PROCESS_STATE_TOP_SLEEPING
10-04 11:15:42.481  1924  1944 I chatty  : uid=1000(system) android.display identical 8 lines
10-04 11:15:42.481  1924  1944 W InputReader: Device has associated, but no associated display id.
10-04 11:15:42.594  1712  2386 W EmuHWC2 : No layers, exit, buffer 0x0
10-04 11:15:42.609  1712  2386 W EmuHWC2 : No layers, exit, buffer 0x0
10-04 11:15:42.617  2284  2513 D EGL_emulation: eglMakeCurrent: 0x768e2b04b440: ver 3 0 (tinfo 0x768e2b018ba0)
10-04 11:15:42.675  1712  2386 W EmuHWC2 : No layers, exit, buffer 0x0
10-04 11:15:42.678  2284  2355 W OverviewFlags: Unable to update overview back button alpha
10-04 11:15:42.678  2284  2355 W OverviewFlags: android.os.DeadObjectException
10-04 11:15:42.678  2284  2355 W OverviewFlags: 	at android.os.BinderProxy.transactNative(Native Method)
10-04 11:15:42.678  2284  2355 W OverviewFlags: 	at android.os.BinderProxy.transact(BinderProxy.java:510)
10-04 11:15:42.678  2284  2355 W OverviewFlags: 	at com.android.systemui.shared.recents.ISystemUiProxy$Stub$Proxy.setBackButtonAlpha(ISystemUiProxy.java:435)
10-04 11:15:42.678  2284  2355 W OverviewFlags: 	at com.android.quickstep.OverviewInteractionState.applyBackButtonAlpha(OverviewInteractionState.java:122)
10-04 11:15:42.678  2284  2355 W OverviewFlags: 	at com.android.quickstep.OverviewInteractionState.handleBgMessage(OverviewInteractionState.java:110)
10-04 11:15:42.678  2284  2355 W OverviewFlags: 	at com.android.quickstep.OverviewInteractionState.lambda$lUCjlXPvcc5dI6thv7Aq9QPgFjM(Unknown Source:0)
10-04 11:15:42.678  2284  2355 W OverviewFlags: 	at com.android.quickstep.-$$Lambda$OverviewInteractionState$lUCjlXPvcc5dI6thv7Aq9QPgFjM.handleMessage(Unknown Source:2)
10-04 11:15:42.678  2284  2355 W OverviewFlags: 	at android.os.Handler.dispatchMessage(Handler.java:103)
10-04 11:15:42.678  2284  2355 W OverviewFlags: 	at android.os.Looper.loop(Looper.java:214)
10-04 11:15:42.678  2284  2355 W OverviewFlags: 	at android.os.HandlerThread.run(HandlerThread.java:67)
10-04 11:15:42.691  1712  2386 W EmuHWC2 : No layers, exit, buffer 0x0
10-04 11:15:42.697  1924  1942 W Looper  : Slow dispatch took 193ms android.ui h=android.os.Handler c=com.android.server.policy.keyguard.-$$Lambda$KeyguardServiceDelegate$1$ZQ5qG3EmC57J43br9oobeNISXyE@c803a7c m=0
10-04 11:15:42.861  1712  2386 W EmuHWC2 : No layers, exit, buffer 0x0
10-04 11:15:43.050  1569  1569 I hwservicemanager: getTransport: Cannot find entry android.hardware.graphics.allocator@3.0::IAllocator/default in either framework or device manifest.
10-04 11:15:43.052  1924  1996 W Gralloc3: allocator 3.x is not supported
10-04 11:15:43.079  1710  1710 D gralloc_ranchu: gralloc_alloc: Creating ashmem region of size 290816
10-04 11:15:43.202  3158  3169 I ndroid.systemu: Background young concurrent copying GC freed 27787(3639KB) AllocSpace objects, 0(0B) LOS objects, 78% free, 1731KB/7875KB, paused 24.140ms total 619.360ms
10-04 11:15:43.214  1924  3187 D HostConnection: HostConnection::get() New Host Connection established 0x768ddb5e2120, tid 3187
10-04 11:15:43.215  1924  3187 D HostConnection: HostComposition ext ANDROID_EMU_CHECKSUM_HELPER_v1 ANDROID_EMU_native_sync_v2 ANDROID_EMU_dma_v1 ANDROID_EMU_direct_mem ANDROID_EMU_host_composition_v1 ANDROID_EMU_host_composition_v2 ANDROID_EMU_sync_buffer_data ANDROID_EMU_hwc_color_transform GL_OES_EGL_image_external_essl3 GL_OES_vertex_array_object GL_KHR_texture_compression_astc_ldr ANDROID_EMU_host_side_tracing ANDROID_EMU_gles_max_version_3_0 
10-04 11:15:43.244  1924  3187 D EGL_emulation: eglCreateContext: 0x768dd95460a0: maj 3 min 0 rcv 3
10-04 11:15:43.285  1924  3187 D EGL_emulation: eglMakeCurrent: 0x768dd95460a0: ver 3 0 (tinfo 0x768ddb4c48e0)
10-04 11:15:43.354  1924  1996 D HostConnection: HostConnection::get() New Host Connection established 0x768dcf968960, tid 1996
10-04 11:15:43.354  1924  1996 D HostConnection: HostComposition ext ANDROID_EMU_CHECKSUM_HELPER_v1 ANDROID_EMU_native_sync_v2 ANDROID_EMU_dma_v1 ANDROID_EMU_direct_mem ANDROID_EMU_host_composition_v1 ANDROID_EMU_host_composition_v2 ANDROID_EMU_sync_buffer_data ANDROID_EMU_hwc_color_transform GL_OES_EGL_image_external_essl3 GL_OES_vertex_array_object GL_KHR_texture_compression_astc_ldr ANDROID_EMU_host_side_tracing ANDROID_EMU_gles_max_version_3_0 
10-04 11:15:43.425  3158  3158 D SystemUIBootTiming: StartServicescom.android.systemui.keyguard.KeyguardViewMediator took to complete: 1507ms
10-04 11:15:43.426  3158  3158 W SystemUIService: Initialization of com.android.systemui.keyguard.KeyguardViewMediator took 1507 ms
10-04 11:15:43.509  1924  1942 W Looper  : Drained
10-04 11:15:43.534  3158  3158 D SystemUIBootTiming: StartServicescom.android.systemui.recents.Recents took to complete: 109ms
10-04 11:15:43.542  1712  1760 W EmuHWC2 : No layers, exit, buffer 0x0
10-04 11:15:43.558  2284  2284 D TouchInteractionService: Touch service connected
10-04 11:15:43.561  3158  3158 I vol.Events: writeEvent collection_started
10-04 11:15:43.684  3158  3193 I OMXClient: IOmx service obtained
10-04 11:15:43.695  1784  2177 I OMXMaster: makeComponentInstance(OMX.google.vorbis.decoder) in android.hardwar process
10-04 11:15:43.754  1784  2165 E OMXNodeInstance: getConfig(0xf619fd20:google.vorbis.decoder, ConfigAndroidVendorExtension(0x6f100004)) ERROR: Undefined(0x80001001)
10-04 11:15:44.078  2284  2284 W droid.launcher: Long monitor contention with owner TaskThumbnailIconCache (2503) at boolean android.os.MessageQueue.enqueueMessage(android.os.Message, long)(MessageQueue.java:556) waiters=0 in android.os.Message android.os.MessageQueue.next() for 410ms
10-04 11:15:44.230  1710  1710 D gralloc_ranchu: gralloc_alloc: Creating ashmem region of size 290816
10-04 11:15:44.264  1924  2397 D HostConnection: HostConnection::get() New Host Connection established 0x768dd9547220, tid 2397
10-04 11:15:44.265  1924  2397 D HostConnection: HostComposition ext ANDROID_EMU_CHECKSUM_HELPER_v1 ANDROID_EMU_native_sync_v2 ANDROID_EMU_dma_v1 ANDROID_EMU_direct_mem ANDROID_EMU_host_composition_v1 ANDROID_EMU_host_composition_v2 ANDROID_EMU_sync_buffer_data ANDROID_EMU_hwc_color_transform GL_OES_EGL_image_external_essl3 GL_OES_vertex_array_object GL_KHR_texture_compression_astc_ldr ANDROID_EMU_host_side_tracing ANDROID_EMU_gles_max_version_3_0 
10-04 11:15:44.360  3158  3200 I OMXClient: IOmx service obtained
10-04 11:15:44.362  1784  2165 I OMXMaster: makeComponentInstance(OMX.google.vorbis.decoder) in android.hardwar process
10-04 11:15:44.374  1784  2165 E OMXNodeInstance: getConfig(0xf619fd20:google.vorbis.decoder, ConfigAndroidVendorExtension(0x6f100004)) ERROR: Undefined(0x80001001)
10-04 11:15:44.745  3158  3203 I OMXClient: IOmx service obtained
10-04 11:15:44.747  1784  2177 I OMXMaster: makeComponentInstance(OMX.google.vorbis.decoder) in android.hardwar process
10-04 11:15:44.757  1784  2177 E OMXNodeInstance: getConfig(0xf619fd20:google.vorbis.decoder, ConfigAndroidVendorExtension(0x6f100004)) ERROR: Undefined(0x80001001)
10-04 11:15:45.284  3158  3192 I vol.Events: writeEvent level_changed STREAM_VOICE_CALL 1
10-04 11:15:45.293  3158  3192 I vol.Events: writeEvent level_changed STREAM_SYSTEM 5
10-04 11:15:45.305  3158  3192 I vol.Events: writeEvent level_changed STREAM_RING 5
10-04 11:15:45.320  3158  3192 I vol.Events: writeEvent level_changed STREAM_MUSIC 5
10-04 11:15:45.342  3158  3192 I vol.Events: writeEvent level_changed STREAM_ALARM 6
10-04 11:15:45.362  3158  3192 I vol.Events: writeEvent level_changed STREAM_BLUETOOTH_SCO 7
10-04 11:15:45.379  3158  3158 D SystemUIBootTiming: StartServicescom.android.systemui.volume.VolumeUI took to complete: 1844ms
10-04 11:15:45.379  3158  3158 W SystemUIService: Initialization of com.android.systemui.volume.VolumeUI took 1844 ms
10-04 11:15:45.414  3158  3192 I vol.Events: writeEvent zen_mode_config_changed [disallowAlarms=false disallowMedia=false disallowSystem=true disallowRinger=false]
10-04 11:15:45.520  1734  1962 E SurfaceFlinger: ro.sf.lcd_density must be defined as a build property
10-04 11:15:45.531  1734  1962 E SurfaceFlinger: ro.sf.lcd_density must be defined as a build property
10-04 11:15:45.576  1712  2386 W EmuHWC2 : No layers, exit, buffer 0x0
10-04 11:15:45.619  3158  3158 D SystemUIBootTiming: StartServicescom.android.systemui.stackdivider.Divider took to complete: 239ms
10-04 11:15:45.593  1712  2386 W EmuHWC2 : No layers, exit, buffer 0x0
10-04 11:15:45.678  3158  3158 I FalsingManagerPlugin: xdpi, ydpi: 160.0, 160.0
10-04 11:15:45.679  3158  3158 I FalsingManagerPlugin: width, height: 360, 752
10-04 11:15:45.834  3158  3158 V WifiManager: registerTrafficStateCallback: callback=com.android.systemui.statusbar.policy.WifiSignalController$WifiTrafficStateCallback@15c26e, handler=null
10-04 11:15:45.855  1924  1996 D ConnectivityService: requestNetwork for uid/pid:10102/3158 NetworkRequest [ TRACK_DEFAULT id=19, [ Capabilities: INTERNET&NOT_RESTRICTED&TRUSTED Uid: 10102] ]
10-04 11:15:45.859  1924  2030 D WifiNetworkFactory: got request NetworkRequest [ TRACK_DEFAULT id=19, [ Capabilities: INTERNET&NOT_RESTRICTED&TRUSTED Uid: 10102] ] with score 0 and serial 0
10-04 11:15:45.863  2474  2474 D PhoneSwitcherNetworkRequstListener: got request NetworkRequest [ TRACK_DEFAULT id=19, [ Capabilities: INTERNET&NOT_RESTRICTED&TRUSTED Uid: 10102] ] with score 0 and serial 0
10-04 11:15:45.865  1924  2030 D UntrustedWifiNetworkFactory: got request NetworkRequest [ TRACK_DEFAULT id=19, [ Capabilities: INTERNET&NOT_RESTRICTED&TRUSTED Uid: 10102] ] with score 0 and serial 0
10-04 11:15:46.076  1712  2386 W EmuHWC2 : No layers, exit, buffer 0x0
10-04 11:15:46.094  1712  2386 W EmuHWC2 : No layers, exit, buffer 0x0
10-04 11:15:46.283  3158  3158 D StatusBar: disable<e i a s b h r c s > disable2<q i n >
10-04 11:15:46.285  1924  1996 I StatusBarManagerService: registerStatusBar bar=com.android.internal.statusbar.IStatusBar$Stub$Proxy@21ec404
10-04 11:15:46.481  3184  3184 D AndroidRuntime: >>>>>> START com.android.internal.os.RuntimeInit uid 2000 <<<<<<
10-04 11:15:46.521  3184  3184 W app_process: type=1400 audit(0.0:29): avc: denied { read } for name="u:object_r:device_config_runtime_native_boot_prop:s0" dev="tmpfs" ino=6676 scontext=u:r:shell:s0 tcontext=u:object_r:device_config_runtime_native_boot_prop:s0 tclass=file permissive=0
10-04 11:15:46.540  3184  3184 E libc    : Access denied finding property "persist.device_config.runtime_native_boot.enable_apex_image"
10-04 11:15:46.541  3184  3184 I AndroidRuntime: Using default boot image
10-04 11:15:46.531  3184  3184 W app_process: type=1400 audit(0.0:30): avc: denied { read } for name="u:object_r:device_config_runtime_native_boot_prop:s0" dev="tmpfs" ino=6676 scontext=u:r:shell:s0 tcontext=u:object_r:device_config_runtime_native_boot_prop:s0 tclass=file permissive=0
10-04 11:15:46.548  3184  3184 E libc    : Access denied finding property "persist.device_config.runtime_native_boot.disable_lock_profiling"
10-04 11:15:46.548  3184  3184 I AndroidRuntime: Leaving lock profiling enabled
10-04 11:15:46.541  3184  3184 W app_process: type=1400 audit(0.0:31): avc: denied { read } for name="u:object_r:device_config_runtime_native_boot_prop:s0" dev="tmpfs" ino=6676 scontext=u:r:shell:s0 tcontext=u:object_r:device_config_runtime_native_boot_prop:s0 tclass=file permissive=0
10-04 11:15:46.553  3184  3184 E libc    : Access denied finding property "persist.device_config.runtime_native_boot.enable_generational_cc"
10-04 11:15:46.703  3184  3184 I app_process: Core platform API reporting enabled, enforcing=false
10-04 11:15:47.019  3158  3158 I CameraManagerGlobal: Connecting to camera service
10-04 11:15:47.409  1712  1760 W EmuHWC2 : No layers, exit, buffer 0x0
10-04 11:15:47.433  1712  2386 W EmuHWC2 : No layers, exit, buffer 0x0
10-04 11:15:47.621  3158  3158 D StatusBar: mUserSetupObserver - DeviceProvisionedListener called for user 0
10-04 11:15:47.631  3158  3158 D StatusBar: updateQsExpansionEnabled - QS Expand enabled: true
10-04 11:15:47.635  3158  3158 D StatusBar: mUserSetupObserver - DeviceProvisionedListener called for user 0
10-04 11:15:47.635  3158  3207 D OpenGLRenderer: profile bars disabled
10-04 11:15:47.639  3158  3207 D OpenGLRenderer: ambientRatio = 1.50
10-04 11:15:47.681  1712  2386 W EmuHWC2 : No layers, exit, buffer 0x0
10-04 11:15:47.692  1712  2386 W EmuHWC2 : No layers, exit, buffer 0x0
10-04 11:15:47.788  3158  3158 E BluetoothAdapter: Bluetooth binder is null
10-04 11:15:47.900  3158  3158 V WifiManager: registerSoftApCallback: callback=com.android.systemui.statusbar.policy.HotspotControllerImpl@9184f29, handler=Handler (android.os.Handler) {a2e62ae}
10-04 11:15:47.931  3184  3184 D ICU     : Time zone APEX file found: /apex/com.android.tzdata/etc/icu/icu_tzdata.dat
10-04 11:15:48.061  3158  3158 D SystemUIBootTiming: StartServicescom.android.systemui.SystemBars took to complete: 2441ms
10-04 11:15:48.061  3158  3158 W SystemUIService: Initialization of com.android.systemui.SystemBars took 2442 ms
10-04 11:15:48.083  3158  3158 D StorageNotification: Notifying about private volume: VolumeInfo{private}:
10-04 11:15:48.083  3158  3158 D StorageNotification:     type=PRIVATE diskId=null partGuid=null mountFlags=0 mountUserId=-10000 
10-04 11:15:48.083  3158  3158 D StorageNotification:     state=MOUNTED 
10-04 11:15:48.083  3158  3158 D StorageNotification:     fsType=null fsUuid=null fsLabel=null 
10-04 11:15:48.083  3158  3158 D StorageNotification:     path=/data internalPath=null 
10-04 11:15:48.103  3158  3158 D SystemUIBootTiming: StartServicescom.android.systemui.usb.StorageNotification took to complete: 41ms
10-04 11:15:48.152  3158  3158 D SystemUIBootTiming: StartServicescom.android.systemui.power.PowerUI took to complete: 49ms
10-04 11:15:48.157  3158  3158 D SystemUIBootTiming: StartServicescom.android.systemui.media.RingtonePlayer took to complete: 5ms
10-04 11:15:48.170  3158  3158 D SystemUIBootTiming: StartServicescom.android.systemui.keyboard.KeyboardUI took to complete: 12ms
10-04 11:15:48.195  1712  1760 W EmuHWC2 : No layers, exit, buffer 0x0
10-04 11:15:48.237  3184  3184 W app_process: Unexpected CPU variant for X86 using defaults: x86_64
10-04 11:15:48.271  3158  3158 D SystemUIBootTiming: StartServicescom.android.systemui.pip.PipUI took to complete: 102ms
10-04 11:15:48.281  3158  3158 D SystemUIBootTiming: StartServicescom.android.systemui.shortcut.ShortcutKeyDispatcher took to complete: 9ms
10-04 11:15:48.282  3158  3158 D SystemUIBootTiming: StartServicescom.android.systemui.VendorServices took to complete: 1ms
10-04 11:15:48.291  3158  3158 D SystemUIBootTiming: StartServicescom.android.systemui.util.leak.GarbageMonitor$Service took to complete: 10ms
10-04 11:15:48.312  3158  3158 D SystemUIBootTiming: StartServicescom.android.systemui.LatencyTester took to complete: 4ms
10-04 11:15:48.320  3158  3158 D SystemUIBootTiming: StartServicescom.android.systemui.globalactions.GlobalActionsComponent took to complete: 8ms
10-04 11:15:48.350  3158  3158 D SystemUIBootTiming: StartServicescom.android.systemui.ScreenDecorations took to complete: 30ms
10-04 11:15:48.364  3158  3158 D SystemUIBootTiming: StartServicescom.android.systemui.biometrics.BiometricDialogImpl took to complete: 14ms
10-04 11:15:48.377  3158  3158 D SystemUIBootTiming: StartServicescom.android.systemui.SliceBroadcastRelayHandler took to complete: 13ms
10-04 11:15:48.391  3158  3158 D SystemUIBootTiming: StartServicescom.android.systemui.SizeCompatModeActivityController took to complete: 13ms
10-04 11:15:48.372  3184  3184 I app_process: The ClassLoaderContext is a special shared library.
10-04 11:15:48.424  3158  3158 D SystemUIBootTiming: StartServicescom.android.systemui.statusbar.notification.InstantAppNotifier took to complete: 33ms
10-04 11:15:48.447  3158  3158 D SystemUIBootTiming: StartServicescom.android.systemui.theme.ThemeOverlayController took to complete: 24ms
10-04 11:15:48.458  3158  3158 D InterruptionStateProvider: heads up is enabled
10-04 11:15:48.505  3158  3158 D StatusBar: disable<e i a s b h r c s > disable2<q i n >
10-04 11:15:48.505  3158  3158 D SystemUIBootTiming: StartServices took to complete: 6714ms
10-04 11:15:48.557  1924  1924 W WindowManager: addWindowToken: Attempted to add binder token: android.os.Binder@d759ecd for already created window token: WallpaperWindowToken{1054382 token=android.os.Binder@d759ecd} displayId=0
10-04 11:15:48.622  3158  3158 D Tonal   : Tonal Palette - index: 10. Main color: ffe590b7
10-04 11:15:48.622  3158  3158 D Tonal   : Colors: ff060104, ff1b0613, ff2f0b23, ff481135, ff671850, ff861f5d, ffa42773, ffbe4d91, ffd85a9e, ffde73aa, ffe590b7, ffefb9d1, fff5d6e5
10-04 11:15:48.624  3158  3158 D Tonal   : Gradients: 
10-04 11:15:48.624  3158  3158 D Tonal   : 	Normal GradientColors(ffe590b7, ffe590b7)
10-04 11:15:48.624  3158  3158 D Tonal   : 	Dark GradientColors(ff481135, ff481135)
10-04 11:15:48.624  3158  3158 D Tonal   : 	Extra dark: GradientColors(ff2f0b23, ff2f0b23)
10-04 11:15:48.625  3158  3158 D Tonal   : Tonal Palette - index: 10. Main color: ffe590b7
10-04 11:15:48.625  3158  3158 D Tonal   : Colors: ff060104, ff1b0613, ff2f0b23, ff481135, ff671850, ff861f5d, ffa42773, ffbe4d91, ffd85a9e, ffde73aa, ffe590b7, ffefb9d1, fff5d6e5
10-04 11:15:48.626  3158  3158 D Tonal   : Gradients: 
10-04 11:15:48.626  3158  3158 D Tonal   : 	Normal GradientColors(ffe590b7, ffe590b7)
10-04 11:15:48.626  3158  3158 D Tonal   : 	Dark GradientColors(ff481135, ff481135)
10-04 11:15:48.626  3158  3158 D Tonal   : 	Extra dark: GradientColors(ff2f0b23, ff2f0b23)
10-04 11:15:48.713  3158  3158 I Choreographer: Skipped 188 frames!  The application may be doing too much work on its main thread.
10-04 11:15:48.743  1712  2386 W EmuHWC2 : No layers, exit, buffer 0x0
10-04 11:15:48.759  1712  2386 W EmuHWC2 : No layers, exit, buffer 0x0
10-04 11:15:48.780  3184  3184 W app_process: JNI RegisterNativeMethods: attempt to register 0 native methods for android.media.AudioAttributes
10-04 11:15:48.825  1712  2386 W EmuHWC2 : No layers, exit, buffer 0x0
10-04 11:15:48.843  1712  2386 W EmuHWC2 : No layers, exit, buffer 0x0
10-04 11:15:48.852  3158  3207 D libEGL  : Emulator has host GPU support, qemu.gles is set to 1.
10-04 11:15:48.862  3158  3207 W libc    : Unable to set property "qemu.gles" to "1": error code: 0x18
10-04 11:15:48.897  3158  3207 D libEGL  : loaded /vendor/lib64/egl/libEGL_emulation.so
10-04 11:15:48.905  3158  3207 D libEGL  : loaded /vendor/lib64/egl/libGLESv1_CM_emulation.so
10-04 11:15:48.916  3158  3207 D libEGL  : loaded /vendor/lib64/egl/libGLESv2_emulation.so
10-04 11:15:49.045  3158  3207 D HostConnection: HostConnection::get() New Host Connection established 0x768e294d5ac0, tid 3207
10-04 11:15:49.065  3158  3207 D HostConnection: HostComposition ext ANDROID_EMU_CHECKSUM_HELPER_v1 ANDROID_EMU_native_sync_v2 ANDROID_EMU_dma_v1 ANDROID_EMU_direct_mem ANDROID_EMU_host_composition_v1 ANDROID_EMU_host_composition_v2 ANDROID_EMU_sync_buffer_data ANDROID_EMU_hwc_color_transform GL_OES_EGL_image_external_essl3 GL_OES_vertex_array_object GL_KHR_texture_compression_astc_ldr ANDROID_EMU_host_side_tracing ANDROID_EMU_gles_max_version_3_0 
10-04 11:15:49.096  3184  3184 D AndroidRuntime: Calling main entry com.android.commands.am.Am
10-04 11:15:49.101  3158  3207 D EGL_emulation: eglCreateContext: 0x768e294d5c00: maj 3 min 0 rcv 3
10-04 11:15:49.103  3158  3207 D EGL_emulation: eglMakeCurrent: 0x768e294d5c00: ver 3 0 (tinfo 0x768ddf0edf60)
10-04 11:15:49.183  1710  1710 D gralloc_ranchu: gralloc_alloc: Creating ashmem region of size 69632
10-04 11:15:49.194  1569  1569 I hwservicemanager: getTransport: Cannot find entry android.hardware.graphics.mapper@3.0::IMapper/default in either framework or device manifest.
10-04 11:15:49.196  3158  3207 W Gralloc3: mapper 3.x is not supported
10-04 11:15:49.211  3158  3207 D HostConnection: createUnique: call
10-04 11:15:49.212  3158  3207 D HostConnection: HostConnection::get() New Host Connection established 0x768ddef7afc0, tid 3207
10-04 11:15:49.213  3158  3207 D HostConnection: HostComposition ext ANDROID_EMU_CHECKSUM_HELPER_v1 ANDROID_EMU_native_sync_v2 ANDROID_EMU_dma_v1 ANDROID_EMU_direct_mem ANDROID_EMU_host_composition_v1 ANDROID_EMU_host_composition_v2 ANDROID_EMU_sync_buffer_data ANDROID_EMU_hwc_color_transform GL_OES_EGL_image_external_essl3 GL_OES_vertex_array_object GL_KHR_texture_compression_astc_ldr ANDROID_EMU_host_side_tracing ANDROID_EMU_gles_max_version_3_0 
10-04 11:15:49.214  3158  3207 D eglCodecCommon: allocate: Ask for block of size 0x1000
10-04 11:15:49.215  3158  3207 D eglCodecCommon: allocate: ioctl allocate returned offset 0x3ffff4000 size 0x2000
10-04 11:15:49.232  1710  1710 D gralloc_ranchu: gralloc_alloc: Creating ashmem region of size 69632
10-04 11:15:49.234  1710  1710 D gralloc_ranchu: gralloc_alloc: Creating ashmem region of size 69632
10-04 11:15:49.239  3158  3207 D EGL_emulation: eglMakeCurrent: 0x768e294d5c00: ver 3 0 (tinfo 0x768ddf0edf60)
10-04 11:15:49.312  1924  1996 I ActivityManager: Force stopping com.nothatcher.sproutbook appid=10116 user=0: start instr
10-04 11:15:49.427  1712  2386 W EmuHWC2 : No layers, exit, buffer 0x0
10-04 11:15:49.436  3158  3207 I OpenGLRenderer: Davey! duration=3858ms; Flags=1, IntendedVsync=545144645102, Vsync=548277978310, OldestInputEvent=9223372036854775807, NewestInputEvent=0, HandleInputStart=548284644749, AnimationStart=548284746439, PerformTraversalsStart=548286912899, DrawStart=548808454819, SyncQueued=548809430199, SyncStart=548812529689, IssueDrawCommandsStart=548818871559, SwapBuffers=548824461039, FrameCompleted=549006259919, DequeueBufferDuration=13084000, QueueBufferDuration=5132000, 
10-04 11:15:49.458  3158  3158 D KeyguardClockSwitch: Updating clock: 1115
10-04 11:15:49.581  1687  1687 D Zygote  : Forked child process 3230
10-04 11:15:49.621  1924  1951 W ActivityManager: Slow operation: 279ms so far, now at startProcess: returned from zygote!
10-04 11:15:49.972  1924  1951 W system_server: Long monitor contention with owner SliceManagerService (2049) at android.app.ContentProviderHolder com.android.server.am.ActivityManagerService.getContentProviderImpl(android.app.IApplicationThread, java.lang.String, android.os.IBinder, int, java.lang.String, java.lang.String, boolean, int)(ActivityManagerService.java:6714) waiters=0 in void com.android.server.am.ProcessList.lambda$startProcessLocked$0$ProcessList(com.android.server.am.ProcessRecord, java.lang.String, int[], int, int, java.lang.String, java.lang.String, java.lang.String, long) for 350ms
10-04 11:15:49.974  1924  1951 W ActivityManager: Slow operation: 633ms so far, now at startProcess: done updating battery stats
10-04 11:15:49.975  1924  1951 W ActivityManager: Slow operation: 633ms so far, now at startProcess: building log message
10-04 11:15:49.975  1924  1951 I ActivityManager: Start proc 3230:com.nothatcher.sproutbook/u0a116 for added application com.nothatcher.sproutbook
10-04 11:15:49.975  1924  1951 W ActivityManager: Slow operation: 633ms so far, now at startProcess: starting to update pids map
10-04 11:15:49.977  1924  1951 W ActivityManager: Slow operation: 636ms so far, now at startProcess: done updating pids map
10-04 11:15:50.055  3230  3230 I cher.sproutboo: Late-enabling -Xcheck:jni
10-04 11:15:50.179  3158  3169 I ndroid.systemu: NativeAlloc concurrent copying GC freed 22350(2600KB) AllocSpace objects, 4(80KB) LOS objects, 49% free, 3325KB/6651KB, paused 346us total 615.275ms
10-04 11:15:50.214  3230  3230 E cher.sproutboo: Unknown bits set in runtime_flags: 0x8000
10-04 11:15:50.229  3230  3230 W cher.sproutboo: Unexpected CPU variant for X86 using defaults: x86_64
10-04 11:15:50.528  1712  1712 W EmuHWC2 : No layers, exit, buffer 0x0
10-04 11:15:50.561  1712  1712 I chatty  : uid=1000(system) composer@2.1-se identical 2 lines
10-04 11:15:50.575  1712  1712 W EmuHWC2 : No layers, exit, buffer 0x0
10-04 11:15:50.587  1710  1710 D gralloc_ranchu: gralloc_alloc: Creating ashmem region of size 36864
10-04 11:15:50.592  1712  2386 W EmuHWC2 : No layers, exit, buffer 0x0
10-04 11:15:50.609  1712  2386 W EmuHWC2 : No layers, exit, buffer 0x0
10-04 11:15:50.618  1710  1710 D gralloc_ranchu: gralloc_alloc: Creating ashmem region of size 36864
10-04 11:15:50.754  3230  3230 W ActivityThread: Package uses different ABI(s) than its instrumentation: package[com.nothatcher.sproutbook]: x86_64, null instrumentation[com.nothatcher.sproutbook.test]: null, null
10-04 11:15:50.620  1710  1710 D gralloc_ranchu: gralloc_alloc: Creating ashmem region of size 36864
10-04 11:15:50.764  3158  3158 D StatusBar: disable<e i a s b h r c s > disable2<q i n >
10-04 11:15:50.842  3158  3207 D EGL_emulation: eglMakeCurrent: 0x768e294d5c00: ver 3 0 (tinfo 0x768ddf0edf60)
10-04 11:15:50.861  1712  2386 W EmuHWC2 : No layers, exit, buffer 0x0
10-04 11:15:50.877  1712  2386 I chatty  : uid=1000(system) HwBinder:1712_3 identical 1 line
10-04 11:15:50.893  1712  2386 W EmuHWC2 : No layers, exit, buffer 0x0
10-04 11:15:51.739  3230  3230 W cher.sproutboo: ClassLoaderContext classpath size mismatch. expected=0, found=5 (PCL[] | PCL[/data/app/com.nothatcher.sproutbook.test-b2CY5jvWCVpM6Nejmc-t8w==/base.apk*3609744611:/data/app/com.nothatcher.sproutbook.test-b2CY5jvWCVpM6Nejmc-t8w==/base.apk!classes2.dex*2985056070:/data/app/com.nothatcher.sproutbook.test-b2CY5jvWCVpM6Nejmc-t8w==/base.apk!classes3.dex*3673778918:/data/app/com.nothatcher.sproutbook.test-b2CY5jvWCVpM6Nejmc-t8w==/base.apk!classes4.dex*2292602604:/data/app/com.nothatcher.sproutbook.test-b2CY5jvWCVpM6Nejmc-t8w==/base.apk!classes5.dex*2095582180])
10-04 11:15:51.811  3230  3230 W cher.sproutboo: Found duplicate classes, falling back to extracting from APK : /data/app/com.nothatcher.sproutbook-xly_8ALvp578M1NRXqJiEA==/base.apk
10-04 11:15:51.811  3230  3230 W cher.sproutboo: NOTE: This wastes RAM and hurts startup performance.
10-04 11:15:51.811  3230  3230 W cher.sproutboo: Found duplicated class when checking oat files: 'Lcom/android/tools/r8/annotations/LambdaMethod;' in /data/app/com.nothatcher.sproutbook.test-b2CY5jvWCVpM6Nejmc-t8w==/base.apk!classes5.dex and /data/app/com.nothatcher.sproutbook-xly_8ALvp578M1NRXqJiEA==/base.apk!classes16.dex
10-04 11:15:51.811  3230  3230 W cher.sproutboo: 
10-04 11:15:53.370  3158  3158 V StatusBar: mStatusBarWindow: com.android.systemui.statusbar.phone.StatusBarWindowView{22216ec V.E...... ......I. 0,0-360,24} canPanelBeCollapsed(): false
10-04 11:15:53.494  3158  3158 D KeyguardClockSwitch: Updating clock: 1115
10-04 11:15:54.311  3158  3226 D HostConnection: HostConnection::get() New Host Connection established 0x768ddcaeb4c0, tid 3226
10-04 11:15:54.317  3158  3226 D HostConnection: HostComposition ext ANDROID_EMU_CHECKSUM_HELPER_v1 ANDROID_EMU_native_sync_v2 ANDROID_EMU_dma_v1 ANDROID_EMU_direct_mem ANDROID_EMU_host_composition_v1 ANDROID_EMU_host_composition_v2 ANDROID_EMU_sync_buffer_data ANDROID_EMU_hwc_color_transform GL_OES_EGL_image_external_essl3 GL_OES_vertex_array_object GL_KHR_texture_compression_astc_ldr ANDROID_EMU_host_side_tracing ANDROID_EMU_gles_max_version_3_0 
10-04 11:15:54.367  3158  3226 D EGL_emulation: eglCreateContext: 0x768ddcaeb560: maj 3 min 0 rcv 3
10-04 11:15:54.401  1710  1710 D gralloc_ranchu: gralloc_alloc: Creating ashmem region of size 5095424
10-04 11:15:54.422  3158  3226 D EGL_emulation: eglMakeCurrent: 0x768ddcaeb560: ver 3 0 (tinfo 0x768ddcc02c20)
10-04 11:15:54.425  3158  3158 V KeyguardUpdateMonitor: onSubscriptionInfoChanged()
10-04 11:15:54.483  3158  3158 I Choreographer: Skipped 345 frames!  The application may be doing too much work on its main thread.
10-04 11:15:54.543  3158  3226 W ndroid.systemu: Core platform API violation: Ljava/nio/Buffer;->position:I from Landroid/opengl/GLES20; using JNI
10-04 11:15:54.543  3158  3226 W ndroid.systemu: Core platform API violation: Ljava/nio/Buffer;->limit:I from Landroid/opengl/GLES20; using JNI
10-04 11:15:54.543  3158  3226 W ndroid.systemu: Core platform API violation: Ljava/nio/Buffer;->_elementSizeShift:I from Landroid/opengl/GLES20; using JNI
10-04 11:15:54.543  3158  3226 W ndroid.systemu: Core platform API violation: Ljava/nio/Buffer;->address:J from Landroid/opengl/GLES20; using JNI
10-04 11:15:54.616  3158  3169 I ndroid.systemu: NativeAlloc concurrent copying GC freed 12623(1384KB) AllocSpace objects, 27(540KB) LOS objects, 49% free, 4469KB/8938KB, paused 147us total 862.738ms
10-04 11:15:54.869  1710  1710 D gralloc_ranchu: gralloc_alloc: Creating ashmem region of size 5095424
10-04 11:15:55.482  3158  3158 D StatusBar: disable<e i a s b h r c s > disable2<q i n >
10-04 11:15:57.072  3158  3158 I Choreographer: Skipped 154 frames!  The application may be doing too much work on its main thread.
10-04 11:15:57.581  1734  1962 D HostConnection: HostConnection::get() New Host Connection established 0x7324e8a350e0, tid 1962
10-04 11:15:57.587  1734  1962 D HostConnection: HostComposition ext ANDROID_EMU_CHECKSUM_HELPER_v1 ANDROID_EMU_native_sync_v2 ANDROID_EMU_dma_v1 ANDROID_EMU_direct_mem ANDROID_EMU_host_composition_v1 ANDROID_EMU_host_composition_v2 ANDROID_EMU_sync_buffer_data ANDROID_EMU_hwc_color_transform GL_OES_EGL_image_external_essl3 GL_OES_vertex_array_object GL_KHR_texture_compression_astc_ldr ANDROID_EMU_host_side_tracing ANDROID_EMU_gles_max_version_3_0 
10-04 11:15:57.635  1569  1569 I hwservicemanager: getTransport: Cannot find entry android.hardware.graphics.allocator@3.0::IAllocator/default in either framework or device manifest.
10-04 11:15:57.645  3158  3158 W Gralloc3: allocator 3.x is not supported
10-04 11:15:57.651  1710  1710 D gralloc_ranchu: gralloc_alloc: Creating ashmem region of size 4096
10-04 11:15:57.667  3158  3256 D HostConnection: HostConnection::get() New Host Connection established 0x768ddcdd5160, tid 3256
10-04 11:15:57.677  3158  3256 D HostConnection: HostComposition ext ANDROID_EMU_CHECKSUM_HELPER_v1 ANDROID_EMU_native_sync_v2 ANDROID_EMU_dma_v1 ANDROID_EMU_direct_mem ANDROID_EMU_host_composition_v1 ANDROID_EMU_host_composition_v2 ANDROID_EMU_sync_buffer_data ANDROID_EMU_hwc_color_transform GL_OES_EGL_image_external_essl3 GL_OES_vertex_array_object GL_KHR_texture_compression_astc_ldr ANDROID_EMU_host_side_tracing ANDROID_EMU_gles_max_version_3_0 
10-04 11:15:57.690  3158  3256 D EGL_emulation: eglCreateContext: 0x768ddcdd5200: maj 3 min 0 rcv 3
10-04 11:15:57.692  3158  3256 D EGL_emulation: eglMakeCurrent: 0x768ddcdd5200: ver 3 0 (tinfo 0x768ddf0ee3a0)
10-04 11:15:57.708  3158  3158 D HostConnection: HostConnection::get() New Host Connection established 0x768ddcdd4f80, tid 3158
10-04 11:15:57.708  3158  3158 D HostConnection: HostComposition ext ANDROID_EMU_CHECKSUM_HELPER_v1 ANDROID_EMU_native_sync_v2 ANDROID_EMU_dma_v1 ANDROID_EMU_direct_mem ANDROID_EMU_host_composition_v1 ANDROID_EMU_host_composition_v2 ANDROID_EMU_sync_buffer_data ANDROID_EMU_hwc_color_transform GL_OES_EGL_image_external_essl3 GL_OES_vertex_array_object GL_KHR_texture_compression_astc_ldr ANDROID_EMU_host_side_tracing ANDROID_EMU_gles_max_version_3_0 
10-04 11:15:57.747  1710  1710 D gralloc_ranchu: gralloc_alloc: Creating ashmem region of size 4096
10-04 11:15:57.796  1710  1710 I chatty  : uid=1000(system) allocator@2.0-s identical 3 lines
10-04 11:15:57.820  1710  1710 D gralloc_ranchu: gralloc_alloc: Creating ashmem region of size 4096
10-04 11:15:57.826  3158  3207 D EGL_emulation: eglMakeCurrent: 0x768e294d5c00: ver 3 0 (tinfo 0x768ddf0edf60)
10-04 11:15:58.014  3158  3207 I OpenGLRenderer: Davey! duration=3522ms; Flags=0, IntendedVsync=554061289668, Vsync=556627956232, OldestInputEvent=9223372036854775807, NewestInputEvent=0, HandleInputStart=556643583659, AnimationStart=556643658769, PerformTraversalsStart=556740701409, DrawStart=557198751129, SyncQueued=557396464139, SyncStart=557398264509, IssueDrawCommandsStart=557399741889, SwapBuffers=557540716669, FrameCompleted=557585754759, DequeueBufferDuration=6857000, QueueBufferDuration=3310000, 
10-04 11:15:58.359  3158  3158 I Choreographer: Skipped 75 frames!  The application may be doing too much work on its main thread.
10-04 11:15:58.585  3158  3207 D EGL_emulation: eglMakeCurrent: 0x768e294d5c00: ver 3 0 (tinfo 0x768ddf0edf60)
10-04 11:15:58.631  3158  3207 D EGL_emulation: eglMakeCurrent: 0x768e294d5c00: ver 3 0 (tinfo 0x768ddf0edf60)
10-04 11:15:58.639  1734  1853 D HostConnection: HostConnection::get() New Host Connection established 0x7324e8a35b80, tid 1853
10-04 11:15:58.642  1734  1853 D HostConnection: HostComposition ext ANDROID_EMU_CHECKSUM_HELPER_v1 ANDROID_EMU_native_sync_v2 ANDROID_EMU_dma_v1 ANDROID_EMU_direct_mem ANDROID_EMU_host_composition_v1 ANDROID_EMU_host_composition_v2 ANDROID_EMU_sync_buffer_data ANDROID_EMU_hwc_color_transform GL_OES_EGL_image_external_essl3 GL_OES_vertex_array_object GL_KHR_texture_compression_astc_ldr ANDROID_EMU_host_side_tracing ANDROID_EMU_gles_max_version_3_0 
10-04 11:15:58.652  3158  3207 I OpenGLRenderer: Davey! duration=1543ms; Flags=0, IntendedVsync=556677986017, Vsync=557927985967, OldestInputEvent=9223372036854775807, NewestInputEvent=0, HandleInputStart=557931130499, AnimationStart=557931298389, PerformTraversalsStart=557976227579, DrawStart=558200225919, SyncQueued=558201607029, SyncStart=558203282549, IssueDrawCommandsStart=558204813059, SwapBuffers=558206543239, FrameCompleted=558223621179, DequeueBufferDuration=634000, QueueBufferDuration=15953000, 
10-04 11:15:58.705  3158  3207 D EGL_emulation: eglMakeCurrent: 0x768e294d5c00: ver 3 0 (tinfo 0x768ddf0edf60)
10-04 11:15:58.711  3158  3169 I ndroid.systemu: NativeAlloc concurrent copying GC freed 10594(731KB) AllocSpace objects, 2(40KB) LOS objects, 49% free, 4805KB/9611KB, paused 7.424ms total 958.680ms
10-04 11:16:00.033  3158  3158 D KeyguardClockSwitch: Updating clock: 1116
10-04 11:16:00.601  3230  3230 W cher.sproutboo: ClassLoaderContext classpath size mismatch. expected=0, found=5 (PCL[] | PCL[/data/app/com.nothatcher.sproutbook.test-b2CY5jvWCVpM6Nejmc-t8w==/base.apk*3609744611:/data/app/com.nothatcher.sproutbook.test-b2CY5jvWCVpM6Nejmc-t8w==/base.apk!classes2.dex*2985056070:/data/app/com.nothatcher.sproutbook.test-b2CY5jvWCVpM6Nejmc-t8w==/base.apk!classes3.dex*3673778918:/data/app/com.nothatcher.sproutbook.test-b2CY5jvWCVpM6Nejmc-t8w==/base.apk!classes4.dex*2292602604:/data/app/com.nothatcher.sproutbook.test-b2CY5jvWCVpM6Nejmc-t8w==/base.apk!classes5.dex*2095582180];PCL[/data/app/com.nothatcher.sproutbook.test-b2CY5jvWCVpM6Nejmc-t8w==/base.apk*3609744611:/data/app/com.nothatcher.sproutbook.test-b2CY5jvWCVpM6Nejmc-t8w==/base.apk!classes2.dex*2985056070:/data/app/com.nothatcher.sproutbook.test-b2CY5jvWCVpM6Nejmc-t8w==/base.apk!classes3.dex*3673778918:/data/app/com.nothatcher.sproutbook.test-b2CY5jvWCVpM6Nejmc-t8w==/base.apk!classes4.dex*2292602604:/data/app/com.nothatcher.sproutbook.test-b2CY5jvWCVpM6Nejmc-t8w==/base.apk!c
10-04 11:16:00.614  3230  3230 W cher.sproutboo: Found duplicate classes, falling back to extracting from APK : /data/app/com.nothatcher.sproutbook-xly_8ALvp578M1NRXqJiEA==/base.apk
10-04 11:16:00.614  3230  3230 W cher.sproutboo: NOTE: This wastes RAM and hurts startup performance.
10-04 11:16:00.614  3230  3230 W cher.sproutboo: Found duplicated class when checking oat files: 'L_COROUTINE/ArtificialStackFrames;' in /data/app/com.nothatcher.sproutbook-xly_8ALvp578M1NRXqJiEA==/base.apk and /data/app/com.nothatcher.sproutbook-xly_8ALvp578M1NRXqJiEA==/base.apk
10-04 11:16:00.614  3230  3230 W cher.sproutboo: 
10-04 11:16:04.633  3230  3230 W cher.sproutboo: Accessing hidden method Landroid/app/Instrumentation;->execStartActivity(Landroid/content/Context;Landroid/os/IBinder;Landroid/os/IBinder;Landroid/app/Activity;Landroid/content/Intent;ILandroid/os/Bundle;)Landroid/app/Instrumentation$ActivityResult; (greylist, linking, allowed)
10-04 11:16:04.634  3230  3230 W cher.sproutboo: Accessing hidden method Landroid/app/Instrumentation;->execStartActivity(Landroid/content/Context;Landroid/os/IBinder;Landroid/os/IBinder;Ljava/lang/String;Landroid/content/Intent;ILandroid/os/Bundle;)Landroid/app/Instrumentation$ActivityResult; (greylist, linking, allowed)
10-04 11:16:04.713  3230  3230 I AndroidJUnitRunner: newApplication com.nothatcher.sproutbook.BabyForgeApp
10-04 11:16:05.172  3230  3230 D WM-WrkMgrInitializer: Initializing WorkManager with default configuration.
10-04 11:16:06.614  3230  3230 D WM-PackageManagerHelper: Skipping component enablement for androidx.work.impl.background.systemjob.SystemJobService
10-04 11:16:06.615  3230  3230 D WM-Schedulers: Created SystemJobScheduler and enabled SystemJobService
10-04 11:16:07.438  3230  3263 D WM-ForceStopRunnable: The default process name was not specified.
10-04 11:16:07.475  3230  3263 D WM-ForceStopRunnable: Performing cleanup operations.
10-04 11:16:07.959  3230  3230 I AndroidJUnitRunner: onCreate Bundle[mParcelledData.dataSize=244]
10-04 11:16:07.966  3230  3230 D AndroidJUnitRunner: Use the raw file system for managing file I/O.
10-04 11:16:08.172  3230  3230 V TestEventClient: No service name argument was given (testDiscoveryService, testRunEventService or orchestratorService)
10-04 11:16:08.196  3230  3230 I Choreographer: Skipped 181 frames!  The application may be doing too much work on its main thread.
10-04 11:16:08.215  3230  3264 D AndroidJUnitRunner: onStart is called.
10-04 11:16:08.597  3230  3264 I TestRunner: run started: 1 tests
10-04 11:16:08.620  3230  3264 I TestRunner: started: inventorySaveAdjustAndDelete(com.nothatcher.sproutbook.CareFlowTest)
10-04 11:16:09.059  3230  3263 D WM-ForceStopRunnable: Application was force-stopped, rescheduling.
10-04 11:16:09.566  3230  3264 W FileTestStorage: Output properties is not supported.
10-04 11:16:09.579  3230  3264 W cher.sproutboo: Accessing hidden method Landroid/os/Trace;->setAppTracingAllowed(Z)V (greylist, reflection, allowed)
10-04 11:16:09.580  3230  3264 I Tracing : Tracer added: class androidx.test.platform.tracing.AndroidXTracer
10-04 11:16:09.715  3230  3230 D EventInjectionStrategy: Creating injection strategy with input manager.
10-04 11:16:09.716  3230  3230 W cher.sproutboo: Accessing hidden method Landroid/hardware/input/InputManager;->getInstance()Landroid/hardware/input/InputManager; (greylist, reflection, allowed)
10-04 11:16:09.716  3230  3230 W cher.sproutboo: Accessing hidden method Landroid/hardware/input/InputManager;->injectInputEvent(Landroid/view/InputEvent;I)Z (greylist, reflection, allowed)
10-04 11:16:09.717  3230  3230 W cher.sproutboo: Accessing hidden field Landroid/hardware/input/InputManager;->INJECT_INPUT_EVENT_MODE_WAIT_FOR_FINISH:I (greylist, reflection, allowed)
10-04 11:16:09.975  3230  3230 W cher.sproutboo: Accessing hidden method Landroid/os/MessageQueue;->next()Landroid/os/Message; (greylist, reflection, allowed)
10-04 11:16:09.975  3230  3230 W cher.sproutboo: Accessing hidden field Landroid/os/MessageQueue;->mMessages:Landroid/os/Message; (greylist, reflection, allowed)
10-04 11:16:09.976  3230  3230 W cher.sproutboo: Accessing hidden method Landroid/os/Message;->recycleUnchecked()V (greylist, reflection, allowed)
10-04 11:16:09.982  3230  3264 D IdlingRegistry: Registering idling resources: [androidx.compose.ui.test.EspressoLink@81ada65]
10-04 11:16:10.231  3230  3264 W Settings: Setting always_finish_activities has moved from android.provider.Settings.System to android.provider.Settings.Global, returning read-only value.
10-04 11:16:10.265  1924  1996 I ActivityTaskManager: START u0 {act=android.intent.action.MAIN cat=[android.intent.category.LAUNCHER] flg=0x10008000 cmp=com.nothatcher.sproutbook/.MainActivity} from uid 10116
10-04 11:16:10.392  1924  1996 W InputReader: Device has associated, but no associated display id.
10-04 11:16:10.434  1924  1996 I chatty  : uid=1000(system) Binder:1924_3 identical 28 lines
10-04 11:16:10.434  1924  1996 W InputReader: Device has associated, but no associated display id.
10-04 11:16:10.464  3230  3266 W cher.sproutboo: Verification of java.lang.Object androidx.room.TriggerBasedInvalidationTracker$createFlow$1$2.emit(java.lang.Object, kotlin.coroutines.Continuation) took 125.708ms
10-04 11:16:10.472  1924  1945 W system_server: Long monitor contention with owner Binder:1924_3 (1996) at int com.android.server.wm.ActivityStarter.startActivityMayWait(android.app.IApplicationThread, int, java.lang.String, int, int, android.content.Intent, java.lang.String, android.service.voice.IVoiceInteractionSession, com.android.internal.app.IVoiceInteractor, android.os.IBinder, java.lang.String, int, int, android.app.ProfilerInfo, android.app.WaitResult, android.content.res.Configuration, com.android.server.wm.SafeActivityOptions, boolean, int, com.android.server.wm.TaskRecord, java.lang.String, boolean, com.android.server.am.PendingIntentRecord, boolean)(ActivityStarter.java:1217) waiters=0 in void com.android.server.wm.WindowAnimator.lambda$new$1$WindowAnimator(long) for 152ms
10-04 11:16:10.483  1924  1945 E system_server: Invalid ID 0x00000000.
10-04 11:16:10.551  1710  1710 D gralloc_ranchu: gralloc_alloc: Creating ashmem region of size 1155072
10-04 11:16:10.591  1924  1945 D eglCodecCommon: allocate: Ask for block of size 0x11a000
10-04 11:16:10.591  1924  1945 D eglCodecCommon: allocate: ioctl allocate returned offset 0x3ffed9000 size 0x11b000
10-04 11:16:10.650  3230  3266 W cher.sproutboo: Verification of java.lang.Object androidx.room.ObservedTableVersions$collect$1.invokeSuspend(java.lang.Object) took 182.984ms
10-04 11:16:10.732  1924  1949 E memtrack: Couldn't load memtrack module
10-04 11:16:10.732  1924  1949 W android.os.Debug: failed to get memory consumption info: -1
10-04 11:16:10.801  1734  1962 E SurfaceFlinger: ro.sf.lcd_density must be defined as a build property
10-04 11:16:10.803  1734  1962 E SurfaceFlinger: ro.sf.lcd_density must be defined as a build property
10-04 11:16:10.844  3230  3270 D libEGL  : Emulator has host GPU support, qemu.gles is set to 1.
10-04 11:16:10.851  3230  3270 W libc    : Unable to set property "qemu.gles" to "1": connection failed; errno=13 (Permission denied)
10-04 11:16:10.865  3230  3266 D WM-PackageManagerHelper: Skipping component enablement for androidx.work.impl.background.systemalarm.RescheduleReceiver
10-04 11:16:10.831  3230  3230 W RenderThread: type=1400 audit(0.0:32): avc: denied { write } for name="property_service" dev="tmpfs" ino=6770 scontext=u:r:untrusted_app:s0:c116,c256,c512,c768 tcontext=u:object_r:property_socket:s0 tclass=sock_file permissive=0 app=com.nothatcher.sproutbook
10-04 11:16:10.901  3230  3270 D libEGL  : loaded /vendor/lib64/egl/libEGL_emulation.so
10-04 11:16:10.921  3230  3270 D libEGL  : loaded /vendor/lib64/egl/libGLESv1_CM_emulation.so
10-04 11:16:10.942  1924  1944 W ActivityTaskManager: Activity top resumed state loss timeout for ActivityRecord{2885c0d u0 com.nothatcher.sproutbook/.MainActivity t69}
10-04 11:16:10.943  1924  1944 W ActivityTaskManager: Activity pause timeout for ActivityRecord{2885c0d u0 com.nothatcher.sproutbook/.MainActivity t69}
10-04 11:16:10.965  3230  3270 D libEGL  : loaded /vendor/lib64/egl/libGLESv2_emulation.so
10-04 11:16:11.015  3230  3230 W cher.sproutboo: Verification of void androidx.activity.ComponentActivity.<init>() took 116.616ms
10-04 11:16:11.342  3230  3230 D LifecycleMonitor: Lifecycle status change: com.nothatcher.sproutbook.MainActivity@252ed60 in: PRE_ON_CREATE
10-04 11:16:11.344  3230  3230 V ActivityScenario: Activity lifecycle changed event received but ignored because the reported transition was not ON_CREATE while the last known transition was PRE_ON_CREATE
10-04 11:16:11.603  3230  3230 D LifecycleMonitor: Lifecycle status change: com.nothatcher.sproutbook.MainActivity@252ed60 in: CREATED
10-04 11:16:11.604  3230  3230 V ActivityScenario: Update currentActivityStage to CREATED, currentActivity=com.nothatcher.sproutbook.MainActivity@252ed60
10-04 11:16:11.645  3230  3230 D LifecycleMonitor: Lifecycle status change: com.nothatcher.sproutbook.MainActivity@252ed60 in: STARTED
10-04 11:16:11.646  3230  3230 V ActivityScenario: Update currentActivityStage to STARTED, currentActivity=com.nothatcher.sproutbook.MainActivity@252ed60
10-04 11:16:11.661  3230  3230 D LifecycleMonitor: Lifecycle status change: com.nothatcher.sproutbook.MainActivity@252ed60 in: RESUMED
10-04 11:16:11.664  3230  3230 V ActivityScenario: Update currentActivityStage to RESUMED, currentActivity=com.nothatcher.sproutbook.MainActivity@252ed60
10-04 11:16:11.826  3230  3230 D LifecycleMonitor: Lifecycle status change: com.nothatcher.sproutbook.MainActivity@252ed60 in: PAUSED
10-04 11:16:11.828  3230  3230 V ActivityScenario: Update currentActivityStage to PAUSED, currentActivity=com.nothatcher.sproutbook.MainActivity@252ed60
10-04 11:16:11.845  3230  3230 D LifecycleMonitor: Lifecycle status change: com.nothatcher.sproutbook.MainActivity@252ed60 in: STOPPED
10-04 11:16:11.846  3230  3230 V ActivityScenario: Update currentActivityStage to STOPPED, currentActivity=com.nothatcher.sproutbook.MainActivity@252ed60
10-04 11:16:13.209  1745  1745 E netmgr  : Failed to open QEMU pipe 'qemud:network': Invalid argument
10-04 11:16:14.994  1924  2464 E TaskPersister: File error accessing recents directory (directory doesn't exist?).
10-04 11:16:15.283  1924  1996 D AutofillManagerServiceImpl: Reset component for user 0:
10-04 11:16:15.286  1924  1942 D AutofillUI: destroySaveUiUiThread(): already destroyed
10-04 11:16:15.719  3230  3230 W cher.sproutboo: Verification of androidx.compose.runtime.DisposableEffectResult androidx.compose.runtime.DisposableEffectScope.onDispose(kotlin.jvm.functions.Function0) took 263.433ms
10-04 11:16:16.111  1789  1789 E wifi_forwarder: RemoteConnection failed to initialize: RemoteConnection failed to open pipe
10-04 11:16:18.822  3230  3230 W cher.sproutboo: Accessing hidden method Landroid/view/View;->getViewRootImpl()Landroid/view/ViewRootImpl; (greylist, reflection, allowed)
10-04 11:16:18.829  3230  3230 W cher.sproutboo: Accessing hidden field Landroid/view/View$AttachInfo;->mVisibleInsets:Landroid/graphics/Rect; (greylist, reflection, allowed)
10-04 11:16:18.830  3230  3230 W cher.sproutboo: Accessing hidden field Landroid/view/ViewRootImpl;->mAttachInfo:Landroid/view/View$AttachInfo; (greylist, reflection, allowed)
10-04 11:16:20.650  1924  1949 E memtrack: Couldn't load memtrack module
10-04 11:16:20.650  1924  1949 W android.os.Debug: failed to get memory consumption info: -1
10-04 11:16:21.998  1924  1944 W ActivityTaskManager: Activity stop timeout for ActivityRecord{2885c0d u0 com.nothatcher.sproutbook/.MainActivity t69}
10-04 11:16:22.833  1924  2397 I ActivityTaskManager: Activity reported stop, but no longer stopping: ActivityRecord{2885c0d u0 com.nothatcher.sproutbook/.MainActivity t69}
10-04 11:16:22.854  3230  3230 I Choreographer: Skipped 651 frames!  The application may be doing too much work on its main thread.
10-04 11:16:22.989  3230  3276 D ProfileInstaller: Installing profile for com.nothatcher.sproutbook
10-04 11:16:28.846  3230  3240 I cher.sproutboo: Background concurrent copying GC freed 25994(3247KB) AllocSpace objects, 0(0B) LOS objects, 49% free, 3951KB/7902KB, paused 414us total 821.902ms
10-04 11:16:28.932  3230  3278 W cher.sproutboo: Accessing hidden method Lsun/misc/Unsafe;->getObject(Ljava/lang/Object;J)Ljava/lang/Object; (greylist, linking, allowed)
10-04 11:16:28.933  3230  3278 W cher.sproutboo: Accessing hidden method Lsun/misc/Unsafe;->putObject(Ljava/lang/Object;JLjava/lang/Object;)V (greylist, linking, allowed)
10-04 11:16:28.946  3230  3278 W cher.sproutboo: Accessing hidden method Lsun/misc/Unsafe;->objectFieldOffset(Ljava/lang/reflect/Field;)J (greylist,core-platform-api, linking, allowed)
10-04 11:16:28.953  3230  3278 W cher.sproutboo: Accessing hidden method Lsun/misc/Unsafe;->putInt(Ljava/lang/Object;JI)V (greylist, linking, allowed)
10-04 11:16:28.980  3230  3278 W cher.sproutboo: Accessing hidden method Lsun/misc/Unsafe;->getInt(Ljava/lang/Object;J)I (greylist, linking, allowed)
10-04 11:16:28.983  3230  3278 W cher.sproutboo: Accessing hidden method Lsun/misc/Unsafe;->getLong(Ljava/lang/Object;J)J (greylist,core-platform-api, linking, allowed)
10-04 11:16:29.004  3230  3278 W cher.sproutboo: Accessing hidden method Lsun/misc/Unsafe;->putLong(Ljava/lang/Object;JJ)V (greylist, linking, allowed)
10-04 11:16:29.011  3230  3278 W cher.sproutboo: Accessing hidden method Lsun/misc/Unsafe;->allocateInstance(Ljava/lang/Class;)Ljava/lang/Object; (greylist, linking, allowed)
10-04 11:16:29.022  3230  3278 W cher.sproutboo: Accessing hidden method Llibcore/io/Memory;->peekLong(JZ)J (greylist, reflection, allowed)
10-04 11:16:29.025  3230  3278 W cher.sproutboo: Accessing hidden method Llibcore/io/Memory;->pokeLong(JJZ)V (greylist, reflection, allowed)
10-04 11:16:29.026  3230  3278 W cher.sproutboo: Accessing hidden method Llibcore/io/Memory;->pokeInt(JIZ)V (greylist, reflection, allowed)
10-04 11:16:29.026  3230  3278 W cher.sproutboo: Accessing hidden method Llibcore/io/Memory;->peekInt(JZ)I (greylist, reflection, allowed)
10-04 11:16:29.026  3230  3278 W cher.sproutboo: Accessing hidden method Llibcore/io/Memory;->pokeByte(JB)V (greylist, reflection, allowed)
10-04 11:16:29.026  3230  3278 W cher.sproutboo: Accessing hidden method Llibcore/io/Memory;->peekByte(J)B (greylist, reflection, allowed)
10-04 11:16:29.026  3230  3278 W cher.sproutboo: Accessing hidden method Llibcore/io/Memory;->pokeByteArray(J[BII)V (greylist, reflection, allowed)
10-04 11:16:29.026  3230  3278 W cher.sproutboo: Accessing hidden method Llibcore/io/Memory;->peekByteArray(J[BII)V (greylist, reflection, allowed)
10-04 11:16:29.028  3230  3278 W cher.sproutboo: Accessing hidden method Lsun/misc/Unsafe;->arrayBaseOffset(Ljava/lang/Class;)I (greylist,core-platform-api, linking, allowed)
10-04 11:16:29.028  3230  3278 W cher.sproutboo: Accessing hidden method Lsun/misc/Unsafe;->arrayIndexScale(Ljava/lang/Class;)I (greylist, linking, allowed)
10-04 11:16:29.031  3230  3278 W cher.sproutboo: Accessing hidden method Lsun/misc/Unsafe;->getInt(Ljava/lang/Object;J)I (greylist, reflection, allowed)
10-04 11:16:29.032  3230  3278 W cher.sproutboo: Accessing hidden method Lsun/misc/Unsafe;->putInt(Ljava/lang/Object;JI)V (greylist, reflection, allowed)
10-04 11:16:29.032  3230  3278 W cher.sproutboo: Accessing hidden method Lsun/misc/Unsafe;->getLong(Ljava/lang/Object;J)J (greylist,core-platform-api, reflection, allowed)
10-04 11:16:29.032  3230  3278 W cher.sproutboo: Accessing hidden method Lsun/misc/Unsafe;->putLong(Ljava/lang/Object;JJ)V (greylist, reflection, allowed)
10-04 11:16:29.032  3230  3278 W cher.sproutboo: Accessing hidden method Lsun/misc/Unsafe;->getObject(Ljava/lang/Object;J)Ljava/lang/Object; (greylist, reflection, allowed)
10-04 11:16:29.032  3230  3278 W cher.sproutboo: Accessing hidden method Lsun/misc/Unsafe;->putObject(Ljava/lang/Object;JLjava/lang/Object;)V (greylist, reflection, allowed)
10-04 11:16:29.046  3230  3278 W cher.sproutboo: Accessing hidden field Ljava/nio/Buffer;->address:J (greylist, reflection, allowed)
10-04 11:16:29.147  3230  3278 W cher.sproutboo: Accessing hidden method Lsun/misc/Unsafe;->putObject(Ljava/lang/Object;JLjava/lang/Object;)V (greylist, linking, allowed)
10-04 11:16:29.148  3230  3278 W cher.sproutboo: Accessing hidden method Lsun/misc/Unsafe;->putInt(Ljava/lang/Object;JI)V (greylist, linking, allowed)
10-04 11:16:29.148  3230  3278 W cher.sproutboo: Accessing hidden method Lsun/misc/Unsafe;->getInt(Ljava/lang/Object;J)I (greylist, linking, allowed)
10-04 11:16:29.627  3230  3278 W cher.sproutboo: Accessing hidden method Lsun/misc/Unsafe;->putInt(Ljava/lang/Object;JI)V (greylist, linking, allowed)
10-04 11:16:29.627  3230  3278 W cher.sproutboo: Accessing hidden method Lsun/misc/Unsafe;->getInt(Ljava/lang/Object;J)I (greylist, linking, allowed)
10-04 11:16:32.348  1924  2397 I ActivityTaskManager: START u0 {act=android.intent.action.MAIN cat=[android.intent.category.LAUNCHER] flg=0x10000000 cmp=com.nothatcher.sproutbook.test/androidx.test.core.app.InstrumentationActivityInvoker$EmptyActivity} from uid 10116
10-04 11:16:32.472  1924  1945 E system_server: Invalid ID 0x00000000.
10-04 11:16:32.555  1710  1710 D gralloc_ranchu: gralloc_alloc: Creating ashmem region of size 1155072
10-04 11:16:32.734  1687  1687 D Zygote  : Forked child process 3284
10-04 11:16:32.763  1924  1951 W ActivityManager: Slow operation: 311ms so far, now at startProcess: returned from zygote!
10-04 11:16:32.764  1924  1951 W ActivityManager: Slow operation: 311ms so far, now at startProcess: done updating battery stats
10-04 11:16:32.764  1924  1951 W ActivityManager: Slow operation: 312ms so far, now at startProcess: building log message
10-04 11:16:32.764  1924  1951 I ActivityManager: Start proc 3284:com.nothatcher.sproutbook.test/u0a117 for activity {com.nothatcher.sproutbook.test/androidx.test.core.app.InstrumentationActivityInvoker$EmptyActivity}
10-04 11:16:32.764  1924  1951 W ActivityManager: Slow operation: 312ms so far, now at startProcess: starting to update pids map
10-04 11:16:32.765  1924  1951 W ActivityManager: Slow operation: 313ms so far, now at startProcess: done updating pids map
10-04 11:16:32.816  3284  3284 I sproutbook.tes: Late-enabling -Xcheck:jni
10-04 11:16:33.086  3284  3284 E sproutbook.tes: Unknown bits set in runtime_flags: 0x8000
10-04 11:16:33.109  3284  3284 W sproutbook.tes: Unexpected CPU variant for X86 using defaults: x86_64
10-04 11:16:33.327  1924  2397 W InputReader: Device has associated, but no associated display id.
10-04 11:16:33.482  1924  2397 W ActivityManager: Slow operation: 174ms so far, now at attachApplicationLocked: after mServices.attachApplicationLocked
10-04 11:16:33.393  1924  2397 I chatty  : uid=1000(system) Binder:1924_B identical 28 lines
10-04 11:16:33.394  1924  2397 W InputReader: Device has associated, but no associated display id.
10-04 11:16:33.575  1924  1949 E memtrack: Couldn't load memtrack module
10-04 11:16:33.575  1924  1949 W android.os.Debug: failed to get memory consumption info: -1
10-04 11:16:33.911  1924  1944 W ActivityTaskManager: Activity top resumed state loss timeout for ActivityRecord{db7df22 u0 com.nothatcher.sproutbook.test/androidx.test.core.app.InstrumentationActivityInvoker$EmptyActivity t70}
10-04 11:16:33.912  1924  1944 W ActivityTaskManager: Activity pause timeout for ActivityRecord{db7df22 u0 com.nothatcher.sproutbook.test/androidx.test.core.app.InstrumentationActivityInvoker$EmptyActivity t70}
10-04 11:16:34.214  1734  1854 E SurfaceFlinger: ro.sf.lcd_density must be defined as a build property
10-04 11:16:34.217  1734  1854 E SurfaceFlinger: ro.sf.lcd_density must be defined as a build property
10-04 11:16:34.233  3284  3305 D libEGL  : Emulator has host GPU support, qemu.gles is set to 1.
10-04 11:16:34.246  3284  3305 W libc    : Unable to set property "qemu.gles" to "1": connection failed; errno=13 (Permission denied)
10-04 11:16:34.305  3284  3305 D libEGL  : loaded /vendor/lib64/egl/libEGL_emulation.so
10-04 11:16:34.314  3284  3305 D libEGL  : loaded /vendor/lib64/egl/libGLESv1_CM_emulation.so
10-04 11:16:34.221  3284  3284 W RenderThread: type=1400 audit(0.0:33): avc: denied { write } for name="property_service" dev="tmpfs" ino=6770 scontext=u:r:untrusted_app:s0:c117,c256,c512,c768 tcontext=u:object_r:property_socket:s0 tclass=sock_file permissive=0 app=com.nothatcher.sproutbook.test
10-04 11:16:34.336  3284  3305 D libEGL  : loaded /vendor/lib64/egl/libGLESv2_emulation.so
10-04 11:16:35.294  1924  2397 I ActivityTaskManager: Activity reported stop, but no longer stopping: ActivityRecord{db7df22 u0 com.nothatcher.sproutbook.test/androidx.test.core.app.InstrumentationActivityInvoker$EmptyActivity t70 f}
10-04 11:16:35.812  3230  3230 D LifecycleMonitor: Lifecycle status change: com.nothatcher.sproutbook.MainActivity@252ed60 in: DESTROYED
10-04 11:16:35.814  3230  3230 V ActivityScenario: Update currentActivityStage to DESTROYED, currentActivity=null
10-04 11:16:36.263  3230  3264 D IdlingRegistry: Unregistering idling resources: [androidx.compose.ui.test.EspressoLink@81ada65]
10-04 11:16:36.274  3230  3264 E TestRunner: failed: inventorySaveAdjustAndDelete(com.nothatcher.sproutbook.CareFlowTest)
10-04 11:16:36.293  3230  3264 E TestRunner: ----- begin exception -----
10-04 11:16:36.293  3230  3264 E TestRunner: java.lang.IllegalStateException: No compose hierarchies found in the app. Possible reasons include: (1) the Activity that calls setContent did not launch; (2) setContent was not called; (3) setContent was called before the ComposeTestRule ran. If setContent is called by the Activity, make sure the Activity is launched after the ComposeTestRule runs
10-04 11:16:36.293  3230  3264 E TestRunner: 	at androidx.compose.ui.test.TestOwnerKt.getAllSemanticsNodes(TestOwner.kt:82)
10-04 11:16:36.293  3230  3264 E TestRunner: 	at androidx.compose.ui.test.TestOwnerKt.getAllSemanticsNodes$default(TestOwner.kt:74)
10-04 11:16:36.293  3230  3264 E TestRunner: 	at androidx.compose.ui.test.SemanticsNodeInteractionCollection.fetchSemanticsNodes(SemanticsNodeInteraction.kt:249)
10-04 11:16:36.293  3230  3264 E TestRunner: 	at androidx.compose.ui.test.SemanticsNodeInteractionCollection.fetchSemanticsNodes$default(SemanticsNodeInteraction.kt:245)
10-04 11:16:36.293  3230  3264 E TestRunner: 	at com.nothatcher.sproutbook.FlowFixture.waitText$lambda$1(FeatureFlowTest.kt:31)
10-04 11:16:36.293  3230  3264 E TestRunner: 	at com.nothatcher.sproutbook.FlowFixture$$ExternalSyntheticLambda0.invoke(D8$$SyntheticClass:0)
10-04 11:16:36.293  3230  3264 E TestRunner: 	at androidx.compose.ui.test.AndroidComposeUiTestEnvironment$AndroidComposeUiTestImpl.waitUntil(ComposeUiTest.android.kt:497)
10-04 11:16:36.293  3230  3264 E TestRunner: 	at androidx.compose.ui.test.junit4.AndroidComposeTestRule.waitUntil(AndroidComposeTestRule.android.kt:339)
10-04 11:16:36.293  3230  3264 E TestRunner: 	at com.nothatcher.sproutbook.FlowFixture.waitText(FeatureFlowTest.kt:30)
10-04 11:16:36.293  3230  3264 E TestRunner: 	at com.nothatcher.sproutbook.FlowFixture.seed(FeatureFlowTest.kt:24)
10-04 11:16:36.293  3230  3264 E TestRunner: 	at java.lang.reflect.Method.invoke(Native Method)
10-04 11:16:36.293  3230  3264 E TestRunner: 	at org.junit.runners.model.FrameworkMethod$1.runReflectiveCall(FrameworkMethod.java:59)
10-04 11:16:36.293  3230  3264 E TestRunner: 	at org.junit.internal.runners.model.ReflectiveCallable.run(ReflectiveCallable.java:12)
10-04 11:16:36.293  3230  3264 E TestRunner: 	at org.junit.runners.model.FrameworkMethod.invokeExplosively(FrameworkMethod.java:56)
10-04 11:16:36.293  3230  3264 E TestRunner: 	at androidx.test.internal.runner.junit4.statement.RunBefores.evaluate(RunBefores.java:76)
10-04 11:16:36.293  3230  3264 E TestRunner: 	at org.junit.rules.ExternalResource$1.evaluate(ExternalResource.java:54)
10-04 11:16:36.293  3230  3264 E TestRunner: 	at androidx.compose.ui.test.junit4.AndroidComposeTestRule$apply$1$evaluate$1.invoke(AndroidComposeTestRule.android.kt:295)
10-04 11:16:36.293  3230  3264 E TestRunner: 	at androidx.compose.ui.test.junit4.AndroidComposeTestRule$apply$1$evaluate$1.invoke(AndroidComposeTestRule.android.kt:295)
10-04 11:16:36.293  3230  3264 E TestRunner: 	at androidx.compose.ui.test.AndroidComposeUiTestEnvironment$AndroidComposeUiTestImpl.withDisposableContent(ComposeUiTest.android.kt:565)
10-04 11:16:36.293  3230  3264 E TestRunner: 	at androidx.compose.ui.test.AndroidComposeUiTestEnvironment$runTest$1$1$1$1$1$1.invoke(ComposeUiTest.android.kt:370)
10-04 11:16:36.293  3230  3264 E TestRunner: 	at androidx.compose.ui.test.AndroidComposeUiTestEnvironment.withComposeIdlingResource(ComposeUiTest.android.kt:439)
10-04 11:16:36.293  3230  3264 E TestRunner: 	at androidx.compose.ui.test.AndroidComposeUiTestEnvironment.access$withComposeIdlingResource(ComposeUiTest.android.kt:235)
10-04 11:16:36.293  3230  3264 E TestRunner: 	at androidx.compose.ui.test.AndroidComposeUiTestEnvironment$runTest$1$1$1$1$1.invoke(ComposeUiTest.android.kt:369)
10-04 11:16:36.293  3230  3264 E TestRunner: 	at androidx.compose.ui.test.AndroidComposeUiTestEnvironment.withWindowRecomposer(ComposeUiTest.android.kt:413)
10-04 11:16:36.293  3230  3264 E TestRunner: 	at androidx.compose.ui.test.AndroidComposeUiTestEnvironment.access$withWindowRecomposer(ComposeUiTest.android.kt:235)
10-04 11:16:36.293  3230  3264 E TestRunner: 	at androidx.compose.ui.test.AndroidComposeUiTestEnvironment$runTest$1$1$1$1.invoke(ComposeUiTest.android.kt:368)
10-04 11:16:36.293  3230  3264 E TestRunner: 	at androidx.compose.ui.test.AndroidComposeUiTestEnvironment.withTestCoroutines(ComposeUiTest.android.kt:426)
10-04 11:16:36.293  3230  3264 E TestRunner: 	at androidx.compose.ui.test.AndroidComposeUiTestEnvironment.access$withTestCoroutines(ComposeUiTest.android.kt:235)
10-04 11:16:36.293  3230  3264 E TestRunner: 	at androidx.compose.ui.test.AndroidComposeUiTestEnvironment$runTest$1$1$1.invoke(ComposeUiTest.android.kt:367)
10-04 11:16:36.293  3230  3264 E TestRunner: 	at androidx.compose.ui.test.EspressoLink.withStrategy(EspressoLink.android.kt:69)
10-04 11:16:36.293  3230  3264 E TestRunner: 	at androidx.compose.ui.test.AndroidComposeUiTestEnvironment$runTest$1$1.invoke(ComposeUiTest.android.kt:366)
10-04 11:16:36.293  3230  3264 E TestRunner: 	at androidx.compose.ui.test.IdlingResourceRegistry.withRegistry(IdlingResourceRegistry.jvm.kt:148)
10-04 11:16:36.293  3230  3264 E TestRunner: 	at androidx.compose.ui.test.AndroidComposeUiTestEnvironment$runTest$1.invoke(ComposeUiTest.android.kt:365)
10-04 11:16:36.293  3230  3264 E TestRunner: 	at androidx.compose.ui.test.ComposeRootRegistry.withRegistry(ComposeRootRegistry.android.kt:139)
10-04 11:16:36.293  3230  3264 E TestRunner: 	at androidx.compose.ui.test.AndroidComposeUiTestEnvironment.runTest(ComposeUiTest.android.kt:364)
10-04 11:16:36.296  3230  3264 E TestRunner: 	at androidx.compose.ui.test.junit4.AndroidComposeTestRule$apply$1.evaluate(AndroidComposeTestRule.android.kt:295)
10-04 11:16:36.296  3230  3264 E TestRunner: 	at org.junit.runners.ParentRunner$3.evaluate(ParentRunner.java:306)
10-04 11:16:36.296  3230  3264 E TestRunner: 	at org.junit.runners.BlockJUnit4ClassRunner$1.evaluate(BlockJUnit4ClassRunner.java:100)
10-04 11:16:36.296  3230  3264 E TestRunner: 	at org.junit.runners.ParentRunner.runLeaf(ParentRunner.java:366)
10-04 11:16:36.296  3230  3264 E TestRunner: 	at org.junit.runners.BlockJUnit4ClassRunner.runChild(BlockJUnit4ClassRunner.java:103)
10-04 11:16:36.296  3230  3264 E TestRunner: 	at org.junit.runners.BlockJUnit4ClassRunner.runChild(BlockJUnit4ClassRunner.java:63)
10-04 11:16:36.296  3230  3264 E TestRunner: 	at org.junit.runners.ParentRunner$4.run(ParentRunner.java:331)
10-04 11:16:36.296  3230  3264 E TestRunner: 	at org.junit.runners.ParentRunner$1.schedule(ParentRunner.java:79)
10-04 11:16:36.296  3230  3264 E TestRunner: 	at org.junit.runners.ParentRunner.runChildren(ParentRunner.java:329)
10-04 11:16:36.296  3230  3264 E TestRunner: 	at org.junit.runners.ParentRunner.access$100(ParentRunner.java:66)
10-04 11:16:36.296  3230  3264 E TestRunner: 	at org.junit.runners.ParentRunner$2.evaluate(ParentRunner.java:293)
10-04 11:16:36.296  3230  3264 E TestRunner: 	at org.junit.runners.ParentRunner$3.evaluate(ParentRunner.java:306)
10-04 11:16:36.296  3230  3264 E TestRunner: 	at org.junit.runners.ParentRunner.run(ParentRunner.java:413)
10-04 11:16:36.296  3230  3264 E TestRunner: 	at org.junit.runners.Suite.runChild(Suite.java:128)
10-04 11:16:36.296  3230  3264 E TestRunner: 	at org.junit.runners.Suite.runChild(Suite.java:27)
10-04 11:16:36.296  3230  3264 E TestRunner: 	at org.junit.runners.ParentRunner$4.run(ParentRunner.java:331)
10-04 11:16:36.296  3230  3264 E TestRunner: 	at org.junit.runners.ParentRunner$1.schedule(ParentRunner.java:79)
10-04 11:16:36.296  3230  3264 E TestRunner: 	at org.junit.runners.ParentRunner.runChildren(ParentRunner.java:329)
10-04 11:16:36.296  3230  3264 E TestRunner: 	at org.junit.runners.ParentRunner.access$100(ParentRunner.java:66)
10-04 11:16:36.296  3230  3264 E TestRunner: 	at org.junit.runners.ParentRunner$2.evaluate(ParentRunner.java:293)
10-04 11:16:36.296  3230  3264 E TestRunner: 	at org.junit.runners.ParentRunner$3.evaluate(ParentRunner.java:306)
10-04 11:16:36.296  3230  3264 E TestRunner: 	at org.junit.runners.ParentRunner.run(ParentRunner.java:413)
10-04 11:16:36.296  3230  3264 E TestRunner: 	at org.junit.runner.JUnitCore.run(JUnitCore.java:137)
10-04 11:16:36.296  3230  3264 E TestRunner: 	at org.junit.runner.JUnitCore.run(JUnitCore.java:115)
10-04 11:16:36.296  3230  3264 E TestRunner: 	at androidx.test.internal.runner.TestExecutor.execute(TestExecutor.java:68)
10-04 11:16:36.296  3230  3264 E TestRunner: 	at androidx.test.internal.runner.TestExecutor.execute(TestExecutor.java:59)
10-04 11:16:36.296  3230  3264 E TestRunner: 	at androidx.test.runner.AndroidJUnitRunner.onStart(AndroidJUnitRunner.java:463)
10-04 11:16:36.296  3230  3264 E TestRunner: 	at android.app.Instrumentation$InstrumentationThread.run(Instrumentation.java:2189)
10-04 11:16:36.296  3230  3264 E TestRunner: ----- end exception -----
10-04 11:16:36.361  3230  3264 I TestRunner: finished: inventorySaveAdjustAndDelete(com.nothatcher.sproutbook.CareFlowTest)
10-04 11:16:36.413  3230  3264 I TestRunner: run finished: 1 tests, 1 failed, 0 ignored
10-04 11:16:36.484  1924  2397 I ActivityManager: Force stopping com.nothatcher.sproutbook appid=10116 user=0: finished inst
10-04 11:16:36.485  1924  2397 I ActivityManager: Killing 3230:com.nothatcher.sproutbook/u0a116 (adj 0): stop com.nothatcher.sproutbook
10-04 11:16:36.511  1924  2397 I ActivityManager: Killing 2433:com.android.deskclock/u0a108 (adj 985): empty #17
10-04 11:16:36.603  1924  3308 W Binder  : Outgoing transactions from this process must be FLAG_ONEWAY
10-04 11:16:36.603  1924  3308 W Binder  : java.lang.Throwable
10-04 11:16:36.603  1924  3308 W Binder  : 	at android.os.BinderProxy.transact(BinderProxy.java:480)
10-04 11:16:36.603  1924  3308 W Binder  : 	at android.app.IInstrumentationWatcher$Stub$Proxy.instrumentationFinished(IInstrumentationWatcher.java:205)
10-04 11:16:36.603  1924  3308 W Binder  : 	at com.android.server.am.InstrumentationReporter$MyThread.run(InstrumentationReporter.java:86)
10-04 11:16:36.613  3184  3184 D AndroidRuntime: Shutting down VM
10-04 11:16:36.702  1687  1687 I Zygote  : Process 2433 exited due to signal 9 (Killed)
10-04 11:16:36.854  1687  1687 I Zygote  : Process 3230 exited due to signal 9 (Killed)
10-04 11:16:36.863  1924  1944 W ActivityManager: setHasOverlayUi called on unknown pid: 3230
10-04 11:16:36.874  1924  1952 I libprocessgroup: Successfully killed process cgroup uid 10116 pid 3230 in 379ms
10-04 11:16:36.875  1924  1952 I libprocessgroup: Successfully killed process cgroup uid 10108 pid 2433 in 0ms
10-04 11:16:36.982  1924  3308 I ActivityManager: Failure reporting to instrumentation watcher: comp=ComponentInfo{com.nothatcher.sproutbook.test/androidx.test.runner.AndroidJUnitRunner} results=Bundle[mParcelledData.dataSize=2968]
10-04 11:16:37.746  1924  2464 E TaskPersister: File error accessing recents directory (directory doesn't exist?).
10-04 11:16:40.888  1924  1924 V SettingsProvider: Notifying for 0: content://settings/system/accelerometer_rotation
10-04 11:16:41.080  1924  1924 V SettingsProvider: Notifying for 0: content://settings/system/user_rotation
10-04 11:16:43.615  1924  1949 E memtrack: Couldn't load memtrack module
10-04 11:16:43.615  1924  1949 W android.os.Debug: failed to get memory consumption info: -1
10-04 11:16:43.616  1924  1949 E memtrack: Couldn't load memtrack module
10-04 11:16:43.616  1924  1949 W android.os.Debug: failed to get memory consumption info: -1
10-04 11:16:43.617  1924  1949 E memtrack: Couldn't load memtrack module
10-04 11:16:43.617  1924  1949 W android.os.Debug: failed to get memory consumption info: -1
10-04 11:16:43.618  1924  1949 E memtrack: Couldn't load memtrack module
10-04 11:16:43.618  1924  1949 W android.os.Debug: failed to get memory consumption info: -1
10-04 11:16:43.618  1924  1949 E memtrack: Couldn't load memtrack module
10-04 11:16:43.627  1924  1949 W android.os.Debug: failed to get memory consumption info: -1
10-04 11:16:43.628  1924  1949 E memtrack: Couldn't load memtrack module
10-04 11:16:43.628  1924  1949 W android.os.Debug: failed to get memory consumption info: -1
10-04 11:16:43.630  1924  1949 E memtrack: Couldn't load memtrack module
10-04 11:16:43.630  1924  1949 W android.os.Debug: failed to get memory consumption info: -1
10-04 11:16:43.631  1924  1949 E memtrack: Couldn't load memtrack module
10-04 11:16:43.631  1924  1949 W android.os.Debug: failed to get memory consumption info: -1
10-04 11:16:43.632  1924  1949 E memtrack: Couldn't load memtrack module
10-04 11:16:43.632  1924  1949 W android.os.Debug: failed to get memory consumption info: -1
10-04 11:16:43.632  1924  1949 E memtrack: Couldn't load memtrack module
10-04 11:16:43.632  1924  1949 W android.os.Debug: failed to get memory consumption info: -1
10-04 11:16:43.633  1924  1949 E memtrack: Couldn't load memtrack module
10-04 11:16:43.633  1924  1949 W android.os.Debug: failed to get memory consumption info: -1
10-04 11:16:43.634  1924  1949 E memtrack: Couldn't load memtrack module
10-04 11:16:43.634  1924  1949 W android.os.Debug: failed to get memory consumption info: -1
10-04 11:16:43.634  1924  1949 E memtrack: Couldn't load memtrack module
10-04 11:16:43.634  1924  1949 W android.os.Debug: failed to get memory consumption info: -1
10-04 11:16:43.635  1924  1949 E memtrack: Couldn't load memtrack module
10-04 11:16:43.635  1924  1949 W android.os.Debug: failed to get memory consumption info: -1
10-04 11:16:43.650  1924  1949 E memtrack: Couldn't load memtrack module
10-04 11:16:43.650  1924  1949 W android.os.Debug: failed to get memory consumption info: -1
10-04 11:16:43.663  1924  1949 E memtrack: Couldn't load memtrack module
10-04 11:16:43.663  1924  1949 W android.os.Debug: failed to get memory consumption info: -1
10-04 11:16:43.664  1924  1949 E memtrack: Couldn't load memtrack module
10-04 11:16:43.664  1924  1949 W android.os.Debug: failed to get memory consumption info: -1
10-04 11:16:43.665  1924  1949 E memtrack: Couldn't load memtrack module
10-04 11:16:43.665  1924  1949 W android.os.Debug: failed to get memory consumption info: -1
10-04 11:16:43.666  1924  1949 E memtrack: Couldn't load memtrack module
10-04 11:16:43.666  1924  1949 W android.os.Debug: failed to get memory consumption info: -1
10-04 11:16:43.667  1924  1949 E memtrack: Couldn't load memtrack module
10-04 11:16:43.667  1924  1949 W android.os.Debug: failed to get memory consumption info: -1
10-04 11:16:43.668  1924  1949 E memtrack: Couldn't load memtrack module
10-04 11:16:43.668  1924  1949 W android.os.Debug: failed to get memory consumption info: -1
10-04 11:16:43.671  1924  1949 E memtrack: Couldn't load memtrack module
10-04 11:16:43.671  1924  1949 W android.os.Debug: failed to get memory consumption info: -1
10-04 11:16:43.672  1924  1949 E memtrack: Couldn't load memtrack module
10-04 11:16:43.672  1924  1949 W android.os.Debug: failed to get memory consumption info: -1
10-04 11:16:43.676  1924  1949 E memtrack: Couldn't load memtrack module
10-04 11:16:43.676  1924  1949 W android.os.Debug: failed to get memory consumption info: -1
10-04 11:16:43.676  1924  1949 E memtrack: Couldn't load memtrack module
10-04 11:16:43.676  1924  1949 W android.os.Debug: failed to get memory consumption info: -1
10-04 11:16:43.677  1924  1949 E memtrack: Couldn't load memtrack module
10-04 11:16:43.677  1924  1949 W android.os.Debug: failed to get memory consumption info: -1
10-04 11:16:43.678  1924  1949 E memtrack: Couldn't load memtrack module
10-04 11:16:43.678  1924  1949 W android.os.Debug: failed to get memory consumption info: -1
10-04 11:16:43.684  1924  1949 E memtrack: Couldn't load memtrack module
10-04 11:16:43.684  1924  1949 W android.os.Debug: failed to get memory consumption info: -1
10-04 11:16:43.685  1924  1949 E memtrack: Couldn't load memtrack module
10-04 11:16:43.685  1924  1949 W android.os.Debug: failed to get memory consumption info: -1
10-04 11:16:43.686  1924  1949 E memtrack: Couldn't load memtrack module
10-04 11:16:43.686  1924  1949 W android.os.Debug: failed to get memory consumption info: -1
10-04 11:16:43.687  1924  1949 E memtrack: Couldn't load memtrack module
10-04 11:16:43.687  1924  1949 W android.os.Debug: failed to get memory consumption info: -1
10-04 11:16:43.688  1924  1949 E memtrack: Couldn't load memtrack module
10-04 11:16:43.688  1924  1949 W android.os.Debug: failed to get memory consumption info: -1
10-04 11:16:43.692  1924  1949 E memtrack: Couldn't load memtrack module
10-04 11:16:43.693  1924  1949 W android.os.Debug: failed to get memory consumption info: -1
10-04 11:16:43.693  1924  1949 E memtrack: Couldn't load memtrack module
10-04 11:16:43.693  1924  1949 W android.os.Debug: failed to get memory consumption info: -1
10-04 11:16:43.694  1924  1949 E memtrack: Couldn't load memtrack module
10-04 11:16:43.694  1924  1949 W android.os.Debug: failed to get memory consumption info: -1
10-04 11:16:43.695  1924  1949 E memtrack: Couldn't load memtrack module
10-04 11:16:43.695  1924  1949 W android.os.Debug: failed to get memory consumption info: -1
10-04 11:16:43.695  1924  1949 E memtrack: Couldn't load memtrack module
10-04 11:16:43.695  1924  1949 W android.os.Debug: failed to get memory consumption info: -1
10-04 11:16:43.696  1924  1949 E memtrack: Couldn't load memtrack module
10-04 11:16:43.696  1924  1949 W android.os.Debug: failed to get memory consumption info: -1
10-04 11:16:43.698  1924  1949 E memtrack: Couldn't load memtrack module
10-04 11:16:43.698  1924  1949 W android.os.Debug: failed to get memory consumption info: -1
10-04 11:16:43.704  1924  1949 E memtrack: Couldn't load memtrack module
10-04 11:16:43.705  1924  1949 W android.os.Debug: failed to get memory consumption info: -1
10-04 11:16:43.705  1924  1949 E memtrack: Couldn't load memtrack module
10-04 11:16:43.705  1924  1949 W android.os.Debug: failed to get memory consumption info: -1
10-04 11:16:43.708  1924  1949 E memtrack: Couldn't load memtrack module
10-04 11:16:43.710  1924  1949 W android.os.Debug: failed to get memory consumption info: -1
10-04 11:16:43.711  1924  1949 E memtrack: Couldn't load memtrack module
10-04 11:16:43.711  1924  1949 W android.os.Debug: failed to get memory consumption info: -1
10-04 11:16:43.712  1924  1949 E memtrack: Couldn't load memtrack module
10-04 11:16:43.712  1924  1949 W android.os.Debug: failed to get memory consumption info: -1
10-04 11:16:43.713  1924  1949 E memtrack: Couldn't load memtrack module
10-04 11:16:43.713  1924  1949 W android.os.Debug: failed to get memory consumption info: -1
10-04 11:16:43.714  1924  1949 E memtrack: Couldn't load memtrack module
10-04 11:16:43.714  1924  1949 W android.os.Debug: failed to get memory consumption info: -1
10-04 11:16:43.714  1924  1949 E memtrack: Couldn't load memtrack module
10-04 11:16:43.714  1924  1949 W android.os.Debug: failed to get memory consumption info: -1
10-04 11:16:43.715  1924  1949 E memtrack: Couldn't load memtrack module
10-04 11:16:43.715  1924  1949 W android.os.Debug: failed to get memory consumption info: -1
10-04 11:16:43.717  1924  1949 E memtrack: Couldn't load memtrack module
10-04 11:16:43.717  1924  1949 W android.os.Debug: failed to get memory consumption info: -1
10-04 11:16:43.718  1924  1949 E memtrack: Couldn't load memtrack module
10-04 11:16:43.718  1924  1949 W android.os.Debug: failed to get memory consumption info: -1
10-04 11:16:43.728  1924  1949 E memtrack: Couldn't load memtrack module
10-04 11:16:43.728  1924  1949 W android.os.Debug: failed to get memory consumption info: -1
10-04 11:16:43.730  1924  1949 E memtrack: Couldn't load memtrack module
10-04 11:16:43.730  1924  1949 W android.os.Debug: failed to get memory consumption info: -1
10-04 11:16:43.731  1924  1949 E memtrack: Couldn't load memtrack module
10-04 11:16:43.731  1924  1949 W android.os.Debug: failed to get memory consumption info: -1
10-04 11:16:43.732  1924  1949 E memtrack: Couldn't load memtrack module
10-04 11:16:43.732  1924  1949 W android.os.Debug: failed to get memory consumption info: -1
10-04 11:16:43.733  1924  1949 E memtrack: Couldn't load memtrack module
10-04 11:16:43.733  1924  1949 W android.os.Debug: failed to get memory consumption info: -1
10-04 11:16:43.734  1924  1949 E memtrack: Couldn't load memtrack module
10-04 11:16:43.734  1924  1949 W android.os.Debug: failed to get memory consumption info: -1
10-04 11:16:43.736  1924  1949 E memtrack: Couldn't load memtrack module
10-04 11:16:43.737  1924  1949 W android.os.Debug: failed to get memory consumption info: -1
10-04 11:16:43.738  1924  1949 E memtrack: Couldn't load memtrack module
10-04 11:16:43.738  1924  1949 W android.os.Debug: failed to get memory consumption info: -1
10-04 11:16:43.750  1924  1949 E memtrack: Couldn't load memtrack module
10-04 11:16:43.750  1924  1949 W android.os.Debug: failed to get memory consumption info: -1
10-04 11:16:43.752  1924  1949 E memtrack: Couldn't load memtrack module
10-04 11:16:43.752  1924  1949 W android.os.Debug: failed to get memory consumption info: -1
10-04 11:16:43.752  1924  1949 E memtrack: Couldn't load memtrack module
10-04 11:16:43.753  1924  1949 W android.os.Debug: failed to get memory consumption info: -1
10-04 11:16:43.753  1924  1949 E memtrack: Couldn't load memtrack module
10-04 11:16:43.753  1924  1949 W android.os.Debug: failed to get memory consumption info: -1
10-04 11:16:43.755  1924  1949 E memtrack: Couldn't load memtrack module
10-04 11:16:43.755  1924  1949 W android.os.Debug: failed to get memory consumption info: -1
10-04 11:16:43.756  1924  1949 E memtrack: Couldn't load memtrack module
10-04 11:16:43.756  1924  1949 W android.os.Debug: failed to get memory consumption info: -1
10-04 11:16:43.767  1924  1949 E memtrack: Couldn't load memtrack module
10-04 11:16:43.767  1924  1949 W android.os.Debug: failed to get memory consumption info: -1
10-04 11:16:43.767  1924  1949 E memtrack: Couldn't load memtrack module
10-04 11:16:43.767  1924  1949 W android.os.Debug: failed to get memory consumption info: -1
10-04 11:16:43.768  1924  1949 E memtrack: Couldn't load memtrack module
10-04 11:16:43.768  1924  1949 W android.os.Debug: failed to get memory consumption info: -1
10-04 11:16:43.771  1924  1949 E memtrack: Couldn't load memtrack module
10-04 11:16:43.771  1924  1949 W android.os.Debug: failed to get memory consumption info: -1
10-04 11:16:43.772  1924  1949 E memtrack: Couldn't load memtrack module
10-04 11:16:43.772  1924  1949 W android.os.Debug: failed to get memory consumption info: -1
10-04 11:16:43.776  1924  1949 E memtrack: Couldn't load memtrack module
10-04 11:16:43.776  1924  1949 W android.os.Debug: failed to get memory consumption info: -1
10-04 11:16:43.776  1924  1949 E memtrack: Couldn't load memtrack module
10-04 11:16:43.776  1924  1949 W android.os.Debug: failed to get memory consumption info: -1
10-04 11:16:43.777  1924  1949 E memtrack: Couldn't load memtrack module
10-04 11:16:43.777  1924  1949 W android.os.Debug: failed to get memory consumption info: -1
10-04 11:16:43.777  1924  1949 E memtrack: Couldn't load memtrack module
10-04 11:16:43.778  1924  1949 W android.os.Debug: failed to get memory consumption info: -1
10-04 11:16:43.784  1924  1949 E memtrack: Couldn't load memtrack module
10-04 11:16:43.784  1924  1949 W android.os.Debug: failed to get memory consumption info: -1
10-04 11:16:43.795  1924  1949 E memtrack: Couldn't load memtrack module
10-04 11:16:43.795  1924  1949 W android.os.Debug: failed to get memory consumption info: -1
10-04 11:16:43.796  1924  1949 E memtrack: Couldn't load memtrack module
10-04 11:16:43.796  1924  1949 W android.os.Debug: failed to get memory consumption info: -1
10-04 11:16:43.826  1924  1949 E memtrack: Couldn't load memtrack module
10-04 11:16:43.826  1924  1949 W android.os.Debug: failed to get memory consumption info: -1
10-04 11:16:43.835  1924  1949 E memtrack: Couldn't load memtrack module
10-04 11:16:43.835  1924  1949 W android.os.Debug: failed to get memory consumption info: -1
10-04 11:16:43.851  1924  1949 E memtrack: Couldn't load memtrack module
10-04 11:16:43.851  1924  1949 W android.os.Debug: failed to get memory consumption info: -1
10-04 11:16:43.866  1924  1949 E memtrack: Couldn't load memtrack module
10-04 11:16:43.866  1924  1949 W android.os.Debug: failed to get memory consumption info: -1
10-04 11:16:43.876  1924  1949 E memtrack: Couldn't load memtrack module
10-04 11:16:43.876  1924  1949 W android.os.Debug: failed to get memory consumption info: -1
10-04 11:16:43.887  1924  1949 E memtrack: Couldn't load memtrack module
10-04 11:16:43.887  1924  1949 W android.os.Debug: failed to get memory consumption info: -1
10-04 11:16:43.897  1924  1949 E memtrack: Couldn't load memtrack module
10-04 11:16:43.897  1924  1949 W android.os.Debug: failed to get memory consumption info: -1
10-04 11:16:43.911  1924  1949 E memtrack: Couldn't load memtrack module
10-04 11:16:43.911  1924  1949 W android.os.Debug: failed to get memory consumption info: -1
10-04 11:16:43.925  1924  1949 E memtrack: Couldn't load memtrack module
10-04 11:16:43.925  1924  1949 W android.os.Debug: failed to get memory consumption info: -1
10-04 11:16:43.933  1924  1949 E memtrack: Couldn't load memtrack module
10-04 11:16:43.933  1924  1949 W android.os.Debug: failed to get memory consumption info: -1
10-04 11:16:43.946  1924  1949 E memtrack: Couldn't load memtrack module
10-04 11:16:43.947  1924  1949 W android.os.Debug: failed to get memory consumption info: -1
10-04 11:16:43.954  1924  1949 E memtrack: Couldn't load memtrack module
10-04 11:16:43.955  1924  1949 W android.os.Debug: failed to get memory consumption info: -1
10-04 11:16:43.969  1924  1949 E memtrack: Couldn't load memtrack module
10-04 11:16:43.969  1924  1949 W android.os.Debug: failed to get memory consumption info: -1
10-04 11:16:43.982  1924  1949 E memtrack: Couldn't load memtrack module
10-04 11:16:43.983  1924  1949 W android.os.Debug: failed to get memory consumption info: -1
10-04 11:16:43.992  1924  1949 E memtrack: Couldn't load memtrack module
10-04 11:16:43.992  1924  1949 W android.os.Debug: failed to get memory consumption info: -1
10-04 11:16:44.004  1924  1949 E memtrack: Couldn't load memtrack module
10-04 11:16:44.005  1924  1949 W android.os.Debug: failed to get memory consumption info: -1
10-04 11:16:44.027  1924  1949 E memtrack: Couldn't load memtrack module
10-04 11:16:44.027  1924  1949 W android.os.Debug: failed to get memory consumption info: -1
10-04 11:16:44.036  1924  1949 E memtrack: Couldn't load memtrack module
10-04 11:16:44.036  1924  1949 W android.os.Debug: failed to get memory consumption info: -1
10-04 11:16:44.053  1924  1949 E memtrack: Couldn't load memtrack module
10-04 11:16:44.054  1924  1949 W android.os.Debug: failed to get memory consumption info: -1
10-04 11:16:44.067  1924  1949 E memtrack: Couldn't load memtrack module
10-04 11:16:44.067  1924  1949 W android.os.Debug: failed to get memory consumption info: -1
10-04 11:16:44.076  1924  1949 E memtrack: Couldn't load memtrack module
10-04 11:16:44.077  1924  1949 W android.os.Debug: failed to get memory consumption info: -1
10-04 11:16:44.089  1924  1949 E memtrack: Couldn't load memtrack module
10-04 11:16:44.089  1924  1949 W android.os.Debug: failed to get memory consumption info: -1
10-04 11:16:44.110  1924  1949 E memtrack: Couldn't load memtrack module
10-04 11:16:44.110  1924  1949 W android.os.Debug: failed to get memory consumption info: -1
10-04 11:16:44.126  1924  1949 E memtrack: Couldn't load memtrack module
10-04 11:16:44.126  1924  1949 W android.os.Debug: failed to get memory consumption info: -1
10-04 11:16:44.137  1924  1949 E memtrack: Couldn't load memtrack module
10-04 11:16:44.137  1924  1949 W android.os.Debug: failed to get memory consumption info: -1
10-04 11:16:44.166  1924  1949 E memtrack: Couldn't load memtrack module
10-04 11:16:44.166  1924  1949 W android.os.Debug: failed to get memory consumption info: -1
10-04 11:17:00.098  3158  3158 D KeyguardClockSwitch: Updating clock: 1117
10-04 11:17:01.411  3313  3313 D AndroidRuntime: >>>>>> START com.android.internal.os.RuntimeInit uid 2000 <<<<<<
10-04 11:17:01.476  3313  3313 E libc    : Access denied finding property "persist.device_config.runtime_native_boot.enable_apex_image"
10-04 11:17:01.477  3313  3313 I AndroidRuntime: Using default boot image
10-04 11:17:01.492  3313  3313 E libc    : Access denied finding property "persist.device_config.runtime_native_boot.disable_lock_profiling"
10-04 11:17:01.493  3313  3313 I AndroidRuntime: Leaving lock profiling enabled
10-04 11:17:01.496  3313  3313 E libc    : Access denied finding property "persist.device_config.runtime_native_boot.enable_generational_cc"
10-04 11:17:01.441  3313  3313 W app_process: type=1400 audit(0.0:34): avc: denied { read } for name="u:object_r:device_config_runtime_native_boot_prop:s0" dev="tmpfs" ino=6676 scontext=u:r:shell:s0 tcontext=u:object_r:device_config_runtime_native_boot_prop:s0 tclass=file permissive=0
10-04 11:17:01.461  3313  3313 I chatty  : uid=2000(shell) app_process identical 1 line
10-04 11:17:01.481  3313  3313 W app_process: type=1400 audit(0.0:36): avc: denied { read } for name="u:object_r:device_config_runtime_native_boot_prop:s0" dev="tmpfs" ino=6676 scontext=u:r:shell:s0 tcontext=u:object_r:device_config_runtime_native_boot_prop:s0 tclass=file permissive=0
10-04 11:17:01.733  3313  3313 I app_process: Core platform API reporting enabled, enforcing=false
10-04 11:17:03.070  1806  1806 W livelock: sample 1.670s
10-04 11:17:03.398  3313  3313 D ICU     : Time zone APEX file found: /apex/com.android.tzdata/etc/icu/icu_tzdata.dat
10-04 11:17:03.572  3313  3313 W app_process: Unexpected CPU variant for X86 using defaults: x86_64
10-04 11:17:03.632  3313  3313 I app_process: The ClassLoaderContext is a special shared library.
10-04 11:17:03.646  3313  3313 I app_process: The ClassLoaderContext is a special shared library.
10-04 11:17:04.195  3313  3313 W app_process: JNI RegisterNativeMethods: attempt to register 0 native methods for android.media.AudioAttributes
10-04 11:17:04.584  3313  3313 D AndroidRuntime: Calling main entry com.android.commands.uiautomator.Launcher
10-04 11:17:05.069  1924  1924 V SettingsProvider: Notifying for 0: content://settings/secure/accessibility_enabled
10-04 11:17:06.181  1924  1939 W WindowManager: removeWindowToken: Attempted to remove non-existing token: android.os.Binder@3ac81e7
10-04 11:17:06.200  1924  1924 V SettingsProvider: Notifying for 0: content://settings/secure/accessibility_enabled
10-04 11:17:06.426  3313  3313 D AndroidRuntime: Shutting down VM
